source,classification,repository_path,reason,bytes,source_sha256
/workspace/scratch/afcda1e6eea5/StoreScout/OUTREACH_PROSPECTS.md,include in repository,OUTREACH_PROSPECTS.md,"Pre-existing tracked reference, unchanged. New sanitized restoration and current prospect artifacts link to it only as historical context.",15608,ba7de9617df1089ba2ebad8b511abaad8b07aedf27067c2c8ebee26c9c3495e1
/workspace/scratch/afcda1e6eea5/StoreScout/docs/DEPENDENCIES.md,include in repository,docs/DEPENDENCIES.md,"Pre-existing tracked reference, unchanged. New sanitized restoration and current prospect artifacts link to it only as historical context.",2664,d5fe6445e91a9910163c87ff4a4dce5c4a19709a952a36159cafa469bb06d502
/workspace/scratch/afcda1e6eea5/StoreScout/docs/DIAGNOSIS_WORKER_RUNS.md,include in repository,docs/DIAGNOSIS_WORKER_RUNS.md,"Pre-existing tracked reference, unchanged. New sanitized restoration and current prospect artifacts link to it only as historical context.",6018,2730c8e75559064953aea195c71f2ece5f632746bb7134bdfce92799ebfdf6fa
/workspace/scratch/afcda1e6eea5/StoreScout/docs/OBSERVABILITY.md,include in repository,docs/OBSERVABILITY.md,"Pre-existing tracked reference, unchanged. New sanitized restoration and current prospect artifacts link to it only as historical context.",3290,76eb867f557355c4ed0d1b38e1ade64764740d5eee72bc108a409090c46b03b5
/workspace/scratch/afcda1e6eea5/StoreScout/docs/RUNBOOK.md,include in repository,docs/RUNBOOK.md,"Pre-existing tracked reference, unchanged. New sanitized restoration and current prospect artifacts link to it only as historical context.",5544,33e658c6e9d4cbb224a177fef5b112eb1ff8cf920f34c046b94bd36c3732993a
/workspace/scratch/afcda1e6eea5/StoreScout/docs/quality-audit/README.md,include in repository,docs/quality-audit/README.md,"Existing audit documentation/evidence; retained. Historical null/blocker manifests remain historical, not current status.",2932,16a7f1273f62b9e90f5edc6480f1e1adf5cfc0c8f52fdf84e8c579838e28e781
/workspace/scratch/afcda1e6eea5/StoreScout/docs/quality-audit/discovery-synthetic/README.md,include in repository,docs/quality-audit/discovery-synthetic/README.md,Generated navigation/extract/provenance file; source content retained or explicitly sanitized.,366,5cba0592b9f1284dfb91f22607e06abb1673da85b9ea97469b8682540f8cf2ef
/workspace/scratch/afcda1e6eea5/StoreScout/docs/quality-audit/feature-route-inventory.json,include in repository,docs/quality-audit/feature-route-inventory.json,"Existing audit documentation/evidence; retained. Historical null/blocker manifests remain historical, not current status.",47804,9b7b80a6da183ade50d975667c3905872765cda20811ab276fa24faa093cd4b2
/workspace/scratch/afcda1e6eea5/StoreScout/docs/quality-audit/index-health-readonly.sql,include in repository,docs/quality-audit/index-health-readonly.sql,"Existing audit documentation/evidence; retained. Historical null/blocker manifests remain historical, not current status.",2160,a5033ff66cc2ca2db5997b9a7b89e2c65aa365cb337adb3e71fad05177d880a8
/workspace/scratch/afcda1e6eea5/StoreScout/docs/quality-audit/product/CORE-PRODUCT-LOGIC.md,include in repository,docs/quality-audit/product/CORE-PRODUCT-LOGIC.md,Generated navigation/extract/provenance file; source content retained or explicitly sanitized.,24835,b2adda29f2f6d395987fd32bc6f0e220e0d6b0524bd5b468d524fc7216f8a4ea
/workspace/scratch/afcda1e6eea5/StoreScout/docs/quality-audit/product/FULL-FEATURE-AND-ACTIONABILITY-AUDIT.md,include in repository,docs/quality-audit/product/FULL-FEATURE-AND-ACTIONABILITY-AUDIT.md,Generated navigation/extract/provenance file; source content retained or explicitly sanitized.,31644,0adb3f8024b9f17a2864a109ed15e4d4b83cbc3f81326d2f82dd02d78384a30a
/workspace/scratch/afcda1e6eea5/StoreScout/docs/quality-audit/product/PLAYBOOK-INTELLIGENCE-AND-ACTIONABILITY.md,include in repository,docs/quality-audit/product/PLAYBOOK-INTELLIGENCE-AND-ACTIONABILITY.md,Generated navigation/extract/provenance file; source content retained or explicitly sanitized.,7334,30cb8e841989e087020d64a3c16b8ec071fba769e28765c64779ad0cee7b9d7a
/workspace/scratch/afcda1e6eea5/StoreScout/docs/quality-audit/prospects/PROSPECT-RESEARCH-AND-OUTREACH-DRAFTS.md,include in repository,docs/quality-audit/prospects/PROSPECT-RESEARCH-AND-OUTREACH-DRAFTS.md,Generated navigation/extract/provenance file; source content retained or explicitly sanitized.,39718,23c889cae9bba40cca8c7ba0e9140791e6dfc8156c69371ddd6491694bdcb8ec
/workspace/scratch/afcda1e6eea5/StoreScout/docs/quality-audit/real-world/EVALUATION-PROTOCOL.md,include in repository,docs/quality-audit/real-world/EVALUATION-PROTOCOL.md,Generated navigation/extract/provenance file; source content retained or explicitly sanitized.,1995,8e1f1c996228ff51ec11d8be08f9c42134ba3facdbf48aabc876bc1c46e3cf3f
/workspace/scratch/afcda1e6eea5/StoreScout/docs/quality-audit/real-world/IMPLEMENTATION-SPECS.md,include in repository,docs/quality-audit/real-world/IMPLEMENTATION-SPECS.md,"Existing audit documentation/evidence; retained. Historical null/blocker manifests remain historical, not current status.",35189,a436e59ff2a525b3c85a89df1dd290ede5b12d58cf8aff199a5fd7ee759e5ed3
/workspace/scratch/afcda1e6eea5/StoreScout/docs/quality-audit/real-world/MEASURED-RESUME.md,include in repository,docs/quality-audit/real-world/MEASURED-RESUME.md,"Existing audit documentation/evidence; retained. Historical null/blocker manifests remain historical, not current status.",3413,6da7745417ca0841b2b73682353508b7c743c2d8413ec81115de0ec30718b8bf
/workspace/scratch/afcda1e6eea5/StoreScout/docs/quality-audit/real-world/baseline-manifest.json,include in repository,docs/quality-audit/real-world/baseline-manifest.json,"Existing audit documentation/evidence; retained. Historical null/blocker manifests remain historical, not current status.",1643,41c68c29da39e773ced14bcc4f4b2cf7855c7c706d0e4f94716c101829efe85a
/workspace/scratch/afcda1e6eea5/StoreScout/docs/quality-audit/real-world/evidence/ARCHIVE-MEMBER-SHA256.json,include in repository,docs/quality-audit/real-world/evidence/ARCHIVE-MEMBER-SHA256.json,Generated navigation/extract/provenance file; source content retained or explicitly sanitized.,3318,1d6f3be55a0f54645fd85aa3ab1ee3bc3d562664459c32f4488f3f7c6c811f5b
/workspace/scratch/afcda1e6eea5/StoreScout/docs/quality-audit/real-world/feature-audit-coverage.json,include in repository,docs/quality-audit/real-world/feature-audit-coverage.json,"Existing audit documentation/evidence; retained. Historical null/blocker manifests remain historical, not current status.",2780,c14d15148b40bb8b5ed0c82012284513a689311d86bb7bad73dcd73f5d78ee81
/workspace/scratch/afcda1e6eea5/StoreScout/docs/quality-audit/real-world/index-export-readonly.sql,include in repository,docs/quality-audit/real-world/index-export-readonly.sql,"Existing audit documentation/evidence; retained. Historical null/blocker manifests remain historical, not current status.",2298,2f239748da31bb17b1a10ccecfbb6097317863bf69118e6d16718ed3380bbe7c
/workspace/scratch/afcda1e6eea5/StoreScout/docs/quality-audit/real-world/reference-panel.json,include in repository,docs/quality-audit/real-world/reference-panel.json,"Existing audit documentation/evidence; retained. Historical null/blocker manifests remain historical, not current status.",48761,56f9c0a10beef5e2f0d8f588c6a480f489ff1f68c05c1f0b36cfcac98e2f1e2a
/workspace/scratch/afcda1e6eea5/StoreScout/docs/quality-audit/restoration/RESTORATION-STATUS.md,include in repository,docs/quality-audit/restoration/RESTORATION-STATUS.md,Generated navigation/extract/provenance file; source content retained or explicitly sanitized.,3735,3b7225e9dcc5950ba36d25332eede34cdbaa038a111adac2d89a1a9cebff7d6a
/workspace/scratch/afcda1e6eea5/StoreScout/docs/quality-audit/source-audit/CORE-QUALITY-CHECKPOINT.md,include in repository,docs/quality-audit/source-audit/CORE-QUALITY-CHECKPOINT.md,Generated navigation/extract/provenance file; source content retained or explicitly sanitized.,2932,16a7f1273f62b9e90f5edc6480f1e1adf5cfc0c8f52fdf84e8c579838e28e781
/workspace/scratch/afcda1e6eea5/StoreScout/tests/evaluations/actual_catalog_playbook.json,include in repository,docs/quality-audit/product/evidence/actual_catalog_playbook.json,Byte-identical documentation mirror of existing test evidence. Original tests/evaluations source retained and unmodified.,4030,ca5d91b02038a20de66870e9275138b03486aa3f1fc01231a6545175a2004aad
/workspace/scratch/afcda1e6eea5/StoreScout/tests/evaluations/discovery_after.json,include in repository,docs/quality-audit/discovery-synthetic/discovery_after.json,Byte-identical documentation mirror of existing test evidence. Original tests/evaluations source retained and unmodified.,2220,7b9a79fcc138d0d14cea61587951d695ef71452c00293d83980f84dfba6c05eb
/workspace/scratch/afcda1e6eea5/StoreScout/tests/evaluations/discovery_baseline.json,include in repository,docs/quality-audit/discovery-synthetic/discovery_baseline.json,Byte-identical documentation mirror of existing test evidence. Original tests/evaluations source retained and unmodified.,2705,7ad8a9a9cf108368c8cbb44d6d73aea104ef95623240382d3c226dbb1f76d15f
/workspace/scratch/afcda1e6eea5/StoreScout/tests/evaluations/discovery_cases.py,include in repository,docs/quality-audit/discovery-synthetic/discovery_cases.py,Byte-identical documentation mirror of existing test evidence. Original tests/evaluations source retained and unmodified.,5663,57c9e3544977de2d10ee873528af13d3ef680a309e0e8379fe6807ec4e167ed8
/workspace/scratch/afcda1e6eea5/StoreScout/tests/evaluations/discovery_wording_holdout.json,include in repository,docs/quality-audit/discovery-synthetic/discovery_wording_holdout.json,Byte-identical documentation mirror of existing test evidence. Original tests/evaluations source retained and unmodified.,2113,5e9c7c4795162b7bcb072b949fae405dd1de3bf2c31d0fd7ec1b22e6cffa0d93
/workspace/scratch/afcda1e6eea5/storescout_sample.json,include in repository,docs/quality-audit/product/evidence/allbirds-public-catalog-sample.json,Dated public 10-product partial sample used by the existing Playbook evidence; not customer data.,45318,caf02e084418e30f694c2967329929939baa398f84f16d47d004d62c61ac9874
/workspace/scratch/d427a25ef2a1/deliverables/StoreScout-Codex-Discovery-Priorities.md,include in repository,docs/quality-audit/real-world/StoreScout-Codex-Discovery-Priorities.md,Current non-sensitive artifact; copied without content changes.,16048,fca8e0d69e9e68867c8f7bb01ebf896abaa635c34e67a111f133905efe02261c
/workspace/scratch/d427a25ef2a1/deliverables/StoreScout-Discovery-Evidence.zip,include in repository,docs/quality-audit/real-world/StoreScout-Discovery-Evidence.zip,Current non-sensitive artifact; copied without content changes.,2045805,e281e2e73d4bc3634515e58e1994845d9ce66348f8f1d19af56b18b0a08051b3
/workspace/scratch/d427a25ef2a1/deliverables/StoreScout-Real-Index-and-Discovery-Results.md,include in repository,docs/quality-audit/real-world/StoreScout-Real-Index-and-Discovery-Results.md,Current non-sensitive artifact; copied without content changes.,56664,907734882570ed63bc339b65a4a65185e7bae33a18905eb7255944e6be0cbb1c
/workspace/scratch/d427a25ef2a1/evidence/README.md,include in repository,docs/quality-audit/real-world/evidence/README.md,Unpacked archive evidence; raw page bodies excluded. Portability-only edits to replay paths/README are listed in handoff manifest.,4860,3fda780904a91a809d044ed235efe4f534ea82ec51723255b47e81ffc17fc809
/workspace/scratch/d427a25ef2a1/evidence/analyze_census.py,include in repository,docs/quality-audit/real-world/evidence/analyze_census.py,Unpacked archive evidence; raw page bodies excluded. Portability-only edits to replay paths/README are listed in handoff manifest.,2796,840fff1f569f7b148cdc46fb63eb3a2f5802e8f307e6363efe2d4e50882f78bd
/workspace/scratch/d427a25ef2a1/evidence/benchmark-metrics.json,include in repository,docs/quality-audit/real-world/evidence/benchmark-metrics.json,Unpacked archive evidence; raw page bodies excluded. Portability-only edits to replay paths/README are listed in handoff manifest.,316257,ac784d993bcdfe488470b70fa52cfbd46b0f04efced64184b84d7212216d747d
/workspace/scratch/d427a25ef2a1/evidence/case-metrics.csv,include in repository,docs/quality-audit/real-world/evidence/case-metrics.csv,Unpacked archive evidence; raw page bodies excluded. Portability-only edits to replay paths/README are listed in handoff manifest.,4735,a94777cbe400ef9b1e962eb888ac9d1111c3638f8a0b01cfc193c0f64619029c
/workspace/scratch/d427a25ef2a1/evidence/census-analysis.json,include in repository,docs/quality-audit/real-world/evidence/census-analysis.json,Unpacked archive evidence; raw page bodies excluded. Portability-only edits to replay paths/README are listed in handoff manifest.,22461,f0df2371681e29947255b4c3165976ac11692113f2b6ce0241b840d164294ab7
/workspace/scratch/d427a25ef2a1/evidence/census-initial.json,include in repository,docs/quality-audit/real-world/evidence/census-initial.json,Unpacked archive evidence; raw page bodies excluded. Portability-only edits to replay paths/README are listed in handoff manifest.,11079,284c819cafe89f2654e11c74919064be86a38dcd64a04d4b0157a774cab29040
/workspace/scratch/d427a25ef2a1/evidence/classification-review.json,include in repository,docs/quality-audit/real-world/evidence/classification-review.json,Unpacked archive evidence; raw page bodies excluded. Portability-only edits to replay paths/README are listed in handoff manifest.,28445,02f7e2fba3adb165a90bd543e12ab91609dfa31bcb5074c720b8b4182e41db33
/workspace/scratch/d427a25ef2a1/evidence/classification_review.py,include in repository,docs/quality-audit/real-world/evidence/classification_review.py,Unpacked archive evidence; raw page bodies excluded. Portability-only edits to replay paths/README are listed in handoff manifest.,2765,3f6c89509b9cd5b0c759aeec72e179ce2ad5c87883202da75e4f6f2569dd454c
/workspace/scratch/d427a25ef2a1/evidence/export-end.json,include in repository,docs/quality-audit/real-world/evidence/export-end.json,Unpacked archive evidence; raw page bodies excluded. Portability-only edits to replay paths/README are listed in handoff manifest.,171,855b07824abf742aba5ecaf4a57452a570f3929fedfad70fb17373013afb9035
/workspace/scratch/d427a25ef2a1/evidence/export-projection.txt,include in repository,docs/quality-audit/real-world/evidence/export-projection.txt,Unpacked archive evidence; raw page bodies excluded. Portability-only edits to replay paths/README are listed in handoff manifest.,1386,35b064616221de11b0e23d9f210340573722ff46595d0a1a64bdde1c90edecc9
/workspace/scratch/d427a25ef2a1/evidence/health-sample.json,include in repository,docs/quality-audit/real-world/evidence/health-sample.json,Unpacked archive evidence; raw page bodies excluded. Portability-only edits to replay paths/README are listed in handoff manifest.,53415,0f2ae0a90eefc70d70223f65b81564e6ed894933e87faa6b62e601e3bb6a1e8d
/workspace/scratch/d427a25ef2a1/evidence/index-snapshot.json,include in repository,docs/quality-audit/real-world/evidence/index-snapshot.json,Unpacked archive evidence; raw page bodies excluded. Portability-only edits to replay paths/README are listed in handoff manifest.,14250183,661b34722ab431c63b3f458660cc154a1e0352e9585fee2b994c1a311476f136
/workspace/scratch/d427a25ef2a1/evidence/label_results.py,include in repository,docs/quality-audit/real-world/evidence/label_results.py,Unpacked archive evidence; raw page bodies excluded. Portability-only edits to replay paths/README are listed in handoff manifest.,12136,c04a48711eb96d80b2bd164a9bf1ed1f08f8bd2a93480481384d6952a8a3faff
/workspace/scratch/d427a25ef2a1/evidence/measure.py,include in repository,docs/quality-audit/real-world/evidence/measure.py,Unpacked archive evidence; raw page bodies excluded. Portability-only edits to replay paths/README are listed in handoff manifest.,3486,f2a3631b53bec79eabe6325ee0b12c338b809457aaf8a433e2ceb322fc58be19
/workspace/scratch/d427a25ef2a1/evidence/measured-manifest.json,include in repository,docs/quality-audit/real-world/evidence/measured-manifest.json,Unpacked archive evidence; raw page bodies excluded. Portability-only edits to replay paths/README are listed in handoff manifest.,1720,46deda637939d3df3d3f6880ded7bfe55c2d2a29cfa6f91f7dfa8a9d0e546aab
/workspace/scratch/d427a25ef2a1/evidence/prepare_replay.py,include in repository,docs/quality-audit/real-world/evidence/prepare_replay.py,Unpacked archive evidence; raw page bodies excluded. Portability-only edits to replay paths/README are listed in handoff manifest.,1145,9a51cc63d1682388e1d6674a838ffdbb96da5f4f464da3972f0df6533e0d7f8b
/workspace/scratch/d427a25ef2a1/evidence/public-evidence-compact.json,include in repository,docs/quality-audit/real-world/evidence/public-evidence-compact.json,Unpacked archive evidence; raw page bodies excluded. Portability-only edits to replay paths/README are listed in handoff manifest.,1537610,9f9b2155ddb07e4780079367447d112fcd02c57e728e2c6b2efdd75456bb50b1
/workspace/scratch/d427a25ef2a1/evidence/public-health-summary.json,include in repository,docs/quality-audit/real-world/evidence/public-health-summary.json,Unpacked archive evidence; raw page bodies excluded. Portability-only edits to replay paths/README are listed in handoff manifest.,20146,ebe289e8a27c3f2d4cc08fb79786fa5828d4db7c0eb413bc34a57d93c3048d1c
/workspace/scratch/d427a25ef2a1/evidence/public_checks.py,include in repository,docs/quality-audit/real-world/evidence/public_checks.py,Unpacked archive evidence; raw page bodies excluded. Portability-only edits to replay paths/README are listed in handoff manifest.,7707,c6ef7f865914c4f62d7b112386d2ea0e92f18dfc7480e3b54003b91eaa7aec3a
/workspace/scratch/d427a25ef2a1/evidence/public_checks_supplemental.py,include in repository,docs/quality-audit/real-world/evidence/public_checks_supplemental.py,Unpacked archive evidence; raw page bodies excluded. Portability-only edits to replay paths/README are listed in handoff manifest.,7892,e824677dc7c6e87c83dac06d825312a5d2bae93a941705eb94c6204e5a003cc2
/workspace/scratch/d427a25ef2a1/evidence/relevance-labels.json,include in repository,docs/quality-audit/real-world/evidence/relevance-labels.json,Unpacked archive evidence; raw page bodies excluded. Portability-only edits to replay paths/README are listed in handoff manifest.,207192,b18916a086e91296b5d7f43906a9fd1b1b3c98dc046fece959ca7b398ddd299b
/workspace/scratch/d427a25ef2a1/evidence/replay-plan.json,include in repository,docs/quality-audit/real-world/evidence/replay-plan.json,Unpacked archive evidence; raw page bodies excluded. Portability-only edits to replay paths/README are listed in handoff manifest.,43480,50ad27f7262d29208a0d3d047a95ea08e77e4a17c4c822acd8bfb0313603a295
/workspace/scratch/d427a25ef2a1/evidence/replay-results.json,include in repository,docs/quality-audit/real-world/evidence/replay-results.json,Unpacked archive evidence; raw page bodies excluded. Portability-only edits to replay paths/README are listed in handoff manifest.,1448686,710e2fc9403db9bcc58a714bb0a21805180d74b34b9ede6048e40ed5cebb899e
/workspace/scratch/d427a25ef2a1/evidence/replay.py,include in repository,docs/quality-audit/real-world/evidence/replay.py,Unpacked archive evidence; raw page bodies excluded. Portability-only edits to replay paths/README are listed in handoff manifest.,7170,b497c966076e94145cb61699a47c81c1bb1a9edf06dcfc499d6e906823fda006
/workspace/scratch/d427a25ef2a1/evidence/retrieval-postgres.json,include in repository,docs/quality-audit/real-world/evidence/retrieval-postgres.json,Unpacked archive evidence; raw page bodies excluded. Portability-only edits to replay paths/README are listed in handoff manifest.,25444,767b09c9ff9796398bdfa30fccb23b1410ce658d55c4826f7dfa493b5bc16904
/workspace/scratch/d427a25ef2a1/evidence/retrieval-readonly.sql,include in repository,docs/quality-audit/real-world/evidence/retrieval-readonly.sql,Unpacked archive evidence; raw page bodies excluded. Portability-only edits to replay paths/README are listed in handoff manifest.,54047,540669d7d808141602f626625dfa19c2de06029622b1b40243392f998dd34880
/workspace/scratch/d427a25ef2a1/evidence/summarize_health.py,include in repository,docs/quality-audit/real-world/evidence/summarize_health.py,Unpacked archive evidence; raw page bodies excluded. Portability-only edits to replay paths/README are listed in handoff manifest.,4443,274694522b73dca9e186951eea3974ef938c1e54eecdb0f124feead25fbd4dc4
/workspace/scratch/d427a25ef2a1/resume/Nexus/StoreScout-Public-Catalog-Sample.md,include in repository,docs/quality-audit/product/StoreScout-Public-Catalog-Sample.md,Current non-sensitive artifact; copied without content changes.,6917,96a1568782d2998650ce77ebd0d7ea8583c67642b53a92c7f9ac42d4b6ca4b07
/workspace/scratch/d427a25ef2a1/resume/StoreScout-Discovery-Real-World-Benchmark.md,include in repository,docs/quality-audit/real-world/StoreScout-Discovery-Real-World-Benchmark.md,"Current saved reference/protocol report, including measured continuation; earlier blocked text is historical.",23537,4d7278ad508d026a81b4066b2933ac6e7b546b7898c34a48269f3c0b60ddd13d
/workspace/scratch/ecb90441df09/audit-work/portable-reproduction-results.json,include in repository,docs/quality-audit/source-audit/reproduction-results.json,"Original initial-audit offline results, before local repairs. No rerun performed.",1526,1ccdca2db1acfa743854715463813f1eac718ba24bff2f736f6b70387dc83cec
/workspace/scratch/ecb90441df09/outputs/StoreScout-Audit-Reproductions.py,include in repository,docs/quality-audit/source-audit/StoreScout-Audit-Reproductions.py,Current non-sensitive artifact; copied without content changes.,6428,a2821317fb849ebd4e84ad1fab90105900d73a2e1d247981a36646e1ec426d9b
/workspace/scratch/ecb90441df09/outputs/StoreScout-First-Sales-Kit.md,include in repository,docs/quality-audit/prospects/StoreScout-First-Sales-Kit.md,Current non-sensitive artifact; copied without content changes.,30121,8079a7ce65a55594086b30610d8c5a335deb7936e279fcff004a165f91e43e60
/workspace/scratch/ecb90441df09/outputs/StoreScout-Readiness-Review.md,include in repository,docs/quality-audit/source-audit/StoreScout-Readiness-Review.md,Current non-sensitive artifact; copied without content changes.,21495,528c5b8e4c12ab0ead9da7f3031775c07ca5e8973185dd78453a184fa1bdec7a
/workspace/scratch/afcda1e6eea5/StoreScout-Discovery-Real-World-Benchmark.md,obsolete/duplicate,,Older report or preparation generator; frozen panel/protocol and current report take precedence. Do not regenerate ground truth.,20124,d5ae036e47cff7d488e7be804fa9495e1cc93bc8680e74ae4270441e90bc7b16
/workspace/scratch/afcda1e6eea5/StoreScout-Public-Catalog-Sample.md,obsolete/duplicate,,Older report or preparation generator; frozen panel/protocol and current report take precedence. Do not regenerate ground truth.,6917,96a1568782d2998650ce77ebd0d7ea8583c67642b53a92c7f9ac42d4b6ca4b07
/workspace/scratch/afcda1e6eea5/build_discovery_reference.py,obsolete/duplicate,,Older report or preparation generator; frozen panel/protocol and current report take precedence. Do not regenerate ground truth.,14412,7c56186071708ff0ec69d725e64016c869e84e45ea8847d1be61c9f57d4f7655
/workspace/scratch/afcda1e6eea5/write_discovery_report.py,obsolete/duplicate,,Older report or preparation generator; frozen panel/protocol and current report take precedence. Do not regenerate ground truth.,17098,e7a72d7da4431110a51656fec1ac622c884c4b409f2c7639372b5fe486492e3a
/workspace/scratch/d427a25ef2a1/evidence/SHA256SUMS.json,obsolete/duplicate,,Original archive retains this copy; canonical reference-panel/baseline are already in real-world/. Archive integrity list preserved separately.,3220,0760719b457e25b82f5d5cc7117de2363b73b94f372167dc7b4b1cff7c4f7485
/workspace/scratch/d427a25ef2a1/evidence/census-summary.txt,obsolete/duplicate,,Paginated chunk or console rendering duplicated by reconciled snapshot/structured summary.,22462,fd9ac5407c22f838fd4bc53fe0c5a74a62f02604a138f61759f5552fe723a84e
/workspace/scratch/d427a25ef2a1/evidence/health-summary.txt,obsolete/duplicate,,Paginated chunk or console rendering duplicated by reconciled snapshot/structured summary.,4196,28b882506a1eb828b21ee2b79b779ce7224f8db9018ef123bd3dc77d9c464264
/workspace/scratch/d427a25ef2a1/evidence/index-page-000.json,obsolete/duplicate,,Paginated chunk or console rendering duplicated by reconciled snapshot/structured summary.,779094,d51d7505a0f38aa1acaf8cd6f887e3aaf37ac8e972b2dbd3a34ca5cc0a1a8f02
/workspace/scratch/d427a25ef2a1/evidence/index-page-001.json,obsolete/duplicate,,Paginated chunk or console rendering duplicated by reconciled snapshot/structured summary.,798280,ed7e2c262bc31f8f5d20ce1ecaf7133c513f1b1748b5b7b307ef896752be165d
/workspace/scratch/d427a25ef2a1/evidence/index-page-002.json,obsolete/duplicate,,Paginated chunk or console rendering duplicated by reconciled snapshot/structured summary.,775093,dc730878cced3bff3565515278220f1fa550ad88b22f7a868786b01ab0b74a34
/workspace/scratch/d427a25ef2a1/evidence/index-page-003.json,obsolete/duplicate,,Paginated chunk or console rendering duplicated by reconciled snapshot/structured summary.,730560,ebadd171225ea2898f93402feed8d20fd9a00d9fb2b2e7c7ee473b8080c51655
/workspace/scratch/d427a25ef2a1/evidence/index-page-004.json,obsolete/duplicate,,Paginated chunk or console rendering duplicated by reconciled snapshot/structured summary.,787214,b9d7986b28e3c2deb9cfd21ee2c3a3d5b66cb848a9367febd259bd7de346f805
/workspace/scratch/d427a25ef2a1/evidence/index-page-005.json,obsolete/duplicate,,Paginated chunk or console rendering duplicated by reconciled snapshot/structured summary.,812235,fcccd519d0d405f649a00fa9f385682210b1af92215ef7d42b95fe4229c7f3f2
/workspace/scratch/d427a25ef2a1/evidence/index-page-006.json,obsolete/duplicate,,Paginated chunk or console rendering duplicated by reconciled snapshot/structured summary.,783903,d06ab24c08d55adcb0e61d9d14d4af0f06e1796145b62e8f348920fe693eb6e6
/workspace/scratch/d427a25ef2a1/evidence/index-page-007.json,obsolete/duplicate,,Paginated chunk or console rendering duplicated by reconciled snapshot/structured summary.,767219,364e515de2daec162ec49e19c60d5ed659cd1678b4a2df9ec138f0cf86de39a4
/workspace/scratch/d427a25ef2a1/evidence/index-page-008.json,obsolete/duplicate,,Paginated chunk or console rendering duplicated by reconciled snapshot/structured summary.,764379,823b650ffb4897a85cea5beb0418972a648be92d18ce99564bed2a3c9fb87c4b
/workspace/scratch/d427a25ef2a1/evidence/index-page-009.json,obsolete/duplicate,,Paginated chunk or console rendering duplicated by reconciled snapshot/structured summary.,804089,19a2f14c74ee4124f836d6095d02a5bb53203efe986fefd8ec806ca94e768400
/workspace/scratch/d427a25ef2a1/evidence/index-page-010.json,obsolete/duplicate,,Paginated chunk or console rendering duplicated by reconciled snapshot/structured summary.,786548,f7bb4eb04e8e884dd4e20c4e367f092fb13f576309f9bb429f5bad298a4a80ff
/workspace/scratch/d427a25ef2a1/evidence/index-page-011.json,obsolete/duplicate,,Paginated chunk or console rendering duplicated by reconciled snapshot/structured summary.,775774,27a59523f5e85139121a666bb63f2326b1cddb1d15acab7b0484987690e133e0
/workspace/scratch/d427a25ef2a1/evidence/index-page-012.json,obsolete/duplicate,,Paginated chunk or console rendering duplicated by reconciled snapshot/structured summary.,757116,093555db26b8ceb9936f108aaea55284f4f776e7282b5af82a1b57aad754bd33
/workspace/scratch/d427a25ef2a1/evidence/index-page-013.json,obsolete/duplicate,,Paginated chunk or console rendering duplicated by reconciled snapshot/structured summary.,788964,3dd20d4c1dabf5d1f3614852e072811eb12cdcffe6e5232d8303f90ea9a5cb63
/workspace/scratch/d427a25ef2a1/evidence/index-page-014.json,obsolete/duplicate,,Paginated chunk or console rendering duplicated by reconciled snapshot/structured summary.,682840,ad321c64bd9457bb8ccffb41bf2f2089f65f92258d8e4865b9de14b4da7025a2
/workspace/scratch/d427a25ef2a1/evidence/index-page-015.json,obsolete/duplicate,,Paginated chunk or console rendering duplicated by reconciled snapshot/structured summary.,640329,131bfbe2f7f102ef960036efc8e9864b7c2c7d381b78c313d890684f95265139
/workspace/scratch/d427a25ef2a1/evidence/index-page-016.json,obsolete/duplicate,,Paginated chunk or console rendering duplicated by reconciled snapshot/structured summary.,639253,62d3a98d070831e4e1f301f01e1b54f595320ba0cfedbc100c31994d289d16a4
/workspace/scratch/d427a25ef2a1/evidence/index-page-017.json,obsolete/duplicate,,Paginated chunk or console rendering duplicated by reconciled snapshot/structured summary.,639934,0a4631177ac7e85a2e4bcabe31a4cf78fe432c184b14654290fde452d35cdee1
/workspace/scratch/d427a25ef2a1/evidence/index-page-018.json,obsolete/duplicate,,Paginated chunk or console rendering duplicated by reconciled snapshot/structured summary.,654478,86374699768c1baddd349ad35118d7d8be31bed1f9209e6381564167ca11b6d2
/workspace/scratch/d427a25ef2a1/evidence/index-page-019.json,obsolete/duplicate,,Paginated chunk or console rendering duplicated by reconciled snapshot/structured summary.,82920,ea6fde21909270af1eca050ac25ce4d170d000a355d7bfd9ac7dc792b82e09ff
/workspace/scratch/d427a25ef2a1/evidence/premeasurement-baseline-manifest.json,obsolete/duplicate,,Original archive retains this copy; canonical reference-panel/baseline are already in real-world/. Archive integrity list preserved separately.,1643,41c68c29da39e773ced14bcc4f4b2cf7855c7c706d0e4f94716c101829efe85a
/workspace/scratch/d427a25ef2a1/evidence/reference-panel.json,obsolete/duplicate,,Original archive retains this copy; canonical reference-panel/baseline are already in real-world/. Archive integrity list preserved separately.,48761,56f9c0a10beef5e2f0d8f588c6a480f489ff1f68c05c1f0b36cfcac98e2f1e2a
/workspace/scratch/d427a25ef2a1/evidence/replay-summary.txt,obsolete/duplicate,,Paginated chunk or console rendering duplicated by reconciled snapshot/structured summary.,10213,df65a3afeb1e60d5bcdc77288699ec824ab2187ca0d00769963dac9caa24ba39
/workspace/scratch/ecb90441df09/audit-work/reproduce.py,obsolete/duplicate,,Superseded by portable reproduction script/result; JSON result differs only in terminal newline.,5841,c621c064816f85c26c3cae75f30072df8a3086bbc3f4f057af8dc64f3df36978
/workspace/scratch/ecb90441df09/audit-work/reproduction-results.json,obsolete/duplicate,,Superseded by portable reproduction script/result; JSON result differs only in terminal newline.,1525,9284467f6c8e3cdab1862c10e14b148922ccd9120fa800315a55eadd8329e3f4
/workspace/scratch/afcda1e6eea5/StoreScout-State-and-First-Customer-Plan.md,sensitive/do not commit,,Older unredacted private state report; sanitized current derivative included.,140706,3cbb7fa48d594a66994fded29cce94017eb397cd32c3c2b8ef09ff6efeecc058
/workspace/scratch/d427a25ef2a1/resume/Nexus/StoreScout-State-and-First-Customer-Plan.md,sensitive/do not commit,docs/quality-audit/resume/StoreScout-State-and-First-Customer-Plan.md,Original includes private account billing/support details. Only sanitized derivative is included; original unchanged.,144119,a6f1af42bfdde428d6e0bd3b1d10e7b6685ed316ccff904e48ba9e5336201bcc
/workspace/scratch/d427a25ef2a1/evidence/build_deliverables.py,temporary/scratch,,Raw public scrape/DNS-failure attempt or assembly utility; compact dated public evidence and finalized labels preserve useful findings. Not required to recompute saved metrics.,23443,760d2c2c01235e40f46dfa45b51d4a677d739ffbbb7b4cef1b1154a1649d479b
/workspace/scratch/d427a25ef2a1/evidence/environment-dns-failure/0217cd4480bfac52028d8457c4825825877ece00b0f26581ed66fc11322b2d7c.json,temporary/scratch,,Raw public scrape/DNS-failure attempt or assembly utility; compact dated public evidence and finalized labels preserve useful findings. Not required to recompute saved metrics.,1096,121f0f47b63de5044d241cef9aecd3c8fa7802e54b5cf503cc4aaabf48d0d825
/workspace/scratch/d427a25ef2a1/evidence/environment-dns-failure/022bda8aa89751a406c2f36ea59f76d5fa8ce1ba9c0a7de99d9a871f6f003dcb.json,temporary/scratch,,Raw public scrape/DNS-failure attempt or assembly utility; compact dated public evidence and finalized labels preserve useful findings. Not required to recompute saved metrics.,1124,f3bba1634cd71d5037e25341fa62b71e4a8468284720850a887851384d1a3f1c
/workspace/scratch/d427a25ef2a1/evidence/environment-dns-failure/02d76380d1a7c4975dd084a2f5d3c0c509f9de4b3cb9f45999c4c5fb4029ed5a.json,temporary/scratch,,Raw public scrape/DNS-failure attempt or assembly utility; compact dated public evidence and finalized labels preserve useful findings. Not required to recompute saved metrics.,1112,a19d6fcffe12f03d670dcd377b41ea3d5183e1778e44603721c6edeefaf7947d
/workspace/scratch/d427a25ef2a1/evidence/environment-dns-failure/0415c1a3be4823e8400740bc9acade98692d3a6bda17b341890ec67006be1f3c.json,temporary/scratch,,Raw public scrape/DNS-failure attempt or assembly utility; compact dated public evidence and finalized labels preserve useful findings. Not required to recompute saved metrics.,1110,716c68f5d9fef4946d6a4f4779d0417fb27ba0479c61e3a75bf3e35366dfcf3a
/workspace/scratch/d427a25ef2a1/evidence/environment-dns-failure/042cc1e235de942b2b5993ea0dad7bdffabb4c0395b37de23466bfcc03c370b7.json,temporary/scratch,,Raw public scrape/DNS-failure attempt or assembly utility; compact dated public evidence and finalized labels preserve useful findings. Not required to recompute saved metrics.,1102,3e14e5946081f668f5abdae3f2bfb72ba5d8ea7f1fb7c590bc72db0c1b026df4
/workspace/scratch/d427a25ef2a1/evidence/environment-dns-failure/048aa6f02a5be4bc1eaee64155c4606d058b78a7c0c8ed8a67f46a3c9cbe5529.json,temporary/scratch,,Raw public scrape/DNS-failure attempt or assembly utility; compact dated public evidence and finalized labels preserve useful findings. Not required to recompute saved metrics.,1118,a6968b65d5f334cf86d4a79c740909999ddb5607b6b7f4c410bd20d846e1ce02
/workspace/scratch/d427a25ef2a1/evidence/environment-dns-failure/0582b169538e6342234c310520661634f5e8604e9d2bf44ed045a20029d5b3bb.json,temporary/scratch,,Raw public scrape/DNS-failure attempt or assembly utility; compact dated public evidence and finalized labels preserve useful findings. Not required to recompute saved metrics.,1104,ec45042f1cd81e739f349cacdd66a5a3667bc98f97c50a003a317dd441d3dbb6
/workspace/scratch/d427a25ef2a1/evidence/environment-dns-failure/0661aa83a7365edca47a261d94e7e4c4f09e1e03d59edb98d8586c7386b1f509.json,temporary/scratch,,Raw public scrape/DNS-failure attempt or assembly utility; compact dated public evidence and finalized labels preserve useful findings. Not required to recompute saved metrics.,1088,a7df6ac97ab7254068083f9c63eb4b29ca114c3a0f2661c9a7a5f54b132d1316
/workspace/scratch/d427a25ef2a1/evidence/environment-dns-failure/07862b4644f63573e11871d730ea6619db648d1f96361ec3a6003d5d61297227.json,temporary/scratch,,Raw public scrape/DNS-failure attempt or assembly utility; compact dated public evidence and finalized labels preserve useful findings. Not required to recompute saved metrics.,1104,a64120778b05dee4531255d1f75d4e19e2d5b5910d957405d83662a70511f326
/workspace/scratch/d427a25ef2a1/evidence/environment-dns-failure/07f237e6a821769017cbeeb72f389ee36fb41c61f353853904c123ac316571d4.json,temporary/scratch,,Raw public scrape/DNS-failure attempt or assembly utility; compact dated public evidence and finalized labels preserve useful findings. Not required to recompute saved metrics.,1106,19b1fb2928cf187a9339b92849d53cf9e02686eb840b6247c2979c8cf2c13264
/workspace/scratch/d427a25ef2a1/evidence/environment-dns-failure/083acd02971bef678ee093aa2d7bb813c6f813ef302caef1cf0a765c77d5a998.json,temporary/scratch,,Raw public scrape/DNS-failure attempt or assembly utility; compact dated public evidence and finalized labels preserve useful findings. Not required to recompute saved metrics.,1098,7af2465ce372426cd93c4985116ac93ea49204fc30cc4ed334fa544e8ae11616
/workspace/scratch/d427a25ef2a1/evidence/environment-dns-failure/0897ebca6b63cede854212bda513c3ca452df7e21f6315c96be609b2fcb3517b.json,temporary/scratch,,Raw public scrape/DNS-failure attempt or assembly utility; compact dated public evidence and finalized labels preserve useful findings. Not required to recompute saved metrics.,1090,fa2a010849550e8fb92a3bf3d31496d6d18eeacc37feb0974a8ddec57959b919
/workspace/scratch/d427a25ef2a1/evidence/environment-dns-failure/08c9341b7bf68428e234acafe32be356eee03d7c2b375f9621c99c33b43aca9d.json,temporary/scratch,,Raw public scrape/DNS-failure attempt or assembly utility; compact dated public evidence and finalized labels preserve useful findings. Not required to recompute saved metrics.,1120,4ee8239c5f93c5faa124e5de3be0e0c41a3ddb6abc046efa6026dabe7dfa3d1c
/workspace/scratch/d427a25ef2a1/evidence/environment-dns-failure/09e23de41ae2db1effc1ebfc62f24128666ff3e17f6f6f05bd0b656aa1808d87.json,temporary/scratch,,Raw public scrape/DNS-failure attempt or assembly utility; compact dated public evidence and finalized labels preserve useful findings. Not required to recompute saved metrics.,1092,acbe3109998b3171681ea57f490dd07b6c4047ecc726adcc1cf53759e2d04611
/workspace/scratch/d427a25ef2a1/evidence/environment-dns-failure/0a09348f624c96147d2307ced3d10c49a16f2c22207b13d26f6e1328cf064b6b.json,temporary/scratch,,Raw public scrape/DNS-failure attempt or assembly utility; compact dated public evidence and finalized labels preserve useful findings. Not required to recompute saved metrics.,1094,ecfd38ed8b0d9fb22a848a4cde2e2bb5c8c4aa914bba65eeac15926b802a8387
/workspace/scratch/d427a25ef2a1/evidence/environment-dns-failure/0ad4e1250fb656b13b21dea228440f278d696f83f53fc7dadb746ec6ad41927d.json,temporary/scratch,,Raw public scrape/DNS-failure attempt or assembly utility; compact dated public evidence and finalized labels preserve useful findings. Not required to recompute saved metrics.,1096,f59602ff84bc4568701f9fad1b51a4f1ecac1a40820ecded1c49185b0b2cefd3
/workspace/scratch/d427a25ef2a1/evidence/environment-dns-failure/0d262815851a895604645719aff1bcd2e97d70331595243ddcbd94681d78990d.json,temporary/scratch,,Raw public scrape/DNS-failure attempt or assembly utility; compact dated public evidence and finalized labels preserve useful findings. Not required to recompute saved metrics.,1112,53686870538d65d985155182230126d8e57fcfb75d2a784f2da0498f1a09443d
/workspace/scratch/d427a25ef2a1/evidence/environment-dns-failure/0d64e75936beff725faafdab63f75ed1abc528381b5529c32ea489e3318f530c.json,temporary/scratch,,Raw public scrape/DNS-failure attempt or assembly utility; compact dated public evidence and finalized labels preserve useful findings. Not required to recompute saved metrics.,1100,c24317371e3770b74e265d16fd8479d331b447e44a34d6372963626627ea4bab
/workspace/scratch/d427a25ef2a1/evidence/environment-dns-failure/10c3fb21284fb3876b081cd00cba895bf224bcf820f7b8ace43111c7539582ac.json,temporary/scratch,,Raw public scrape/DNS-failure attempt or assembly utility; compact dated public evidence and finalized labels preserve useful findings. Not required to recompute saved metrics.,1104,8f712bc87e7ef4d659489f26d78ff6c9cdd8155bf4235fd69408bb70a34ef35c
/workspace/scratch/d427a25ef2a1/evidence/environment-dns-failure/10c6ed09f79b02e09db8d80cbfe16f3e672e74bae7a4f66ac4a2457b7f571219.json,temporary/scratch,,Raw public scrape/DNS-failure attempt or assembly utility; compact dated public evidence and finalized labels preserve useful findings. Not required to recompute saved metrics.,1110,fb1abe07206bde31d823bfef63e4b7471239213525ee84ab15380b4daeb90c57
/workspace/scratch/d427a25ef2a1/evidence/environment-dns-failure/11634d878255a30f0210358befa938125d015056bcbe7639cac93274e1faa097.json,temporary/scratch,,Raw public scrape/DNS-failure attempt or assembly utility; compact dated public evidence and finalized labels preserve useful findings. Not required to recompute saved metrics.,1110,b8a3d14ff650d941d4e712ef64262b21a6819323c5d28efd26907aadaeb80982
/workspace/scratch/d427a25ef2a1/evidence/environment-dns-failure/1304cf4a854826e0b99caf195b1820cda445315813f7040740157b4dc46bff70.json,temporary/scratch,,Raw public scrape/DNS-failure attempt or assembly utility; compact dated public evidence and finalized labels preserve useful findings. Not required to recompute saved metrics.,1094,94f5575102d2149d7c9ead6eccbcddc754ceca66aae96bef9e8d90b6b4baafd3
/workspace/scratch/d427a25ef2a1/evidence/environment-dns-failure/135e2029de1a1f9d5145394712e67d240743d8c5c44c2626aab5b14dc3d2b64e.json,temporary/scratch,,Raw public scrape/DNS-failure attempt or assembly utility; compact dated public evidence and finalized labels preserve useful findings. Not required to recompute saved metrics.,1100,41fcbff0afe87812db2db45d517cfc2e65c6bda5fcfa1268944d22a36177a4f6
/workspace/scratch/d427a25ef2a1/evidence/environment-dns-failure/13aceda30448c824ea636c501652b19750b4d2b47fa871fd205d68221a38a012.json,temporary/scratch,,Raw public scrape/DNS-failure attempt or assembly utility; compact dated public evidence and finalized labels preserve useful findings. Not required to recompute saved metrics.,1102,4642e0768e9902965df99bbc00c15ad6bb11bdbb0eaf434ace291e19f14cb477
/workspace/scratch/d427a25ef2a1/evidence/environment-dns-failure/13e9ff9eaa5df14e28b1e8642184168c3f16f2303df8e1407c64273ec5455a27.json,temporary/scratch,,Raw public scrape/DNS-failure attempt or assembly utility; compact dated public evidence and finalized labels preserve useful findings. Not required to recompute saved metrics.,1094,b51de558a53b2cdf07c256e85da19d8f5f88717e8e20f51341a761e6e5cca59c
/workspace/scratch/d427a25ef2a1/evidence/environment-dns-failure/140ee7e2451f7b40183e4a133b440b7e2ac4f17df52a632bcac80c92a7ff23c7.json,temporary/scratch,,Raw public scrape/DNS-failure attempt or assembly utility; compact dated public evidence and finalized labels preserve useful findings. Not required to recompute saved metrics.,1064,03f061410a166c92808b402c0189fbf3ba86bef6281e710b978ececc58ce089b
/workspace/scratch/d427a25ef2a1/evidence/environment-dns-failure/14c32a7c02a828bc0e93e387b8afa8dd1c4efc5cc1826c0116fddaca30251cf7.json,temporary/scratch,,Raw public scrape/DNS-failure attempt or assembly utility; compact dated public evidence and finalized labels preserve useful findings. Not required to recompute saved metrics.,1106,2483423f1634da1ba53dcc878fd547064cb1a01e617857e80a36c306759a06a4
/workspace/scratch/d427a25ef2a1/evidence/environment-dns-failure/16d3b6994d948804f443d2513396a55c4c0020e6faccf4df6c78ea9c55e54786.json,temporary/scratch,,Raw public scrape/DNS-failure attempt or assembly utility; compact dated public evidence and finalized labels preserve useful findings. Not required to recompute saved metrics.,1112,d0ca111b8cc6c812b491990209f618b7573d75ef7cd978e1612023a5bc347f70
/workspace/scratch/d427a25ef2a1/evidence/environment-dns-failure/174d049c47122b5c4647c63ed787d677df228e5f070418c09edcab86b3713f85.json,temporary/scratch,,Raw public scrape/DNS-failure attempt or assembly utility; compact dated public evidence and finalized labels preserve useful findings. Not required to recompute saved metrics.,1110,c6fe58663ab3d23d07f4ee21ebb3cc9cce8835db9f3339b82ac20d98972c35bf
/workspace/scratch/d427a25ef2a1/evidence/environment-dns-failure/177cbe6fed59efbd7b1bae1cfc0caa31e3ed1f3a44f44a6b8c19125c15f2a13b.json,temporary/scratch,,Raw public scrape/DNS-failure attempt or assembly utility; compact dated public evidence and finalized labels preserve useful findings. Not required to recompute saved metrics.,1120,62ee648a7454fb68d4f536bbb7550d6c738b5c7641e47a19e44017c4867f1ee4
/workspace/scratch/d427a25ef2a1/evidence/environment-dns-failure/17af40afe4249e1394fc9ecb71c78147839392727179ad11e8bc937d8e1845de.json,temporary/scratch,,Raw public scrape/DNS-failure attempt or assembly utility; compact dated public evidence and finalized labels preserve useful findings. Not required to recompute saved metrics.,1100,cf3230ea214a886774728add96c52c82145e4bc98bb55138e5358bc3d1d602ab
/workspace/scratch/d427a25ef2a1/evidence/environment-dns-failure/17cace177c10337cb2b371a48b0513799a746da1719412d428854b85742d18f1.json,temporary/scratch,,Raw public scrape/DNS-failure attempt or assembly utility; compact dated public evidence and finalized labels preserve useful findings. Not required to recompute saved metrics.,1088,793d53d7604a42abdcca886c8b5ad06c2454cdfde331427416acc3ec68c24ded
/workspace/scratch/d427a25ef2a1/evidence/environment-dns-failure/194660e804d904ae547f76a391c990ec9ea209549f0bef6249827ea4eea6809e.json,temporary/scratch,,Raw public scrape/DNS-failure attempt or assembly utility; compact dated public evidence and finalized labels preserve useful findings. Not required to recompute saved metrics.,1106,354c468c00c72fa583da72e97196c6e0dae49550374fc6fed285f52317d3c456
/workspace/scratch/d427a25ef2a1/evidence/environment-dns-failure/1a271d22b67b6ad411c1a04a02e58528ab3be6ed3d6cb2ebdbd2fca25fc739d7.json,temporary/scratch,,Raw public scrape/DNS-failure attempt or assembly utility; compact dated public evidence and finalized labels preserve useful findings. Not required to recompute saved metrics.,1104,0fdc3bd884bd6ea7778bcff12d9cdcc8274eb360030e4720ef328ae91f093476
/workspace/scratch/d427a25ef2a1/evidence/environment-dns-failure/1a83c4c6c3f469198846cae02846420062efae269e1e62345f61d4d40214af55.json,temporary/scratch,,Raw public scrape/DNS-failure attempt or assembly utility; compact dated public evidence and finalized labels preserve useful findings. Not required to recompute saved metrics.,1092,f6ab5166d0067f9c48f3af0e517945ced0f947ea0a92ff59bde469753ad87d39
/workspace/scratch/d427a25ef2a1/evidence/environment-dns-failure/1a8af490e1c2f762c63317de1cac393cc99c517df50355f1f939a48e914263ae.json,temporary/scratch,,Raw public scrape/DNS-failure attempt or assembly utility; compact dated public evidence and finalized labels preserve useful findings. Not required to recompute saved metrics.,1108,ebeafb62b6466d65de646c37e86c7162c85412048c84d2bd29f8ff0577d05f81
/workspace/scratch/d427a25ef2a1/evidence/environment-dns-failure/1ab9e61837e5c81b8b1c6535707189cbdacfde6691d81e119064ef527c8cbe0f.json,temporary/scratch,,Raw public scrape/DNS-failure attempt or assembly utility; compact dated public evidence and finalized labels preserve useful findings. Not required to recompute saved metrics.,1110,d4e295fca31702368408729693523b383b8199c7171d1d6caac7460dd824d747
/workspace/scratch/d427a25ef2a1/evidence/environment-dns-failure/1ba20f4c503c94cc163af8a9c187ef19237a1bc467cfa4b4d9182d264cfb07af.json,temporary/scratch,,Raw public scrape/DNS-failure attempt or assembly utility; compact dated public evidence and finalized labels preserve useful findings. Not required to recompute saved metrics.,1096,155cb36b433bc5759b712f3dd1e40bcb217cfe68c1920655ae52598acd7f23ea
/workspace/scratch/d427a25ef2a1/evidence/environment-dns-failure/1bea7bc879967ef34166bf77aab014e395fd06cd9922aa2c7c0cb46067d02f34.json,temporary/scratch,,Raw public scrape/DNS-failure attempt or assembly utility; compact dated public evidence and finalized labels preserve useful findings. Not required to recompute saved metrics.,1108,6bea299aa96a0b0a7b22326b2e7857496072a2d3ed9235bb05b8bbce080c4f28
/workspace/scratch/d427a25ef2a1/evidence/environment-dns-failure/1c1b50e2a09b70566ea57e2965222d6ccd13e527397eb236009005f887b83181.json,temporary/scratch,,Raw public scrape/DNS-failure attempt or assembly utility; compact dated public evidence and finalized labels preserve useful findings. Not required to recompute saved metrics.,1100,f0e6eb07ade1954b4da691158b75e370982f81eeddcd36abd775a9cfc28ba793
/workspace/scratch/d427a25ef2a1/evidence/environment-dns-failure/1cee9fe2e99a14d75e4872eeb188e55e887a170b65c858cedd6907f9423e6456.json,temporary/scratch,,Raw public scrape/DNS-failure attempt or assembly utility; compact dated public evidence and finalized labels preserve useful findings. Not required to recompute saved metrics.,1110,1dbb83f28a7417649623406d19c858aeee3c47e79559cc664258975ec85379f0
/workspace/scratch/d427a25ef2a1/evidence/environment-dns-failure/1dff56bd1b6b15df87aca162f4e7e1f6d8a6f878c486658864b540a2cf301740.json,temporary/scratch,,Raw public scrape/DNS-failure attempt or assembly utility; compact dated public evidence and finalized labels preserve useful findings. Not required to recompute saved metrics.,1118,ad0595195f7756f71e427a65e04dab982e32fdd9eab5dc6e3b6b98ef2cf35844
/workspace/scratch/d427a25ef2a1/evidence/environment-dns-failure/1f5c03cfd44ef71002020e57c672e0400ce9c24845f65247a60e8ac66c37ae10.json,temporary/scratch,,Raw public scrape/DNS-failure attempt or assembly utility; compact dated public evidence and finalized labels preserve useful findings. Not required to recompute saved metrics.,1096,92f8f4c898e69478550e40ae4ce160b44037cac4fb2b8fd695c6496bb8def846
/workspace/scratch/d427a25ef2a1/evidence/environment-dns-failure/1fc52206f8d492631dbcc278af2d6175706759b69320e864997503d4c2af8fdf.json,temporary/scratch,,Raw public scrape/DNS-failure attempt or assembly utility; compact dated public evidence and finalized labels preserve useful findings. Not required to recompute saved metrics.,1110,25d9a163e78649602c8a50379ba0642309547e25ac5c4d18b77dd2d0d47fe27e
/workspace/scratch/d427a25ef2a1/evidence/environment-dns-failure/204678ccbc43e8950f4937a177b9f2f961834dc2c4ec7ce8ec5cf1a10f7fb11e.json,temporary/scratch,,Raw public scrape/DNS-failure attempt or assembly utility; compact dated public evidence and finalized labels preserve useful findings. Not required to recompute saved metrics.,1100,0f67c7194b8370f6adf4b08a768c144c10994733062b4986db72725fbdda3dc6
/workspace/scratch/d427a25ef2a1/evidence/environment-dns-failure/21397be481b3e119f44796c58257be628a4af62f5653464f12a03b3d45bbeea8.json,temporary/scratch,,Raw public scrape/DNS-failure attempt or assembly utility; compact dated public evidence and finalized labels preserve useful findings. Not required to recompute saved metrics.,1122,54d17b942fc931d394153f6564c02b69f0229e070db3ce3e8a7c952611ec484b
/workspace/scratch/d427a25ef2a1/evidence/environment-dns-failure/2204507a5f20051f18bd882229ee5fee63d0768e8adbae664ca5f6dab1103d94.json,temporary/scratch,,Raw public scrape/DNS-failure attempt or assembly utility; compact dated public evidence and finalized labels preserve useful findings. Not required to recompute saved metrics.,1090,1c861e7ffac2a42a4592a0fefda4ad95ddbbabd7a3d2f7962b0785c8d4fe2731
/workspace/scratch/d427a25ef2a1/evidence/environment-dns-failure/2342e44831f3ccc8a0b357f2f6bf52b05a58864525e9ecaaf0bc2bf648e6901d.json,temporary/scratch,,Raw public scrape/DNS-failure attempt or assembly utility; compact dated public evidence and finalized labels preserve useful findings. Not required to recompute saved metrics.,1094,b8bc4bb5f7dcc959955a1f57b43295323e4a11f8438147001ee707b17bcc5e1e
/workspace/scratch/d427a25ef2a1/evidence/environment-dns-failure/2541c6eed968a334e76d5505482358031b7ba26ce8f8697ebddf01fa4e9a801b.json,temporary/scratch,,Raw public scrape/DNS-failure attempt or assembly utility; compact dated public evidence and finalized labels preserve useful findings. Not required to recompute saved metrics.,1094,1a52edb95cd6e77bfe8a6aabb09e7b01e921795edfdd4571fc876a983a71864a
/workspace/scratch/d427a25ef2a1/evidence/environment-dns-failure/2662714c0ed077881590ed596c692671991ec62ff1dc96f0e2841dec59bb1e6b.json,temporary/scratch,,Raw public scrape/DNS-failure attempt or assembly utility; compact dated public evidence and finalized labels preserve useful findings. Not required to recompute saved metrics.,1096,1227a7ca5c241f6656558591e3759866e9427835c7642035e652bf1a6097ab4b
/workspace/scratch/d427a25ef2a1/evidence/environment-dns-failure/2766cba903b92b8fddc07cc054d558d8ea3d4fdb4470e6e315979efaf1cb245a.json,temporary/scratch,,Raw public scrape/DNS-failure attempt or assembly utility; compact dated public evidence and finalized labels preserve useful findings. Not required to recompute saved metrics.,1110,8d34a349b5e78c5b02b730242755f3ec6387402118de88124bf6a89510df8ff4
/workspace/scratch/d427a25ef2a1/evidence/environment-dns-failure/2795a0cbb097b22729343abac29885a21698c9505e58c6109f867e9c8134f0a4.json,temporary/scratch,,Raw public scrape/DNS-failure attempt or assembly utility; compact dated public evidence and finalized labels preserve useful findings. Not required to recompute saved metrics.,1110,377a207391971f5d571883d061edc8c77ac900a394e7d2fe529a3c0fc8beff5e
/workspace/scratch/d427a25ef2a1/evidence/environment-dns-failure/281602ccc75a985d0d330330af8e0009e29998150ab2b50da5e2bd6ad086a0bf.json,temporary/scratch,,Raw public scrape/DNS-failure attempt or assembly utility; compact dated public evidence and finalized labels preserve useful findings. Not required to recompute saved metrics.,1110,5ca688941ecf96b24773a85d79859da63ca619094ed52c0adde799e261f4fe4c
/workspace/scratch/d427a25ef2a1/evidence/environment-dns-failure/2834bf49b240cc8d80d0edd466b0f1367cd0b21925670dea605d643a0fb72e6a.json,temporary/scratch,,Raw public scrape/DNS-failure attempt or assembly utility; compact dated public evidence and finalized labels preserve useful findings. Not required to recompute saved metrics.,1092,5a35ec6f0cc6ebd83f7880ef180652aa3cd24c75b105b7f6b3983f1c4135d682
/workspace/scratch/d427a25ef2a1/evidence/environment-dns-failure/28611ab20b8e388b021948750a6f6a2ba2135d8e7f6573d500681ee22e054031.json,temporary/scratch,,Raw public scrape/DNS-failure attempt or assembly utility; compact dated public evidence and finalized labels preserve useful findings. Not required to recompute saved metrics.,1110,63160369705891f568337d4bd946c76bdd48070ccce0683d57e8a1d2cb3d66d6
/workspace/scratch/d427a25ef2a1/evidence/environment-dns-failure/2b0162f8153ebe702287b8ea108593cb60de0ea59dca21b7678495eca44aa48e.json,temporary/scratch,,Raw public scrape/DNS-failure attempt or assembly utility; compact dated public evidence and finalized labels preserve useful findings. Not required to recompute saved metrics.,1100,91f393c0c76eec138b8251d162d7a342ca1fde6b42f96028153c2c6bbd0f1f4a
/workspace/scratch/d427a25ef2a1/evidence/environment-dns-failure/2b314ef323fe95df81f6490aedb916c2fae012127928f2692fb2090ed35b5338.json,temporary/scratch,,Raw public scrape/DNS-failure attempt or assembly utility; compact dated public evidence and finalized labels preserve useful findings. Not required to recompute saved metrics.,1108,d315490cc02fac49a336cc0299b79f408502ef345a1d61291a624fb2c082e9d2
/workspace/scratch/d427a25ef2a1/evidence/environment-dns-failure/2b9466b1734b66b9e04980a18aac019042b13c7c31983944fca0928cec85eada.json,temporary/scratch,,Raw public scrape/DNS-failure attempt or assembly utility; compact dated public evidence and finalized labels preserve useful findings. Not required to recompute saved metrics.,1098,a0a85e4a8dbcb3f52bd471704d153f347aa419e42d971bbd08d78bbd9fbf0cd1
/workspace/scratch/d427a25ef2a1/evidence/environment-dns-failure/2c844b0d859bbdf78289a1fb27d45b3f188f73144ee545cd9979b24d8edea0a8.json,temporary/scratch,,Raw public scrape/DNS-failure attempt or assembly utility; compact dated public evidence and finalized labels preserve useful findings. Not required to recompute saved metrics.,1090,efdf1d94bd59ee53f3a905aa2362dc34bb79bddfb2d945691ff80287a06493e2
/workspace/scratch/d427a25ef2a1/evidence/environment-dns-failure/2e39999a1e1cc118133aa8340fbed0af38e8c5a0e982e22bd7bbc66da109275d.json,temporary/scratch,,Raw public scrape/DNS-failure attempt or assembly utility; compact dated public evidence and finalized labels preserve useful findings. Not required to recompute saved metrics.,1096,c91a65de35565b15427b3ff4efbab1a29770c0b170d0059ff653bd30b74d5f4d
/workspace/scratch/d427a25ef2a1/evidence/environment-dns-failure/31e37962a66b49d8e5a1274a5451cfed32cd9c391f32d67b0993b3398a14815e.json,temporary/scratch,,Raw public scrape/DNS-failure attempt or assembly utility; compact dated public evidence and finalized labels preserve useful findings. Not required to recompute saved metrics.,1114,e013c587c252ac038206a1b4fc9b39c5bfa9c24990e4c0645c4e95bb0a372908
/workspace/scratch/d427a25ef2a1/evidence/environment-dns-failure/31f993e34cae18c88dc9162b7a2cab5804ccbdc3b690b775abdee71cf5460ce3.json,temporary/scratch,,Raw public scrape/DNS-failure attempt or assembly utility; compact dated public evidence and finalized labels preserve useful findings. Not required to recompute saved metrics.,1116,9c199eeab8ff1a85e2dc109ef9e9f84556b7ba5d504d478f0b85aed40389dd74
/workspace/scratch/d427a25ef2a1/evidence/environment-dns-failure/32a5be25cf190b22de396dbf854dd36347b2be3ce59b8a40329788597e7c242a.json,temporary/scratch,,Raw public scrape/DNS-failure attempt or assembly utility; compact dated public evidence and finalized labels preserve useful findings. Not required to recompute saved metrics.,1102,92e5b357f36e1c93dd63a83af2b7cde7a65f10c1a0ce3fe74b773151f3a2adab
/workspace/scratch/d427a25ef2a1/evidence/environment-dns-failure/32b817ccf9bc24a98691accf0485695da3c3c4e1417972936ccd9266249c4315.json,temporary/scratch,,Raw public scrape/DNS-failure attempt or assembly utility; compact dated public evidence and finalized labels preserve useful findings. Not required to recompute saved metrics.,1120,8450cde1f1d600b38fdf1393e9abbe995d9b34a04a3af1d9fd7a60f51131352a
/workspace/scratch/d427a25ef2a1/evidence/environment-dns-failure/338c210ef5351c2fc7c86d6374378634d1a68524d2dad36d1eba507316ee4b71.json,temporary/scratch,,Raw public scrape/DNS-failure attempt or assembly utility; compact dated public evidence and finalized labels preserve useful findings. Not required to recompute saved metrics.,1102,5a2e5054fb14afb323789e7095e3a7d6ce215c3aa95b606f3e93544c9fa847ec
/workspace/scratch/d427a25ef2a1/evidence/environment-dns-failure/33d5e5394e269acc57ab8b9dfe8325151ff88d61584de7dbb11fc56498c51155.json,temporary/scratch,,Raw public scrape/DNS-failure attempt or assembly utility; compact dated public evidence and finalized labels preserve useful findings. Not required to recompute saved metrics.,1112,6ce587073522e85defa718c7bdfa0504dd4b8b58c76c1a2077d07a29ed14e1bc
/workspace/scratch/d427a25ef2a1/evidence/environment-dns-failure/3455897a8896d9210109b607cbfa99bd60962fdbe5b6b85e077bb6fb1a722bb8.json,temporary/scratch,,Raw public scrape/DNS-failure attempt or assembly utility; compact dated public evidence and finalized labels preserve useful findings. Not required to recompute saved metrics.,1106,5a3167acd1971eb6064dfa94a033e1a3558e978cbb8fcb78abe1594221bd5422
/workspace/scratch/d427a25ef2a1/evidence/environment-dns-failure/3792de491b87b0621484be20b532511e1508a24bbd0817905742427a13da54b8.json,temporary/scratch,,Raw public scrape/DNS-failure attempt or assembly utility; compact dated public evidence and finalized labels preserve useful findings. Not required to recompute saved metrics.,1106,55f190c1aa14dca14deaf122802ea6275faa7d4796c4e5250370801eac1b671a
/workspace/scratch/d427a25ef2a1/evidence/environment-dns-failure/37f76ece8737938540e551c409d3b4eb436534707a59fc0eae8e2ece2eae9813.json,temporary/scratch,,Raw public scrape/DNS-failure attempt or assembly utility; compact dated public evidence and finalized labels preserve useful findings. Not required to recompute saved metrics.,1106,9394c8bd3148653ed81785689c77de9a1a465f31dcc0775c770697968e94869d
/workspace/scratch/d427a25ef2a1/evidence/environment-dns-failure/38b26bb7a436bf7200cdabc283db8d0f67a8975d1c7926c44a0384e27bd3ff62.json,temporary/scratch,,Raw public scrape/DNS-failure attempt or assembly utility; compact dated public evidence and finalized labels preserve useful findings. Not required to recompute saved metrics.,1096,90e0491f3c7bcb040b553b2dca2d0c1e9ce00892a861b791d7765b137978c96c
/workspace/scratch/d427a25ef2a1/evidence/environment-dns-failure/399e7738766cbcd43d396daff8ae921e40a830985e88a9bbb13cc6ee661bc1c9.json,temporary/scratch,,Raw public scrape/DNS-failure attempt or assembly utility; compact dated public evidence and finalized labels preserve useful findings. Not required to recompute saved metrics.,1104,8b11f5f6e753ee557faa0b506ce7f1d0082b893275695eac63c885248a613cf3
/workspace/scratch/d427a25ef2a1/evidence/environment-dns-failure/3ac6dbd4aa50589fa14ae7eba506e8860e499261c035c8c229b295c3205a5422.json,temporary/scratch,,Raw public scrape/DNS-failure attempt or assembly utility; compact dated public evidence and finalized labels preserve useful findings. Not required to recompute saved metrics.,1096,6d31c408893643feab2246c584e08ab5a040e03803d509ead31e6558e387d0f6
/workspace/scratch/d427a25ef2a1/evidence/environment-dns-failure/3b56f2c87e855e3d77af33e2936553cd70d03b22f687025b582c28b32ede380b.json,temporary/scratch,,Raw public scrape/DNS-failure attempt or assembly utility; compact dated public evidence and finalized labels preserve useful findings. Not required to recompute saved metrics.,1108,8e11fc339033733402e41137d090483cc68d2f872bcd502fab2a605a4e5279f5
/workspace/scratch/d427a25ef2a1/evidence/environment-dns-failure/3c4cffefd0ea6b36db04c82dd16c7082662b4ec0dbde058e684ee580c38d3e33.json,temporary/scratch,,Raw public scrape/DNS-failure attempt or assembly utility; compact dated public evidence and finalized labels preserve useful findings. Not required to recompute saved metrics.,1122,d758326f6f6842c04010dc0ecd3e3198e34c12e744fd12764c38082bfc84d627
/workspace/scratch/d427a25ef2a1/evidence/environment-dns-failure/3cb5da4a4dcf28011d6b1ef9a767fdbc96f4b80e4e3e19b30dbe63f45990a73a.json,temporary/scratch,,Raw public scrape/DNS-failure attempt or assembly utility; compact dated public evidence and finalized labels preserve useful findings. Not required to recompute saved metrics.,1106,7c09d9cd7c4738359b81a007d57aa7864c8703882482dae685a7f162249123ae
/workspace/scratch/d427a25ef2a1/evidence/environment-dns-failure/3dad50f57c5ed42868ad243224828f7e313eb59bffb09108b39fe861733b3383.json,temporary/scratch,,Raw public scrape/DNS-failure attempt or assembly utility; compact dated public evidence and finalized labels preserve useful findings. Not required to recompute saved metrics.,1110,89449ae9e167dc5fe3a75c3e609291f41a8cbf26b0a246f2723696e1d006ade3
/workspace/scratch/d427a25ef2a1/evidence/environment-dns-failure/3e17c27578ca19f53177bec0d39611c0a53784c2be5db4bfa89569059a1d7ea6.json,temporary/scratch,,Raw public scrape/DNS-failure attempt or assembly utility; compact dated public evidence and finalized labels preserve useful findings. Not required to recompute saved metrics.,1100,d455d78d2f5224695c22155580b166a4a65077cff509a4241ede04d31755f784
/workspace/scratch/d427a25ef2a1/evidence/environment-dns-failure/3e675efe88eca7a4c629675ce90a0395bea3ff5e776a9c022d37fd86d1a8a5fc.json,temporary/scratch,,Raw public scrape/DNS-failure attempt or assembly utility; compact dated public evidence and finalized labels preserve useful findings. Not required to recompute saved metrics.,1112,971b22776ad84e8d64f7962f4e05c1b7b9ec9636b24d07fea0691ae7edf7283b
/workspace/scratch/d427a25ef2a1/evidence/environment-dns-failure/3e91f7431e9d973263f4ba875d8d1ec9fbee337d97ea762a0b8877764bb3e89f.json,temporary/scratch,,Raw public scrape/DNS-failure attempt or assembly utility; compact dated public evidence and finalized labels preserve useful findings. Not required to recompute saved metrics.,1090,6f02303f8dbf1f3d44c9cf4d397eb06f210ddeab26175433d4f564e275b1f242
/workspace/scratch/d427a25ef2a1/evidence/environment-dns-failure/4012dae319720cff631e12bd68b301aeeab48272fdded58d0bb3d08ffe8af689.json,temporary/scratch,,Raw public scrape/DNS-failure attempt or assembly utility; compact dated public evidence and finalized labels preserve useful findings. Not required to recompute saved metrics.,1110,8893db292d0addb5ce0c060a60477054620057eb5531b5cfef6c7e51733bc335
/workspace/scratch/d427a25ef2a1/evidence/environment-dns-failure/40594c6cbd5b7848b709663745fe3f9af755f6c0858d1a5473fe2368cb804dd7.json,temporary/scratch,,Raw public scrape/DNS-failure attempt or assembly utility; compact dated public evidence and finalized labels preserve useful findings. Not required to recompute saved metrics.,1100,82e9d9480bf3785156c895764988ab9964e753a457974a460ff70ce9785c3ba8
/workspace/scratch/d427a25ef2a1/evidence/environment-dns-failure/4070e7b1c05276874b2d66b70876790b8683de7f51176130dbc095139b134520.json,temporary/scratch,,Raw public scrape/DNS-failure attempt or assembly utility; compact dated public evidence and finalized labels preserve useful findings. Not required to recompute saved metrics.,1104,1d8d7da35b7fb2612f9bf3d94cdfa73c9b00945d4dfc25c5b6979b6cdc3da048
/workspace/scratch/d427a25ef2a1/evidence/environment-dns-failure/425051888e890c46d9ed4d9726f2a26c8fc54c8aba75174972611e876a04983a.json,temporary/scratch,,Raw public scrape/DNS-failure attempt or assembly utility; compact dated public evidence and finalized labels preserve useful findings. Not required to recompute saved metrics.,1106,740fc1c5ee0634cf474342bb8277380d534c78f6b911744a32e09ed6153ad8b5
/workspace/scratch/d427a25ef2a1/evidence/environment-dns-failure/42744a807b36d183f2895dea25f254bb449a2288b1000e38abb104988bf43e09.json,temporary/scratch,,Raw public scrape/DNS-failure attempt or assembly utility; compact dated public evidence and finalized labels preserve useful findings. Not required to recompute saved metrics.,1112,38b80e341c81db6ec57f5d37b9dace8604c3967cc5580298b477892e4a8a457e
/workspace/scratch/d427a25ef2a1/evidence/environment-dns-failure/42b2fff4b6f10533c31081797e1b6cf217fc85c149ea3a901c73d31ef3c9e8de.json,temporary/scratch,,Raw public scrape/DNS-failure attempt or assembly utility; compact dated public evidence and finalized labels preserve useful findings. Not required to recompute saved metrics.,1098,a8fc4aa948cefd9d8b1094b246fdf625de0bf7c07c9f8b805bb4a59e4997b090
/workspace/scratch/d427a25ef2a1/evidence/environment-dns-failure/4432e0cdc0718c8629ae8a8eca4e82f751bc83494c9fffc96a73e4ce8516940b.json,temporary/scratch,,Raw public scrape/DNS-failure attempt or assembly utility; compact dated public evidence and finalized labels preserve useful findings. Not required to recompute saved metrics.,1110,a349294380f6a5c12a07e16cba76a5f81bc81591a9ff3e3068d957a9e727eb33
/workspace/scratch/d427a25ef2a1/evidence/environment-dns-failure/44e45d35191452ddb2195d56aeadab0a9d5230e9cde61dd38f8db109b2b899f1.json,temporary/scratch,,Raw public scrape/DNS-failure attempt or assembly utility; compact dated public evidence and finalized labels preserve useful findings. Not required to recompute saved metrics.,1128,77cc734d37d226fcd01523e788365757aa1dc9dd11971ba4ed84600d02dfa3a4
/workspace/scratch/d427a25ef2a1/evidence/environment-dns-failure/4561327ae544d3e4cbebb32c2b2f52229f9707b64aec0769e0690aba11eb5faa.json,temporary/scratch,,Raw public scrape/DNS-failure attempt or assembly utility; compact dated public evidence and finalized labels preserve useful findings. Not required to recompute saved metrics.,1098,2db3742b0f0d730c766080ca3e54c1a6c89520436df288893e8d5b81d5404a3f
/workspace/scratch/d427a25ef2a1/evidence/environment-dns-failure/456a6f778971b7e2bbc37c64a029f4eabf89fcf40fb0c09b6ed976d4846a71d4.json,temporary/scratch,,Raw public scrape/DNS-failure attempt or assembly utility; compact dated public evidence and finalized labels preserve useful findings. Not required to recompute saved metrics.,1112,8e9f244c805121eceec2aed62eb1b38658e6cbdd8bdbdf21faece6992157281d
/workspace/scratch/d427a25ef2a1/evidence/environment-dns-failure/459e439f2a97923d385602ef70a5ea7658f2f13b392cb041784cab6b573c01df.json,temporary/scratch,,Raw public scrape/DNS-failure attempt or assembly utility; compact dated public evidence and finalized labels preserve useful findings. Not required to recompute saved metrics.,1108,f653971de22d2c7f7d82ddb963f31d0cad4c8a0a19a8da2ea0fb0f922cd90e51
/workspace/scratch/d427a25ef2a1/evidence/environment-dns-failure/45bac90d62534c8bbdf719664f6d07a9a69ea958dfeee686c4583bdc3c2de87e.json,temporary/scratch,,Raw public scrape/DNS-failure attempt or assembly utility; compact dated public evidence and finalized labels preserve useful findings. Not required to recompute saved metrics.,1106,5274965abfb4184f09a8cb7e2c6806ebe44db6e1eeef29fbe748707d2f32e77e
/workspace/scratch/d427a25ef2a1/evidence/environment-dns-failure/461a6c182ae202fcc9e1b13954ac1f8236d1777b106cd2b8f1b0e548548c0ff2.json,temporary/scratch,,Raw public scrape/DNS-failure attempt or assembly utility; compact dated public evidence and finalized labels preserve useful findings. Not required to recompute saved metrics.,1094,90a2fa93eb2efe85b1494ef4d338db27aa6e60be9079ddec82757174e9570509
/workspace/scratch/d427a25ef2a1/evidence/environment-dns-failure/465c53afe834b0c08cd44c39e816893a4d678a25e3e7931403a78860da559369.json,temporary/scratch,,Raw public scrape/DNS-failure attempt or assembly utility; compact dated public evidence and finalized labels preserve useful findings. Not required to recompute saved metrics.,1100,840ce78a40bcdc341dedd72230cbcb2442adc451f2efaae827934fa9c081d199
/workspace/scratch/d427a25ef2a1/evidence/environment-dns-failure/46c4f0748c094d80f42870d61a739585a157d797e73fea8429adafe44bef0643.json,temporary/scratch,,Raw public scrape/DNS-failure attempt or assembly utility; compact dated public evidence and finalized labels preserve useful findings. Not required to recompute saved metrics.,1108,9022da88c9879b51aa006da412fdaf04c41f311f3f18fa1f7e2af8db614d2cfe
/workspace/scratch/d427a25ef2a1/evidence/environment-dns-failure/478b7edf3e57c41d9e68773fd19bbe9f6d3fefbdfa5d3e831cd3a8d4db2c5e8e.json,temporary/scratch,,Raw public scrape/DNS-failure attempt or assembly utility; compact dated public evidence and finalized labels preserve useful findings. Not required to recompute saved metrics.,1120,134abf1559b1a8887b37eb1bc940531e85cb0f67157426e710053c45fac5d58a
/workspace/scratch/d427a25ef2a1/evidence/environment-dns-failure/4832ad5e92f77c0aaaab1be3090ac8731ade3570f2b5c558981498bb5f0c5ca1.json,temporary/scratch,,Raw public scrape/DNS-failure attempt or assembly utility; compact dated public evidence and finalized labels preserve useful findings. Not required to recompute saved metrics.,1094,7da7001ef7e861df1ff863b59e1946a44d2d88bd6ace575618f8c03809ccc35a
/workspace/scratch/d427a25ef2a1/evidence/environment-dns-failure/493d84efcc7eb535aaec470268ed16ef19fa2af18c2aa3d6733d577083ee801d.json,temporary/scratch,,Raw public scrape/DNS-failure attempt or assembly utility; compact dated public evidence and finalized labels preserve useful findings. Not required to recompute saved metrics.,1102,7925a3c4870b5dc6b8ed01b672eeecb2a20fdb521f3df96baf4b4a9a9102f887
/workspace/scratch/d427a25ef2a1/evidence/environment-dns-failure/49b92bf6899596aca16236bd7170aa265b62aa69ff0313afd4bacaa610c02156.json,temporary/scratch,,Raw public scrape/DNS-failure attempt or assembly utility; compact dated public evidence and finalized labels preserve useful findings. Not required to recompute saved metrics.,1126,9a48aecba63b0fa3109c8da403084678f593ec04737de373ef6ad2914c3b8af8
/workspace/scratch/d427a25ef2a1/evidence/environment-dns-failure/49be003d8c9cd8cee0b5ebfb19c47efbfe88bf20fe8e06469d832b8fe9692500.json,temporary/scratch,,Raw public scrape/DNS-failure attempt or assembly utility; compact dated public evidence and finalized labels preserve useful findings. Not required to recompute saved metrics.,1106,f401cbe2e0e4e020b6f704ad4527b770f718381fdf38bccc80ce23e327fc4507
/workspace/scratch/d427a25ef2a1/evidence/environment-dns-failure/4a3610703343ce36c602980683bddc940a61188fbb56efa1d95c7b684073b5be.json,temporary/scratch,,Raw public scrape/DNS-failure attempt or assembly utility; compact dated public evidence and finalized labels preserve useful findings. Not required to recompute saved metrics.,1112,812ce0a05381a3957097a3b321d91fbb2fd0b785fb768659ac31b0dd07856d90
/workspace/scratch/d427a25ef2a1/evidence/environment-dns-failure/4c7a2be4af7935501e8c7ff747bdd12edb099d126aeb52993e11797e196eb86b.json,temporary/scratch,,Raw public scrape/DNS-failure attempt or assembly utility; compact dated public evidence and finalized labels preserve useful findings. Not required to recompute saved metrics.,1112,f6b3141458e4ef664393793ef25e1ad096deeb9042e7b937b5d01eafa1eb6d7f
/workspace/scratch/d427a25ef2a1/evidence/environment-dns-failure/4cbc239f1a259c69787d2b0a3d5c8a1eeb682c4e659ca6eb8bcb8ebe1f528ded.json,temporary/scratch,,Raw public scrape/DNS-failure attempt or assembly utility; compact dated public evidence and finalized labels preserve useful findings. Not required to recompute saved metrics.,1110,b057ba6639e85b51f9b59e5059404f1955091336e0fb90c03556c3c4548e8d03
/workspace/scratch/d427a25ef2a1/evidence/environment-dns-failure/4d187f739d180466cfdbdcda96da2f3edbb019dba0b8280de920b1fbbb2a817f.json,temporary/scratch,,Raw public scrape/DNS-failure attempt or assembly utility; compact dated public evidence and finalized labels preserve useful findings. Not required to recompute saved metrics.,1090,fc0501c1746d5fe2993e163a81236f3f754581db5fb2c3e59f586e8ecb3c551a
/workspace/scratch/d427a25ef2a1/evidence/environment-dns-failure/4deb9d981a58dbf555fa4ed6c9f989a703c2f512293491f1276e02c4c8a59ae9.json,temporary/scratch,,Raw public scrape/DNS-failure attempt or assembly utility; compact dated public evidence and finalized labels preserve useful findings. Not required to recompute saved metrics.,1102,c79699c37a1f10f0289e4bafca052d1fd491cb3133c620b04945f54bbf930bfe
/workspace/scratch/d427a25ef2a1/evidence/environment-dns-failure/4dee9a19ace2a27c9f2a0835d53150846f9eb15aa10464433553f1825c949736.json,temporary/scratch,,Raw public scrape/DNS-failure attempt or assembly utility; compact dated public evidence and finalized labels preserve useful findings. Not required to recompute saved metrics.,1116,9c2294804fba50028f3ddaf7fba5d5e9297062f63301df9f96a3c5522618cdcf
/workspace/scratch/d427a25ef2a1/evidence/environment-dns-failure/4e1792eee83c627fa2c32153c6dc0443724424da0dc416dba8a87ded5aadd75d.json,temporary/scratch,,Raw public scrape/DNS-failure attempt or assembly utility; compact dated public evidence and finalized labels preserve useful findings. Not required to recompute saved metrics.,1100,96be100683990c100c8c0b134a7009cdd7b055a2900cfdc353f80410895ac7c2
/workspace/scratch/d427a25ef2a1/evidence/environment-dns-failure/4f3b0a5f14a9300fa2b5247558b260ff45bf8c39323010d89b783a8770abee2b.json,temporary/scratch,,Raw public scrape/DNS-failure attempt or assembly utility; compact dated public evidence and finalized labels preserve useful findings. Not required to recompute saved metrics.,1112,6fd6578bb7c193667b2e7a301de4287dfb61be13f02f9d2ad1e1e7a9963ba31a
/workspace/scratch/d427a25ef2a1/evidence/environment-dns-failure/4ffe3cb263e4c25b9664f60f4a75943027068272e1898e52781488279647c380.json,temporary/scratch,,Raw public scrape/DNS-failure attempt or assembly utility; compact dated public evidence and finalized labels preserve useful findings. Not required to recompute saved metrics.,1096,129abc7837ca74beb6c1fe1a471db7ea59fe9b82f3f439da90a7086ae9437fd6
/workspace/scratch/d427a25ef2a1/evidence/environment-dns-failure/504547d3535ad4966cc15a7c6dafc08de61f29e07089ad913b09b5e6eb6d0711.json,temporary/scratch,,Raw public scrape/DNS-failure attempt or assembly utility; compact dated public evidence and finalized labels preserve useful findings. Not required to recompute saved metrics.,1106,7749b199cccd47f9d46899a12cd07a24fdab9aafd5b1a193c6b43604e51152ef
/workspace/scratch/d427a25ef2a1/evidence/environment-dns-failure/508071d9e5d380737b07b1f629e239b4e178dac31213f2b0b9001e6a56b58df9.json,temporary/scratch,,Raw public scrape/DNS-failure attempt or assembly utility; compact dated public evidence and finalized labels preserve useful findings. Not required to recompute saved metrics.,1112,67ca4692f86529e5fe4ccbdd888476237f8bb8d95ba28fd22a596e7fb63e8ca3
/workspace/scratch/d427a25ef2a1/evidence/environment-dns-failure/5087013d67185d55a0bd348f83e217edc40f834550593c1ba1dfbf2f9cc6f0dc.json,temporary/scratch,,Raw public scrape/DNS-failure attempt or assembly utility; compact dated public evidence and finalized labels preserve useful findings. Not required to recompute saved metrics.,1114,89a873b8d93d94d7095cf951a4440e765bd1e0989d145a53f32e026ceca74bac
/workspace/scratch/d427a25ef2a1/evidence/environment-dns-failure/5168f4fa9e02d309eb87cfe1ac66ac88764f09a676f45e221078983cdad7c733.json,temporary/scratch,,Raw public scrape/DNS-failure attempt or assembly utility; compact dated public evidence and finalized labels preserve useful findings. Not required to recompute saved metrics.,1106,2cc827c7cf66c718fea5ffe265ee0359ed426a4b5588482cc640252a97c0680f
/workspace/scratch/d427a25ef2a1/evidence/environment-dns-failure/51b957d5786b25abe21159e754f3b6dad9dda5b716dfd4fb79bd2fb2bb203a6e.json,temporary/scratch,,Raw public scrape/DNS-failure attempt or assembly utility; compact dated public evidence and finalized labels preserve useful findings. Not required to recompute saved metrics.,1104,0284543c1e503647bfcc9d47b464cc34d96ebbf3d667a664720f069b6d84fb35
/workspace/scratch/d427a25ef2a1/evidence/environment-dns-failure/53553df5ddf04441f264fb7e9f35e3954697fb9a465f599d61cbb7394f28be8d.json,temporary/scratch,,Raw public scrape/DNS-failure attempt or assembly utility; compact dated public evidence and finalized labels preserve useful findings. Not required to recompute saved metrics.,1122,e87f40e8e21a60862a1074b0a416c8a95cc391794d919933736e19537d391962
/workspace/scratch/d427a25ef2a1/evidence/environment-dns-failure/53b8616782dd46e30e771d2a5ca9e530ca2b4759d8d697e1aa668ff3a296e9bb.json,temporary/scratch,,Raw public scrape/DNS-failure attempt or assembly utility; compact dated public evidence and finalized labels preserve useful findings. Not required to recompute saved metrics.,1100,7a1410d180ff93e5d767b23db259aeae9cc0cc73c7c27e101b0abab5fa82589b
/workspace/scratch/d427a25ef2a1/evidence/environment-dns-failure/54373074065726f31c5e7273ae7fd5976eb61f04d3b4b58b08d36e9a5dffb445.json,temporary/scratch,,Raw public scrape/DNS-failure attempt or assembly utility; compact dated public evidence and finalized labels preserve useful findings. Not required to recompute saved metrics.,1108,4335c8afdeca68ae525da68e092231db0aea459858964ec070767dd87cf5d711
/workspace/scratch/d427a25ef2a1/evidence/environment-dns-failure/54a08e4fa541352c6e758b2f8f3144473762a2d11946149e772193a0ba5f93a9.json,temporary/scratch,,Raw public scrape/DNS-failure attempt or assembly utility; compact dated public evidence and finalized labels preserve useful findings. Not required to recompute saved metrics.,1092,942224095db338dd73ff634ba323d9d2eadbfa170deb5224601601c75dba0d1b
/workspace/scratch/d427a25ef2a1/evidence/environment-dns-failure/54bb3f737994ceebb4a1d53333f601a8e0c1b5c4734b4728cbad9563653abe42.json,temporary/scratch,,Raw public scrape/DNS-failure attempt or assembly utility; compact dated public evidence and finalized labels preserve useful findings. Not required to recompute saved metrics.,1114,21f98717cee5460f4ef4c27755d2231693064004f9cb7675e31e86a874ff6d37
/workspace/scratch/d427a25ef2a1/evidence/environment-dns-failure/55a730a22fa46fb22e2cfa9223b62cf0af4bd4ac6dd0cf96047900892cebfde5.json,temporary/scratch,,Raw public scrape/DNS-failure attempt or assembly utility; compact dated public evidence and finalized labels preserve useful findings. Not required to recompute saved metrics.,1096,6acef454821787f14e20cef718ef89565e150a9e31fce3ac2671b307d9af4393
/workspace/scratch/d427a25ef2a1/evidence/environment-dns-failure/56587bf93441ca1c62e6d243aa9a25f2cb5a59903e72a4e796b30cfc265f6ba5.json,temporary/scratch,,Raw public scrape/DNS-failure attempt or assembly utility; compact dated public evidence and finalized labels preserve useful findings. Not required to recompute saved metrics.,1112,661cb337faa56da238d99e0772f0195ca8421bff900b8858c3b14437b33f5554
/workspace/scratch/d427a25ef2a1/evidence/environment-dns-failure/58215bf8d9285b21a4532c5b0a2194e949e8f2db0cdc85cdf039a5c824a6af5f.json,temporary/scratch,,Raw public scrape/DNS-failure attempt or assembly utility; compact dated public evidence and finalized labels preserve useful findings. Not required to recompute saved metrics.,1096,bf0b104f3fa23a40b5582d0d219dedf6e68b3cba1c435c7ce41ef578007b61ee
/workspace/scratch/d427a25ef2a1/evidence/environment-dns-failure/59b4f5b6de55186ffb2ad0579cb555d275bd902e60f6e05e94644c31492339f6.json,temporary/scratch,,Raw public scrape/DNS-failure attempt or assembly utility; compact dated public evidence and finalized labels preserve useful findings. Not required to recompute saved metrics.,1114,265cb960f567b1b0931e28ff30e77776768167473eac988939c67430acc8419a
/workspace/scratch/d427a25ef2a1/evidence/environment-dns-failure/5b21650943aeeb7080e20c4ebb233e51be7fff47d98a0e49b4c10b78fa306749.json,temporary/scratch,,Raw public scrape/DNS-failure attempt or assembly utility; compact dated public evidence and finalized labels preserve useful findings. Not required to recompute saved metrics.,1088,331229e481e3266bd58fe19a4c750056513335fa4dc079d80f67607e8bde5156
/workspace/scratch/d427a25ef2a1/evidence/environment-dns-failure/5c2c89fd3e9c0069905f34c96adb407974649ff07a946c6fc461a55a86fad2fa.json,temporary/scratch,,Raw public scrape/DNS-failure attempt or assembly utility; compact dated public evidence and finalized labels preserve useful findings. Not required to recompute saved metrics.,1116,fdd64c32f6fb00798bda0392ea3a8a2a964b489e8dd1d181bf72e0f97834668d
/workspace/scratch/d427a25ef2a1/evidence/environment-dns-failure/5cb82765551768f152673c1f277783a040c3636754bbf11b943bf7d13ecd522e.json,temporary/scratch,,Raw public scrape/DNS-failure attempt or assembly utility; compact dated public evidence and finalized labels preserve useful findings. Not required to recompute saved metrics.,1110,a14759fc189ca373f457c13ed402498d2783043d250d4e284f4b62fd03b69945
/workspace/scratch/d427a25ef2a1/evidence/environment-dns-failure/5cd2bde95b3275565a29ec966fbe94039b81aa5bcc5f72a2ce78ce781a07e49a.json,temporary/scratch,,Raw public scrape/DNS-failure attempt or assembly utility; compact dated public evidence and finalized labels preserve useful findings. Not required to recompute saved metrics.,1104,9a840127f0c50820f032075f22413d86921a4434ac5a6b24d6396df84f0029d8
/workspace/scratch/d427a25ef2a1/evidence/environment-dns-failure/5d46372ffa567042bbbef7be2cbb51fbb2993323d49876807ed577da767ce5aa.json,temporary/scratch,,Raw public scrape/DNS-failure attempt or assembly utility; compact dated public evidence and finalized labels preserve useful findings. Not required to recompute saved metrics.,1100,32f82dba698d6fdb5119e130b9d0bab869480eecf679509df4fad3882cce0f40
/workspace/scratch/d427a25ef2a1/evidence/environment-dns-failure/5d62d173eba607757b49b1ff7f130650b65f6b9596613dbddd11b5ca8ea96a44.json,temporary/scratch,,Raw public scrape/DNS-failure attempt or assembly utility; compact dated public evidence and finalized labels preserve useful findings. Not required to recompute saved metrics.,1118,44028faa8a11701cb6425e12532384071ddf7bb85e52f8a35fa76de58d1a4888
/workspace/scratch/d427a25ef2a1/evidence/environment-dns-failure/5f08112de96058540aed6b18370280cd16777c4c4128cc9275885c78844a0664.json,temporary/scratch,,Raw public scrape/DNS-failure attempt or assembly utility; compact dated public evidence and finalized labels preserve useful findings. Not required to recompute saved metrics.,1098,72a3bdee9364a08f5700b9df471b016ee397916c6ce89dc7b32637d4814333d8
/workspace/scratch/d427a25ef2a1/evidence/environment-dns-failure/5f66d1963b05e4e0e20abeade058d385967f5ef7191a99bfac924ec2d33038d9.json,temporary/scratch,,Raw public scrape/DNS-failure attempt or assembly utility; compact dated public evidence and finalized labels preserve useful findings. Not required to recompute saved metrics.,1120,e75b4efdc70ce159565e39f740a7392362be6ed4f3a39a2037ee3243113c0c70
/workspace/scratch/d427a25ef2a1/evidence/environment-dns-failure/5fdecdb3089493bab4c997e2773f79ad3d04663ceb595383d1152f00401e038c.json,temporary/scratch,,Raw public scrape/DNS-failure attempt or assembly utility; compact dated public evidence and finalized labels preserve useful findings. Not required to recompute saved metrics.,1108,57b8e9b356ac5a636d166e3d6672c8393af48ad970ba37eae398fa05f73a7231
/workspace/scratch/d427a25ef2a1/evidence/environment-dns-failure/60fe559eb98ea01b112cf92341106edddd8c88aecf67f28620a841f735d65556.json,temporary/scratch,,Raw public scrape/DNS-failure attempt or assembly utility; compact dated public evidence and finalized labels preserve useful findings. Not required to recompute saved metrics.,1094,23c0d99d7c627113e8fea3d9c5e0c5530fdbb1ac22de8365e48dbcc95bde4dd1
/workspace/scratch/d427a25ef2a1/evidence/environment-dns-failure/6188fb0200c3cdaffb64bfee35dc1c7bf558b5ec45f390c09ee971b99a263c67.json,temporary/scratch,,Raw public scrape/DNS-failure attempt or assembly utility; compact dated public evidence and finalized labels preserve useful findings. Not required to recompute saved metrics.,1094,938aaa44c78a4660bd7eda810d5aa6246387e1694dae37283124c03dc8af403e
/workspace/scratch/d427a25ef2a1/evidence/environment-dns-failure/621554f8a119031892852ec2bf46b29f5fdde7d39a0dd8f87cf00d98b9bb9659.json,temporary/scratch,,Raw public scrape/DNS-failure attempt or assembly utility; compact dated public evidence and finalized labels preserve useful findings. Not required to recompute saved metrics.,1096,b23ae644a8cecf244d15c490522d1a1c577d78886d782a020ee1d293bda0f819
/workspace/scratch/d427a25ef2a1/evidence/environment-dns-failure/62f8d32c1da39d8b067524681683d5080f3ae7ed38ef5a9299024ecfdeb20dda.json,temporary/scratch,,Raw public scrape/DNS-failure attempt or assembly utility; compact dated public evidence and finalized labels preserve useful findings. Not required to recompute saved metrics.,1120,8a3fdc5d83624e2ec55fde9b0abcb4857e1240488d80343d4a2ae094d5497444
/workspace/scratch/d427a25ef2a1/evidence/environment-dns-failure/63914bf1d421ad8d81bc7c08169d8bd8c78bb8f449f3790e01a7d803a6f8f0f7.json,temporary/scratch,,Raw public scrape/DNS-failure attempt or assembly utility; compact dated public evidence and finalized labels preserve useful findings. Not required to recompute saved metrics.,1106,45fe463127378dc5ea461eb79df525416e5d62face6a2d7c3f598fc6ee8b2429
/workspace/scratch/d427a25ef2a1/evidence/environment-dns-failure/63f71dcec3bd8d9b857b05c54b492c0b28e8a12af82053b0c019ec1a04a5eb9a.json,temporary/scratch,,Raw public scrape/DNS-failure attempt or assembly utility; compact dated public evidence and finalized labels preserve useful findings. Not required to recompute saved metrics.,1122,585a1bad2bc8b9e6a9988a90e48fe08817835a5507b79e22d9bbeedd1af95d51
/workspace/scratch/d427a25ef2a1/evidence/environment-dns-failure/645b1b4b5ec1b8f2a137acbacc450d99eee1418be16ab8e1d908fa8a4729426a.json,temporary/scratch,,Raw public scrape/DNS-failure attempt or assembly utility; compact dated public evidence and finalized labels preserve useful findings. Not required to recompute saved metrics.,1096,04d333c9abf1c0be125ca0c049f2f43e226092525811d077e6b7c17ffeb55eb0
/workspace/scratch/d427a25ef2a1/evidence/environment-dns-failure/66ac3d949193d7fe6fc6f6ab046b0bc84e03aef5d01c8a6de2f9904cdca68f91.json,temporary/scratch,,Raw public scrape/DNS-failure attempt or assembly utility; compact dated public evidence and finalized labels preserve useful findings. Not required to recompute saved metrics.,1106,ababd5a508e148b9bc7289bfd2f4a60c5babce6144912666fe7e77fbef96a101
/workspace/scratch/d427a25ef2a1/evidence/environment-dns-failure/66ce42d68d65de17c12864b88059e514d840539354c26ef390dbf03dc06e7bd2.json,temporary/scratch,,Raw public scrape/DNS-failure attempt or assembly utility; compact dated public evidence and finalized labels preserve useful findings. Not required to recompute saved metrics.,1100,afaeccf57a32f28edc4ccd157fc5a0b1e63c027fd4a78bfb924a36944c967ebd
/workspace/scratch/d427a25ef2a1/evidence/environment-dns-failure/68f8aaac09a6e86a4480a226dedfe1987ab7141610f7bbe10a7a5a8aef6fe5a7.json,temporary/scratch,,Raw public scrape/DNS-failure attempt or assembly utility; compact dated public evidence and finalized labels preserve useful findings. Not required to recompute saved metrics.,1112,43730af9ea9d69317453d3cda947c470fc0f580148c879814156eb4c199fa734
/workspace/scratch/d427a25ef2a1/evidence/environment-dns-failure/6ad6a0fa9f3a8936af4fd9028519eda3efb3d37ee4709b72233ec5c81f3f946d.json,temporary/scratch,,Raw public scrape/DNS-failure attempt or assembly utility; compact dated public evidence and finalized labels preserve useful findings. Not required to recompute saved metrics.,1088,29ee9cf5c9e1c80ed1f8d836d6acded5d2190e5cab9355e8776aaf061599c9a4
/workspace/scratch/d427a25ef2a1/evidence/environment-dns-failure/6b9f82f973c38fc4a0f4717261eace72c0a4c955f15caf56af7928be11d1e242.json,temporary/scratch,,Raw public scrape/DNS-failure attempt or assembly utility; compact dated public evidence and finalized labels preserve useful findings. Not required to recompute saved metrics.,1098,1e2d013636b52b98e735cd577ba8cc05818c5510f8cb0e55605c705b781e7bcf
/workspace/scratch/d427a25ef2a1/evidence/environment-dns-failure/6bce4c35d1abc5382739b8f222a094c0525f5b0ce98a68d6d1974ab5f49a88b3.json,temporary/scratch,,Raw public scrape/DNS-failure attempt or assembly utility; compact dated public evidence and finalized labels preserve useful findings. Not required to recompute saved metrics.,1114,c09ddafd2257349b161bb6190bda624ccbc7c0e6cd1d5fe59fa1ee83af3f8e2f
/workspace/scratch/d427a25ef2a1/evidence/environment-dns-failure/6c5c066f68d7df6d9793a59cc66c66bfcf3cfa4b4abee13ded1f6203cf3dffe8.json,temporary/scratch,,Raw public scrape/DNS-failure attempt or assembly utility; compact dated public evidence and finalized labels preserve useful findings. Not required to recompute saved metrics.,1114,80cde395a6c02584d91eec5494d0b93747d79fe1d131f22e5690e2140ba2357b
/workspace/scratch/d427a25ef2a1/evidence/environment-dns-failure/6cd45863df9c9a675da4e23a09469f4183445cb11ddf2fcf2938c97616a6e6bb.json,temporary/scratch,,Raw public scrape/DNS-failure attempt or assembly utility; compact dated public evidence and finalized labels preserve useful findings. Not required to recompute saved metrics.,1100,cf394bf6556be26f01a70c025b7c3143302dfe6470a4eb397a6798828109e67a
/workspace/scratch/d427a25ef2a1/evidence/environment-dns-failure/6d614a53def7ba2d1b246ca318bc50599833ae0b35a2ea9edd0f60648d73fc69.json,temporary/scratch,,Raw public scrape/DNS-failure attempt or assembly utility; compact dated public evidence and finalized labels preserve useful findings. Not required to recompute saved metrics.,1124,28f9d4e6f1e67b1adae01ea02c71801659c709ff00b81acb16eb4e1d44aa318c
/workspace/scratch/d427a25ef2a1/evidence/environment-dns-failure/6da4b7c7554ca25d7dd747dadd1d88eae8a8a20d973d05023518dc741550ea79.json,temporary/scratch,,Raw public scrape/DNS-failure attempt or assembly utility; compact dated public evidence and finalized labels preserve useful findings. Not required to recompute saved metrics.,1096,b53aede2abb2026317dbfbaba59a611132e0e2966b374012cd1753b5692dc113
/workspace/scratch/d427a25ef2a1/evidence/environment-dns-failure/6fa512f5a404bc136a6a9120e893b1fdc5fcf88e1bbdb2856073e7f7e73dd90b.json,temporary/scratch,,Raw public scrape/DNS-failure attempt or assembly utility; compact dated public evidence and finalized labels preserve useful findings. Not required to recompute saved metrics.,1110,9a88b3f0fe956573119c9ba393d70ca7a3f21d07bd5f01c6a16a8e9474799817
/workspace/scratch/d427a25ef2a1/evidence/environment-dns-failure/7056fb7342dd594af0abcc0098a857b7e26bc0ab1ec841b474315ec9a24ce912.json,temporary/scratch,,Raw public scrape/DNS-failure attempt or assembly utility; compact dated public evidence and finalized labels preserve useful findings. Not required to recompute saved metrics.,1120,138777448dd7be559f60fa78275b2e362097c8ee922bd7a90a89d96565c1ee4e
/workspace/scratch/d427a25ef2a1/evidence/environment-dns-failure/71023ff879a2ab5d3b028dba3a531d8e0cfbbb50ddc28754d3be77d5a079c949.json,temporary/scratch,,Raw public scrape/DNS-failure attempt or assembly utility; compact dated public evidence and finalized labels preserve useful findings. Not required to recompute saved metrics.,1112,000b59a98b1ddca499efee3bf7ef1582282e0f66202ad6c4f20942cdee65f044
/workspace/scratch/d427a25ef2a1/evidence/environment-dns-failure/71c7dbadab995c6b9cb2e9bf18ed01c722633361d47260cdf26652c5b1a52f3f.json,temporary/scratch,,Raw public scrape/DNS-failure attempt or assembly utility; compact dated public evidence and finalized labels preserve useful findings. Not required to recompute saved metrics.,1116,77bd354cca4015104082d85e58f5b08641793caffd42fb26788ad82e786420a8
/workspace/scratch/d427a25ef2a1/evidence/environment-dns-failure/7220897c873d96e0ce642396fa4e24e9905e5c256ec607470ad765fab2ac06f9.json,temporary/scratch,,Raw public scrape/DNS-failure attempt or assembly utility; compact dated public evidence and finalized labels preserve useful findings. Not required to recompute saved metrics.,1114,aac02bb19da50f4888f7e2b61b07e1c081d4c88f3e67bff9ba751d61467058b5
/workspace/scratch/d427a25ef2a1/evidence/environment-dns-failure/72d14c12eb1e4b7fed38124ec1555d1d622b7fae749a8a8e0f0eba159abaeac6.json,temporary/scratch,,Raw public scrape/DNS-failure attempt or assembly utility; compact dated public evidence and finalized labels preserve useful findings. Not required to recompute saved metrics.,1112,811bfd518225ea9663b7b50059ab90628f4105698a1e2acb79ac37d6d3f7be0c
/workspace/scratch/d427a25ef2a1/evidence/environment-dns-failure/73fcf5f2c8a99bb43f7b5ade1f6d1805ba27336fbbefb9c1e2d182bcc82992eb.json,temporary/scratch,,Raw public scrape/DNS-failure attempt or assembly utility; compact dated public evidence and finalized labels preserve useful findings. Not required to recompute saved metrics.,1112,9d3573ab87d34972836ae09dae58c9723b98b8b25364be634241c091f5de09cd
/workspace/scratch/d427a25ef2a1/evidence/environment-dns-failure/74654b220d3c4c792cf20ccbe10d646aaa6070344f8acf1f658fe07123c9379d.json,temporary/scratch,,Raw public scrape/DNS-failure attempt or assembly utility; compact dated public evidence and finalized labels preserve useful findings. Not required to recompute saved metrics.,1118,b2cf0600c99bc04cb600a4c250663b34a23f87bba8d4225a1db509dfb981ca4f
/workspace/scratch/d427a25ef2a1/evidence/environment-dns-failure/746dded9fa98008139f25ecff975c8236158a8b6171f80868d0ce645344982d9.json,temporary/scratch,,Raw public scrape/DNS-failure attempt or assembly utility; compact dated public evidence and finalized labels preserve useful findings. Not required to recompute saved metrics.,1092,576d34b663bd9a703b4a35cdbf5b0faee5d40bfb29d56844d6d49a95edea9293
/workspace/scratch/d427a25ef2a1/evidence/environment-dns-failure/74aad500d841007b14c56b810ac4acf29b5dc0d098c8bbdc4b3816b004407308.json,temporary/scratch,,Raw public scrape/DNS-failure attempt or assembly utility; compact dated public evidence and finalized labels preserve useful findings. Not required to recompute saved metrics.,1108,2917af1f41fa3eacd49933b5e92d7998a5fab5a9f62b72c60da638a37aea9181
/workspace/scratch/d427a25ef2a1/evidence/environment-dns-failure/74ccbf43657780d74266cfee32010388a5fc4c22682bded550ab5da41206d8b5.json,temporary/scratch,,Raw public scrape/DNS-failure attempt or assembly utility; compact dated public evidence and finalized labels preserve useful findings. Not required to recompute saved metrics.,1124,fbbc8c32fb62180f8157efd08d003f409f2bee238f49b456b069f34a2a980803
/workspace/scratch/d427a25ef2a1/evidence/environment-dns-failure/75d6d12f144d7150949271f856ffca1eb1fc35cc8e79e050fce3a8888af72882.json,temporary/scratch,,Raw public scrape/DNS-failure attempt or assembly utility; compact dated public evidence and finalized labels preserve useful findings. Not required to recompute saved metrics.,1114,8e72158b0f3e211e345225e4d64017ee2f26d7428f6fb9d28adcca81948967fe
/workspace/scratch/d427a25ef2a1/evidence/environment-dns-failure/75e16ac5f2062361c41086298f8b255635fa99171b61dad15e3b151cdebe080b.json,temporary/scratch,,Raw public scrape/DNS-failure attempt or assembly utility; compact dated public evidence and finalized labels preserve useful findings. Not required to recompute saved metrics.,1096,4ed17d6018177325febcc35c1391ac19e5dd1ddd70a5af4e830b05cf1b00e180
/workspace/scratch/d427a25ef2a1/evidence/environment-dns-failure/76b558fc1c06df3826b1f3a128398d31d7f789845207686e616d99c08264de7f.json,temporary/scratch,,Raw public scrape/DNS-failure attempt or assembly utility; compact dated public evidence and finalized labels preserve useful findings. Not required to recompute saved metrics.,1118,de74becfa7eb140f9778f3dec28723fdcb8b1e83cf1c6ba5207ad6ab864e02f0
/workspace/scratch/d427a25ef2a1/evidence/environment-dns-failure/775a911f898c232c8aa415b4d8f5245a9b656d4663825a331a999574fb38b4a7.json,temporary/scratch,,Raw public scrape/DNS-failure attempt or assembly utility; compact dated public evidence and finalized labels preserve useful findings. Not required to recompute saved metrics.,1114,d919d75d8391bea73eaca84346df4d8cf270f81f15e05a133f5c82d21be789ae
/workspace/scratch/d427a25ef2a1/evidence/environment-dns-failure/77702961b686d0a2a4e8ebe3167eaa3894ba7570645bd1cef49ed8527eaf5692.json,temporary/scratch,,Raw public scrape/DNS-failure attempt or assembly utility; compact dated public evidence and finalized labels preserve useful findings. Not required to recompute saved metrics.,1102,7d529b1c02d803d436106525cbc6ab464478b3294d01bfc54225a651d57d8676
/workspace/scratch/d427a25ef2a1/evidence/environment-dns-failure/78535cfc4a47c7be3f8325ef1b05278b42567fc5a7b9b3a83e8b9b8aa7211066.json,temporary/scratch,,Raw public scrape/DNS-failure attempt or assembly utility; compact dated public evidence and finalized labels preserve useful findings. Not required to recompute saved metrics.,1106,62913f1cbea03dfa37a1cedf08d8933f6777597caf321333bd2b09407cced870
/workspace/scratch/d427a25ef2a1/evidence/environment-dns-failure/79be43219bde0be58e3f6593c4b3d4deab27bf786663461d8d1495baf38abc64.json,temporary/scratch,,Raw public scrape/DNS-failure attempt or assembly utility; compact dated public evidence and finalized labels preserve useful findings. Not required to recompute saved metrics.,1108,6942ed0a89a0d9aee1f6f66fe57770d16fe91b5d6f02b9889d1a913c8f236831
/workspace/scratch/d427a25ef2a1/evidence/environment-dns-failure/7a04ad4734e08f2c72ecb75f8a9cf152382239ff4ee662f9fae63bf62e9fc7d1.json,temporary/scratch,,Raw public scrape/DNS-failure attempt or assembly utility; compact dated public evidence and finalized labels preserve useful findings. Not required to recompute saved metrics.,1100,9d426fac64cd2f35f15d4964bd36a6463d09b16030d1f08dd840359fa6c20a29
/workspace/scratch/d427a25ef2a1/evidence/environment-dns-failure/7a12836a549e7d580243e7168aacb6b1bfa5d29e5c31a12543cffff51f4a4252.json,temporary/scratch,,Raw public scrape/DNS-failure attempt or assembly utility; compact dated public evidence and finalized labels preserve useful findings. Not required to recompute saved metrics.,1100,ef46bacd38181309c556576cb3007e5a8f4b697ef4a94665d4748b7703aef56a
/workspace/scratch/d427a25ef2a1/evidence/environment-dns-failure/7db1dc984eb55899594029f9048392c1961924a38726a0cf033f2fa442e66bc7.json,temporary/scratch,,Raw public scrape/DNS-failure attempt or assembly utility; compact dated public evidence and finalized labels preserve useful findings. Not required to recompute saved metrics.,1100,418a50f5d1297d83328f1b4240ea92ef379db6b2e3dfeb4c6a98265c49c382a7
/workspace/scratch/d427a25ef2a1/evidence/environment-dns-failure/7ebdcf151c7ebd4027b7f0ff70b9beac8f3cbb03695e892747dd0ef168c8e76d.json,temporary/scratch,,Raw public scrape/DNS-failure attempt or assembly utility; compact dated public evidence and finalized labels preserve useful findings. Not required to recompute saved metrics.,1112,962bff2aa780eed404a91f9a441976ef2eba14aef815de54c3af68da8c89a30a
/workspace/scratch/d427a25ef2a1/evidence/environment-dns-failure/7f9287165650e168fc595d33f76370d2831bfbae74e6994cfa317af58063550e.json,temporary/scratch,,Raw public scrape/DNS-failure attempt or assembly utility; compact dated public evidence and finalized labels preserve useful findings. Not required to recompute saved metrics.,1112,7c5da6b1c470f9ecca88129d9bdcc65eae1d20ad4b48c9250725b7cf9c5c8d82
/workspace/scratch/d427a25ef2a1/evidence/environment-dns-failure/81176e1eab092d04e2ac6d02b286a14d8768cc32577e391deb4b816103afd1ff.json,temporary/scratch,,Raw public scrape/DNS-failure attempt or assembly utility; compact dated public evidence and finalized labels preserve useful findings. Not required to recompute saved metrics.,1122,5db1da9d5330d1fb70a64fa510fa09244fb77aa59246d13c569fbd4663bfa1bb
/workspace/scratch/d427a25ef2a1/evidence/environment-dns-failure/816aa74a493e6ad715264c7d6f5b62f7a9297776fc2223f7f0193b223d6ebc5e.json,temporary/scratch,,Raw public scrape/DNS-failure attempt or assembly utility; compact dated public evidence and finalized labels preserve useful findings. Not required to recompute saved metrics.,1098,c1453236797c94c6ced69368863339413cf035ebbf1c6423ff93783a7d5f46c6
/workspace/scratch/d427a25ef2a1/evidence/environment-dns-failure/81b41e07be2b57bd3d56c5368241e56a301745b97c03c0fd06caccd78469223e.json,temporary/scratch,,Raw public scrape/DNS-failure attempt or assembly utility; compact dated public evidence and finalized labels preserve useful findings. Not required to recompute saved metrics.,1096,6d7aad5f60d82b7578d217263fcfe71889d3be2a301a689e2f0e8b33f29dd4f7
/workspace/scratch/d427a25ef2a1/evidence/environment-dns-failure/81fdd3b802baaa7041911a7f5e36afe561492c27cf20fe6c45452ec47dde7e65.json,temporary/scratch,,Raw public scrape/DNS-failure attempt or assembly utility; compact dated public evidence and finalized labels preserve useful findings. Not required to recompute saved metrics.,1108,edf14e0fdb16c7d1e309dbb56e88b36b51ef0d5b9cd1e297469f5ee80dd2ff66
/workspace/scratch/d427a25ef2a1/evidence/environment-dns-failure/8203cf37b0f31a46b8c6b6715a701b5d2b5af707e5b85df17ba2698d5ef5da2e.json,temporary/scratch,,Raw public scrape/DNS-failure attempt or assembly utility; compact dated public evidence and finalized labels preserve useful findings. Not required to recompute saved metrics.,1112,d122bc2110545a2295adbd0e8f551b91d377a779fd50e1137c46f805564ddfa2
/workspace/scratch/d427a25ef2a1/evidence/environment-dns-failure/82abe82792d01a6268cf1c629300b96cedbf52cc99ec083fb4d2ac0ecaa307c0.json,temporary/scratch,,Raw public scrape/DNS-failure attempt or assembly utility; compact dated public evidence and finalized labels preserve useful findings. Not required to recompute saved metrics.,1104,c5131f915ac08447cb3bc7f215d773f47975f8e3e9a59172a1d05a311f61463d
/workspace/scratch/d427a25ef2a1/evidence/environment-dns-failure/8331f69b591a2c47a160c45fd424cbea5adff7553023c1b262806521a1585ebd.json,temporary/scratch,,Raw public scrape/DNS-failure attempt or assembly utility; compact dated public evidence and finalized labels preserve useful findings. Not required to recompute saved metrics.,1094,5b88e22901a6515d7995c0f46d59f16e4c679d3178f949171f4d8a7aa6b9b4f6
/workspace/scratch/d427a25ef2a1/evidence/environment-dns-failure/83aaf7cba0d22a2e4517dbd14279db76c7ccc79bb7ae687ed9c097dcfe5fa509.json,temporary/scratch,,Raw public scrape/DNS-failure attempt or assembly utility; compact dated public evidence and finalized labels preserve useful findings. Not required to recompute saved metrics.,1112,ced53f2c17190cd81120c92c1c937f36e91fed47e35f41a56a7fe16870705d02
/workspace/scratch/d427a25ef2a1/evidence/environment-dns-failure/83b0068b01f8b2bbf2acb8be3a62c84f66717a413ca79f063e00891c61aa1ca2.json,temporary/scratch,,Raw public scrape/DNS-failure attempt or assembly utility; compact dated public evidence and finalized labels preserve useful findings. Not required to recompute saved metrics.,1106,6392909b3e792a6b110edefebfb1a6275f33fde63d975fd17724bfb5882de9f6
/workspace/scratch/d427a25ef2a1/evidence/environment-dns-failure/85b521ef6f83dee57c40fdbe00b9cc3962c9211608d18c0ff03e37063c5566dd.json,temporary/scratch,,Raw public scrape/DNS-failure attempt or assembly utility; compact dated public evidence and finalized labels preserve useful findings. Not required to recompute saved metrics.,1102,e81bbe73f66827951b3123f76083df87868db0dc38adb6bc32a75195f6a4b248
/workspace/scratch/d427a25ef2a1/evidence/environment-dns-failure/8697801975a278c9f122e5f77eb77fa74074a9c551b896257d719dfffdd14245.json,temporary/scratch,,Raw public scrape/DNS-failure attempt or assembly utility; compact dated public evidence and finalized labels preserve useful findings. Not required to recompute saved metrics.,1096,9cff4359c4fd97ef4103bb61bbcf219baa7362e4004a02aa0775d9a0651f7103
/workspace/scratch/d427a25ef2a1/evidence/environment-dns-failure/86b13ff800be3b6e550b673cc2263762329de8fc8f7bc49c3961e84d84c4178e.json,temporary/scratch,,Raw public scrape/DNS-failure attempt or assembly utility; compact dated public evidence and finalized labels preserve useful findings. Not required to recompute saved metrics.,1114,e3b55c66dfe00db664aa6ca84f9c75be20a7c8bed446d9fe70834e6fdc39d308
/workspace/scratch/d427a25ef2a1/evidence/environment-dns-failure/86f5cb8e9eec2241c5268e203f212363d6aa76512b7e075f6f563a7174218a69.json,temporary/scratch,,Raw public scrape/DNS-failure attempt or assembly utility; compact dated public evidence and finalized labels preserve useful findings. Not required to recompute saved metrics.,1098,e1b59ebe6964965e7278abb291fedd1b3ad3d79109f79761e103add5d03cb825
/workspace/scratch/d427a25ef2a1/evidence/environment-dns-failure/86f8436017d5de7343d5af89b4bddb550445a999f293adda943781460072e757.json,temporary/scratch,,Raw public scrape/DNS-failure attempt or assembly utility; compact dated public evidence and finalized labels preserve useful findings. Not required to recompute saved metrics.,1096,8579f2910648d2073979bb1efbe8782dba3140cbb25d729c255df9d8206d07cf
/workspace/scratch/d427a25ef2a1/evidence/environment-dns-failure/87234e92b977facb1c07dd5445b3e670658baf47b2b09cac29b88eb7b2a83311.json,temporary/scratch,,Raw public scrape/DNS-failure attempt or assembly utility; compact dated public evidence and finalized labels preserve useful findings. Not required to recompute saved metrics.,1120,07ca0a359dd92218e7ef3c4f460acf047124509fccd0f96fc853123cb71d2904
/workspace/scratch/d427a25ef2a1/evidence/environment-dns-failure/878d9a02d4d372cc470b3ba499d2dae52fabe3759eef5b388e2df25592ecc491.json,temporary/scratch,,Raw public scrape/DNS-failure attempt or assembly utility; compact dated public evidence and finalized labels preserve useful findings. Not required to recompute saved metrics.,1094,31a70928041e1ae74a01a49352548ab6b86f92dbe94d5af6e984bb49ecc490c4
/workspace/scratch/d427a25ef2a1/evidence/environment-dns-failure/879bb160d51a1b26e83d1fde5cae450e84fcb187cdb08443555e76026e75ec02.json,temporary/scratch,,Raw public scrape/DNS-failure attempt or assembly utility; compact dated public evidence and finalized labels preserve useful findings. Not required to recompute saved metrics.,1092,2b62935a9aaa67eabdeb17440268e64c3e0256a7e6a9171cae3a2f44bc3bb884
/workspace/scratch/d427a25ef2a1/evidence/environment-dns-failure/87fe53383640164bf847f40e009034f9cfda6f76639833a6c98739d7bef2fd8c.json,temporary/scratch,,Raw public scrape/DNS-failure attempt or assembly utility; compact dated public evidence and finalized labels preserve useful findings. Not required to recompute saved metrics.,1130,35a1c8356b4ce92114aed1d2a08e30a6dfa541b924ca33a67db798b2a8d9903b
/workspace/scratch/d427a25ef2a1/evidence/environment-dns-failure/88406fb35b5c0e0cba3dcafe84f7ea5bb8921f8ab266474946a7b308d440e335.json,temporary/scratch,,Raw public scrape/DNS-failure attempt or assembly utility; compact dated public evidence and finalized labels preserve useful findings. Not required to recompute saved metrics.,1106,6370f6bd9ea78aa6d2c112ad89a9e960e9915f4fa6300ffb7a3d9a346be61c36
/workspace/scratch/d427a25ef2a1/evidence/environment-dns-failure/89c3c176bab47fda43e0b10546b840ac6d754cb1436c2ce2b7a7272964d6416f.json,temporary/scratch,,Raw public scrape/DNS-failure attempt or assembly utility; compact dated public evidence and finalized labels preserve useful findings. Not required to recompute saved metrics.,1104,808132920069caa2f5531b7f33c20ea5bbb4a10c178cd6b265273ed17d993778
/workspace/scratch/d427a25ef2a1/evidence/environment-dns-failure/8ae7514efa69c71e03e1aa0eda02cd0c0c8f407ccc25f4f1fefee9daadfcd4c0.json,temporary/scratch,,Raw public scrape/DNS-failure attempt or assembly utility; compact dated public evidence and finalized labels preserve useful findings. Not required to recompute saved metrics.,1094,1cb9922548206fda95eceac9e3cac4079e67f7ae10dbfebfbb6ebdd80141687c
/workspace/scratch/d427a25ef2a1/evidence/environment-dns-failure/8bd63b0d1714998ed50e967ede9408619b0a97ec482f6bae52b93249050717b8.json,temporary/scratch,,Raw public scrape/DNS-failure attempt or assembly utility; compact dated public evidence and finalized labels preserve useful findings. Not required to recompute saved metrics.,1102,6ef8c807b27391ef3448815df9886987a4ea20330270eda727f63c574595ea1a
/workspace/scratch/d427a25ef2a1/evidence/environment-dns-failure/8db57679078c4f1c023b356eb58de05117aa07c568b76e71f10ebb45dd4f938a.json,temporary/scratch,,Raw public scrape/DNS-failure attempt or assembly utility; compact dated public evidence and finalized labels preserve useful findings. Not required to recompute saved metrics.,1102,f299f49157ba35ffc5b4faa6536fba6c8bc4ab9b568c33e3cc3f0ecbd56b19a7
/workspace/scratch/d427a25ef2a1/evidence/environment-dns-failure/8deef4cb2676f3b02316cc2a7cd8bd9d6dab6ed9c8baa5dd86e16549056a16e3.json,temporary/scratch,,Raw public scrape/DNS-failure attempt or assembly utility; compact dated public evidence and finalized labels preserve useful findings. Not required to recompute saved metrics.,1112,7f48742b6c956975b1464b935490604f39c98e6fcc634a7e51b426c054115a52
/workspace/scratch/d427a25ef2a1/evidence/environment-dns-failure/8e147aad025ebe035f1c1a9f2cee92be91317fbc2d668eb322471a9fdf8b2440.json,temporary/scratch,,Raw public scrape/DNS-failure attempt or assembly utility; compact dated public evidence and finalized labels preserve useful findings. Not required to recompute saved metrics.,1110,6d2c1fa83cd3c88e688e6c6f61bd689a761a6847d11028e1a1ae398b77e7241c
/workspace/scratch/d427a25ef2a1/evidence/environment-dns-failure/8eebe4b3afe94a937fabac98b7cfe5d4f76803c75c6ad78a35f0edece7c0d01c.json,temporary/scratch,,Raw public scrape/DNS-failure attempt or assembly utility; compact dated public evidence and finalized labels preserve useful findings. Not required to recompute saved metrics.,1098,e2c0acbafc2ec1909760f2e82c59c9b18c7877025d49f648ab3635d0d1e4b8e1
/workspace/scratch/d427a25ef2a1/evidence/environment-dns-failure/8f0d6da44d09f56f0ef1b20ee275be45bf17a75c202a22b6a77fceba4cab1d3b.json,temporary/scratch,,Raw public scrape/DNS-failure attempt or assembly utility; compact dated public evidence and finalized labels preserve useful findings. Not required to recompute saved metrics.,1108,52f732d50c113007db7cfb9a99562a7988bb8eb0ca9c9d4e62a3d1ca34f490a8
/workspace/scratch/d427a25ef2a1/evidence/environment-dns-failure/8f3599c5485769b0e273e25b177a17cc0465f0370a72c0efc523f6ed5bc15732.json,temporary/scratch,,Raw public scrape/DNS-failure attempt or assembly utility; compact dated public evidence and finalized labels preserve useful findings. Not required to recompute saved metrics.,1118,8e42690381ec38d52fe2b39273233bfc7f2b6110f88a10e85d5c3b8d49135bfa
/workspace/scratch/d427a25ef2a1/evidence/environment-dns-failure/8fae5856261643cb9175dc2cb077b8f1ac9c8b220c761ae4a46d5b6edc03000e.json,temporary/scratch,,Raw public scrape/DNS-failure attempt or assembly utility; compact dated public evidence and finalized labels preserve useful findings. Not required to recompute saved metrics.,1102,64d01ba907916b5383c5748ca1d8f5d35fd9eb0238f1275d02bd782bd0452eda
/workspace/scratch/d427a25ef2a1/evidence/environment-dns-failure/90037cc11599e1355c4ec8ae7e1667cfd280e772a53464caccccffee16432eee.json,temporary/scratch,,Raw public scrape/DNS-failure attempt or assembly utility; compact dated public evidence and finalized labels preserve useful findings. Not required to recompute saved metrics.,1096,299a88276f37021030ab67fd342b7fe454e0539e116363670b2cc0315aef0f87
/workspace/scratch/d427a25ef2a1/evidence/environment-dns-failure/90bd2ee43c62464714b1753094e54b8c45239eab46baefbf75817379a59f19ad.json,temporary/scratch,,Raw public scrape/DNS-failure attempt or assembly utility; compact dated public evidence and finalized labels preserve useful findings. Not required to recompute saved metrics.,1122,c171ca64ef1d28f40c4f835fbca1ba2880fdbee4f2701225a7c2960cd77a7b27
/workspace/scratch/d427a25ef2a1/evidence/environment-dns-failure/91b92a5f458a1d9acc6ea381db409b4cd85d6cc0b33c9de3bc8dbaeb1681f4cf.json,temporary/scratch,,Raw public scrape/DNS-failure attempt or assembly utility; compact dated public evidence and finalized labels preserve useful findings. Not required to recompute saved metrics.,1106,e718398a02e7bfae75c8aa70857ee0695932fb6d1763db3638ca253352a57275
/workspace/scratch/d427a25ef2a1/evidence/environment-dns-failure/93e18b15149d022c316428247d5d3860c6da53a7217f254425ef60f1107caa99.json,temporary/scratch,,Raw public scrape/DNS-failure attempt or assembly utility; compact dated public evidence and finalized labels preserve useful findings. Not required to recompute saved metrics.,1120,da4de3ca02cc75f957aef5568b450513068331f6215e8d4234a196a6d3a9f636
/workspace/scratch/d427a25ef2a1/evidence/environment-dns-failure/941c394c96d4228cbfa4576adbf2ff2e72efb5088ef021cb88fc8ac6eb3daf07.json,temporary/scratch,,Raw public scrape/DNS-failure attempt or assembly utility; compact dated public evidence and finalized labels preserve useful findings. Not required to recompute saved metrics.,1116,6a2f18da0d6b973e625f9afe2ee286e07e7b816482aa55ebb24ffd14e2e779d6
/workspace/scratch/d427a25ef2a1/evidence/environment-dns-failure/95cdfd4da0570d5a6e5d5b896c47926e45be0eba9f76dce76783d8607b0912eb.json,temporary/scratch,,Raw public scrape/DNS-failure attempt or assembly utility; compact dated public evidence and finalized labels preserve useful findings. Not required to recompute saved metrics.,1100,5745e57d7a45e77024933a2ad102f04ddc7dad104b1edb77c10e544e4753d97c
/workspace/scratch/d427a25ef2a1/evidence/environment-dns-failure/9704a0f725e8e8760411eb1ed05117ec605dcebd633f87048b0a9866fb2b2267.json,temporary/scratch,,Raw public scrape/DNS-failure attempt or assembly utility; compact dated public evidence and finalized labels preserve useful findings. Not required to recompute saved metrics.,1104,9a05f02661c9b9373385a3e05831602d0d653505ca6450879f30079935e77704
/workspace/scratch/d427a25ef2a1/evidence/environment-dns-failure/970b3f9fa43ab3312fa22fc390dc889a4e08964fc7c429304b3ee33a9bdf221e.json,temporary/scratch,,Raw public scrape/DNS-failure attempt or assembly utility; compact dated public evidence and finalized labels preserve useful findings. Not required to recompute saved metrics.,1124,754f017f0242be2b4becaf0b856881636a06bff5a4483b9effb01a66f2b2803b
/workspace/scratch/d427a25ef2a1/evidence/environment-dns-failure/971aed6ad42562d9dae4b055b773d968a498d7885dfbdd3ce8cee60b2c5718fc.json,temporary/scratch,,Raw public scrape/DNS-failure attempt or assembly utility; compact dated public evidence and finalized labels preserve useful findings. Not required to recompute saved metrics.,1092,e0fe7cc4321b0eacce8fa266fa5fd9ca9fb4155513e9fad3cad6166e9a958d31
/workspace/scratch/d427a25ef2a1/evidence/environment-dns-failure/97604edcb46d6baa450b37e8b1a0fdbff6e28c6535ae3880b971fa97580271db.json,temporary/scratch,,Raw public scrape/DNS-failure attempt or assembly utility; compact dated public evidence and finalized labels preserve useful findings. Not required to recompute saved metrics.,1116,a32552b8e52783df2eae9cad701ae39a82aad848b3adbb5efa2a19d207cc7952
/workspace/scratch/d427a25ef2a1/evidence/environment-dns-failure/9793320bb5e549d8923757b6c8f63ee68e96a4a45ae85d6bcb233b8de528ce8a.json,temporary/scratch,,Raw public scrape/DNS-failure attempt or assembly utility; compact dated public evidence and finalized labels preserve useful findings. Not required to recompute saved metrics.,1120,fb0fa13f5e54696cb3c76bc78026f875ec26125cec8d11a951668ac3ab3fedb7
/workspace/scratch/d427a25ef2a1/evidence/environment-dns-failure/980257e5cd2be00c2f604595ce88b0a45d799d28dfe5bcf06796c01b28c2279f.json,temporary/scratch,,Raw public scrape/DNS-failure attempt or assembly utility; compact dated public evidence and finalized labels preserve useful findings. Not required to recompute saved metrics.,1102,1af7112e2b67f64951c14811e04e84ac46f9b3ecda6b08733e9af2dd6478f52e
/workspace/scratch/d427a25ef2a1/evidence/environment-dns-failure/98bc7e63bd09e40f6350ebe16ee9523b5f1186b44135d52fc5978ce53f8974cb.json,temporary/scratch,,Raw public scrape/DNS-failure attempt or assembly utility; compact dated public evidence and finalized labels preserve useful findings. Not required to recompute saved metrics.,1128,82b10fe92cfc81240de2aca922c312870aef32c6584839cd8bc22f70c3f3e373
/workspace/scratch/d427a25ef2a1/evidence/environment-dns-failure/98e07f77db7b1bb6fbae4ef189f71643bef70f589875faeaa54e3663c3eb4b87.json,temporary/scratch,,Raw public scrape/DNS-failure attempt or assembly utility; compact dated public evidence and finalized labels preserve useful findings. Not required to recompute saved metrics.,1106,2d4a24cbc9348dc6d221af53da43570d9efbb2b179f05247c05e74567942ece3
/workspace/scratch/d427a25ef2a1/evidence/environment-dns-failure/99440d388efceb57f2c9509866eaac42c0ef0e434304058387571d902f5c27da.json,temporary/scratch,,Raw public scrape/DNS-failure attempt or assembly utility; compact dated public evidence and finalized labels preserve useful findings. Not required to recompute saved metrics.,1102,45b7ecf2660d9de809606bf24d42763a49c68633aac8bfadc6167aa453caa73b
/workspace/scratch/d427a25ef2a1/evidence/environment-dns-failure/99d6c41a849ac8fad0f63a7d8a36da0c400a3a6d81b25aa52423812181026df0.json,temporary/scratch,,Raw public scrape/DNS-failure attempt or assembly utility; compact dated public evidence and finalized labels preserve useful findings. Not required to recompute saved metrics.,1092,acdcbba65bb3b2779970ee660b56d70feb00b2aa07ac0e796b964cbba973fb38
/workspace/scratch/d427a25ef2a1/evidence/environment-dns-failure/99f0f13586ef9eab20736fc795db4c9ea77bdeb1f9be76cae92f5dd286fbee7e.json,temporary/scratch,,Raw public scrape/DNS-failure attempt or assembly utility; compact dated public evidence and finalized labels preserve useful findings. Not required to recompute saved metrics.,1112,6865f959acd71728650b202d53e7b7fb5bd2d8ac950e2f5c09e8e4907d9bc76f
/workspace/scratch/d427a25ef2a1/evidence/environment-dns-failure/9bb785cd3d5af5203242318b790f6d77708ecd097112091f6b3d3c703593419b.json,temporary/scratch,,Raw public scrape/DNS-failure attempt or assembly utility; compact dated public evidence and finalized labels preserve useful findings. Not required to recompute saved metrics.,1114,4e8e940f64207e2808fc8f19c508ac9afa52ad05e03bbf760dee9ac49e88069d
/workspace/scratch/d427a25ef2a1/evidence/environment-dns-failure/9c144eb48d2622e17a59a0a3d637f04779c811cff9ff3b27593ac96a7512949b.json,temporary/scratch,,Raw public scrape/DNS-failure attempt or assembly utility; compact dated public evidence and finalized labels preserve useful findings. Not required to recompute saved metrics.,1104,9b5ede47458c839804ac5f923b9486a246ae6705a2f40b1d0bb3413bdee203c6
/workspace/scratch/d427a25ef2a1/evidence/environment-dns-failure/9e5ce7da439d5a662bb216fdc5367043e245aee5fbaf4494bffaaec9ba1b1f5f.json,temporary/scratch,,Raw public scrape/DNS-failure attempt or assembly utility; compact dated public evidence and finalized labels preserve useful findings. Not required to recompute saved metrics.,1112,c20d2e13c4e25951a4b87fe8948c4ccf070d578b88b100684c311e40970ecb87
/workspace/scratch/d427a25ef2a1/evidence/environment-dns-failure/9eda0a631d4a86066e95db4a64f1cea62b49303de8ab10207546871c07769f3d.json,temporary/scratch,,Raw public scrape/DNS-failure attempt or assembly utility; compact dated public evidence and finalized labels preserve useful findings. Not required to recompute saved metrics.,1120,b140309f2c2f4193e662bcdb2b6b6e2446cb0fd5d0315d3abb17fe2e9efd4ccd
/workspace/scratch/d427a25ef2a1/evidence/environment-dns-failure/9f0d75c2e950938142983a7b86ca48e7e5bd8cc46f64f43130755d16f1b501ef.json,temporary/scratch,,Raw public scrape/DNS-failure attempt or assembly utility; compact dated public evidence and finalized labels preserve useful findings. Not required to recompute saved metrics.,1114,2576af95be847cc8f14e4da67426270dca3e71926767868b257669243b50bc12
/workspace/scratch/d427a25ef2a1/evidence/environment-dns-failure/a0ae730ded5528473c230b94e517bed866a3789037fba8e1ded830cbe561eea3.json,temporary/scratch,,Raw public scrape/DNS-failure attempt or assembly utility; compact dated public evidence and finalized labels preserve useful findings. Not required to recompute saved metrics.,1098,660237d4149cfec252cf12ef9b0e763153e5e95d8117646c23e8eaa9e33ee8d2
/workspace/scratch/d427a25ef2a1/evidence/environment-dns-failure/a0b719aeac3ec6f89081eedaf0b49186b66d883028f19b63b43f8fea35b41509.json,temporary/scratch,,Raw public scrape/DNS-failure attempt or assembly utility; compact dated public evidence and finalized labels preserve useful findings. Not required to recompute saved metrics.,1108,95d4b17e1db84ec655ec4d9e1465510e749056b21d061dac46f661504c3d7a2c
/workspace/scratch/d427a25ef2a1/evidence/environment-dns-failure/a172d3cde255bc1c597da73e9190d9c8a5a708942a864ad84da694d3818fa945.json,temporary/scratch,,Raw public scrape/DNS-failure attempt or assembly utility; compact dated public evidence and finalized labels preserve useful findings. Not required to recompute saved metrics.,1100,50d3900b19a17017ca5ec7581e9c8efd63ce97ebd40b2cf484ef1a5fdf71563f
/workspace/scratch/d427a25ef2a1/evidence/environment-dns-failure/a21ac31c498bdec41ee2105d29386ca3e4747f0321f5a9a0b61d549e2e84757e.json,temporary/scratch,,Raw public scrape/DNS-failure attempt or assembly utility; compact dated public evidence and finalized labels preserve useful findings. Not required to recompute saved metrics.,1106,016ce4086741c0e515e114ecded7f32d22073b2b55e256084b3fa843724aaae7
/workspace/scratch/d427a25ef2a1/evidence/environment-dns-failure/a2c23e3bce6cf7954c6351e3f2c837c2017afbfe899659b69f7523fae0f7f5ed.json,temporary/scratch,,Raw public scrape/DNS-failure attempt or assembly utility; compact dated public evidence and finalized labels preserve useful findings. Not required to recompute saved metrics.,1100,a47df858612d63511261a5f00893e86b678266ec2dfaac032b634e19ef720db2
/workspace/scratch/d427a25ef2a1/evidence/environment-dns-failure/a38d399126ad8e130eb9407ce511e1ee6c4f4945385fe2d402cc8c86045e0d77.json,temporary/scratch,,Raw public scrape/DNS-failure attempt or assembly utility; compact dated public evidence and finalized labels preserve useful findings. Not required to recompute saved metrics.,1102,aa7ce00edd943b78c33989036d0fce556d0f203623e0129288d36a88a3f65dcc
/workspace/scratch/d427a25ef2a1/evidence/environment-dns-failure/a3e78de5414386d0c70a37645d6523b3173c7bee0e352ef8da33087b38a116a9.json,temporary/scratch,,Raw public scrape/DNS-failure attempt or assembly utility; compact dated public evidence and finalized labels preserve useful findings. Not required to recompute saved metrics.,1110,1943368b5d8f42de7b0ddbbc103d192b7e2b496df0a76b47415ee528d4a7785d
/workspace/scratch/d427a25ef2a1/evidence/environment-dns-failure/a4499e95f7c5e2c90a58b7af9081f601a879064bcbdd78e307d32d7f236c9b6f.json,temporary/scratch,,Raw public scrape/DNS-failure attempt or assembly utility; compact dated public evidence and finalized labels preserve useful findings. Not required to recompute saved metrics.,1108,eda8b871187f4e0a732b6f317326cfb8465fbd24617aa6dfa383a5063476e8f1
/workspace/scratch/d427a25ef2a1/evidence/environment-dns-failure/a4710c7c84898d2e3d8d4e7bdc7801059ef04c94ecb174ef2fe5bdcb5a529f54.json,temporary/scratch,,Raw public scrape/DNS-failure attempt or assembly utility; compact dated public evidence and finalized labels preserve useful findings. Not required to recompute saved metrics.,1110,91674f6aac6de1416a1ca2968014a7bfa5aa1be8a0f19147a414b882b0fe5b91
/workspace/scratch/d427a25ef2a1/evidence/environment-dns-failure/a4ca9f17d4838ef876aef819cab4a8842883662b3711aa919f61880dc4e2372f.json,temporary/scratch,,Raw public scrape/DNS-failure attempt or assembly utility; compact dated public evidence and finalized labels preserve useful findings. Not required to recompute saved metrics.,1094,3a694b00c1fce1ae89a1976785d437d89a0b50dce034f8cf5df489281a7739d8
/workspace/scratch/d427a25ef2a1/evidence/environment-dns-failure/a59473a8523fd9fdf0c55b3183dd0f991fa7638a0b8ee93abd57c22efa4e7f03.json,temporary/scratch,,Raw public scrape/DNS-failure attempt or assembly utility; compact dated public evidence and finalized labels preserve useful findings. Not required to recompute saved metrics.,1100,7ef3dd6b86fe9defa76b1133e531dbb42a5c35088d783b43d02df342f73a4c3f
/workspace/scratch/d427a25ef2a1/evidence/environment-dns-failure/a72ee910aa8257ef1072e9e2585340ef2a8fdbda0b5fefa2419601b759343d8a.json,temporary/scratch,,Raw public scrape/DNS-failure attempt or assembly utility; compact dated public evidence and finalized labels preserve useful findings. Not required to recompute saved metrics.,1116,ccf2e96cb88e048eed21edb811c25630ede7e1f4272da36b9405c140ec0330d3
/workspace/scratch/d427a25ef2a1/evidence/environment-dns-failure/a77e39444f95528aa64871ec5601277cf497a677ba1311f66944e65ea5fc9260.json,temporary/scratch,,Raw public scrape/DNS-failure attempt or assembly utility; compact dated public evidence and finalized labels preserve useful findings. Not required to recompute saved metrics.,1102,f324eb7d0e9e50df744267e4cca64c62d024ad08a711e9f5e5d1c3d006ba3c77
/workspace/scratch/d427a25ef2a1/evidence/environment-dns-failure/a9848f96603ac5cf37a1d7265003c8980b0345a3f4d9cffc86230f09f4ffd888.json,temporary/scratch,,Raw public scrape/DNS-failure attempt or assembly utility; compact dated public evidence and finalized labels preserve useful findings. Not required to recompute saved metrics.,1090,619e1741617becab1738c22a38538eafbfd4da0e6205fe7305639a092b2933e3
/workspace/scratch/d427a25ef2a1/evidence/environment-dns-failure/aa9401c2af8b657ad542ff5f5c31113035d912f483b6584fda0071f42d3d06ef.json,temporary/scratch,,Raw public scrape/DNS-failure attempt or assembly utility; compact dated public evidence and finalized labels preserve useful findings. Not required to recompute saved metrics.,1104,c16f20e6e3a6109a5552daefd037447b10843e5ca088783b8daae1b704843fed
/workspace/scratch/d427a25ef2a1/evidence/environment-dns-failure/ab3c9acb3cb618d546b9b41b04d3535621713303076366789153db1f55ba42bf.json,temporary/scratch,,Raw public scrape/DNS-failure attempt or assembly utility; compact dated public evidence and finalized labels preserve useful findings. Not required to recompute saved metrics.,1106,fa31a6520e3616df37fb1a4dcc834e6726da91dce405cefe26a26c87772c3d53
/workspace/scratch/d427a25ef2a1/evidence/environment-dns-failure/ac4d0f24fd75d17c31f999fa26ef5099ac0f4f8285a47b73ed907c4400ba2c38.json,temporary/scratch,,Raw public scrape/DNS-failure attempt or assembly utility; compact dated public evidence and finalized labels preserve useful findings. Not required to recompute saved metrics.,1108,d8b7d4a1523d6fbe5c6be29c3521958dfac8ba642abdd72412e813e581cebc77
/workspace/scratch/d427a25ef2a1/evidence/environment-dns-failure/ac899d9cc5632442ca8095474744e7f0fa4f570d6609d75df4b0c1e8950d68d6.json,temporary/scratch,,Raw public scrape/DNS-failure attempt or assembly utility; compact dated public evidence and finalized labels preserve useful findings. Not required to recompute saved metrics.,1110,fffa043086576bec974693d8e6314df493357ea3f94d4484c615214e5b87706b
/workspace/scratch/d427a25ef2a1/evidence/environment-dns-failure/ad21c0bb669b5f9cfde2e251da7522c3d0bdc26693029a80324897e941d5e953.json,temporary/scratch,,Raw public scrape/DNS-failure attempt or assembly utility; compact dated public evidence and finalized labels preserve useful findings. Not required to recompute saved metrics.,1096,3c4e4819d3376619d9b7a54785bdb35c17db6a747907b9bf5e296273f39ea4e6
/workspace/scratch/d427a25ef2a1/evidence/environment-dns-failure/ae91c21679531a102459522ad078f13b94e2525594a4585f333d0396d1dfb907.json,temporary/scratch,,Raw public scrape/DNS-failure attempt or assembly utility; compact dated public evidence and finalized labels preserve useful findings. Not required to recompute saved metrics.,1098,791724266d810dc9e8854ae56a73cb7b28ce092abc151a09639ef9eb4a3e26d7
/workspace/scratch/d427a25ef2a1/evidence/environment-dns-failure/af65652a102caf9636ce61b7ffbbc5360fbbbef426681f1d3200ffa78b2a7222.json,temporary/scratch,,Raw public scrape/DNS-failure attempt or assembly utility; compact dated public evidence and finalized labels preserve useful findings. Not required to recompute saved metrics.,1110,0fc3c2c0145ba5a3cb04768cb43bb9b66943d2551aa07bcf2e36b5b66d5f5cc5
/workspace/scratch/d427a25ef2a1/evidence/environment-dns-failure/afc2c53fdff2346230680df603b69e7925edb709f3ad5377fdbc7bf5e8d9dbb9.json,temporary/scratch,,Raw public scrape/DNS-failure attempt or assembly utility; compact dated public evidence and finalized labels preserve useful findings. Not required to recompute saved metrics.,1090,871ff9c095ab2a4a7170dc3c67fc14557518586684cec5c0d1a99df5675ea0c2
/workspace/scratch/d427a25ef2a1/evidence/environment-dns-failure/aff9b05ef7cede664498085ec5fa56af4aab174c5db3a8ac4afaaba6d6c97084.json,temporary/scratch,,Raw public scrape/DNS-failure attempt or assembly utility; compact dated public evidence and finalized labels preserve useful findings. Not required to recompute saved metrics.,1102,b4afe9be87a3f8d411f4ee1d95f87aa29a66895683319b3fc23852d3b8d7efc6
/workspace/scratch/d427a25ef2a1/evidence/environment-dns-failure/b140a194dc8acd79d7fa9601235f66d94105937d87a09616709d4acd2ded79d2.json,temporary/scratch,,Raw public scrape/DNS-failure attempt or assembly utility; compact dated public evidence and finalized labels preserve useful findings. Not required to recompute saved metrics.,1100,601ae98208db5690867def4fff2ac1b3108fe619d0481c3f1a8ffc342230528c
/workspace/scratch/d427a25ef2a1/evidence/environment-dns-failure/b1470ad71e3e5ee82571a2bd2b7b482124c9baa415acd111fe15a21fb8daf45d.json,temporary/scratch,,Raw public scrape/DNS-failure attempt or assembly utility; compact dated public evidence and finalized labels preserve useful findings. Not required to recompute saved metrics.,1110,c3722b5a4d70cfc8aa39c004e3d9d35075bcd7a92e583cc5fbc414ebbf67e290
/workspace/scratch/d427a25ef2a1/evidence/environment-dns-failure/b2f716c68066d92e0ba57da53d7fdf02676c64df23579bed84d42d47b871a065.json,temporary/scratch,,Raw public scrape/DNS-failure attempt or assembly utility; compact dated public evidence and finalized labels preserve useful findings. Not required to recompute saved metrics.,1112,5bf0128580f68b157a364ecb65135762c61d56a4b66cbde026c3ce926820c479
/workspace/scratch/d427a25ef2a1/evidence/environment-dns-failure/b45e8306bc518d7a4c5eb7e7777ba59ab3c38759f285ccadd379ff71c81acd0f.json,temporary/scratch,,Raw public scrape/DNS-failure attempt or assembly utility; compact dated public evidence and finalized labels preserve useful findings. Not required to recompute saved metrics.,1102,f3dae4d7df1103f6df759d2e1e8aaed00fb4e2c290cdbd783422153763fbdaea
/workspace/scratch/d427a25ef2a1/evidence/environment-dns-failure/b4afe63a47334570662bc0e2a89723a07f8fa0255ae8914b890ddf1aa7673aa6.json,temporary/scratch,,Raw public scrape/DNS-failure attempt or assembly utility; compact dated public evidence and finalized labels preserve useful findings. Not required to recompute saved metrics.,1106,d8c11f68df19e6f18d439d92cec70131a7385ad7d37b3122a9835ab18a8b073d
/workspace/scratch/d427a25ef2a1/evidence/environment-dns-failure/b54faac872f5d5d0f9098e24e41394b1dd4c38f6f24a728b90d46940f526f6ba.json,temporary/scratch,,Raw public scrape/DNS-failure attempt or assembly utility; compact dated public evidence and finalized labels preserve useful findings. Not required to recompute saved metrics.,1100,6abbafd8bc3f5827258aa922d5de2042a2f5ac18aa0f39c7a5ececea4981b4be
/workspace/scratch/d427a25ef2a1/evidence/environment-dns-failure/b5f39ea946afee8925d1fd47fdf3b5b056f970a98cd3c36693f67190f51582da.json,temporary/scratch,,Raw public scrape/DNS-failure attempt or assembly utility; compact dated public evidence and finalized labels preserve useful findings. Not required to recompute saved metrics.,1104,817a1202531e0ef37f99786e2c06bcc24a34446b1b05c5d7de7eef2485a4f2bb
/workspace/scratch/d427a25ef2a1/evidence/environment-dns-failure/b64dec992cd6687f6825d843308621a37c6f64e586cc289dded58e59161db275.json,temporary/scratch,,Raw public scrape/DNS-failure attempt or assembly utility; compact dated public evidence and finalized labels preserve useful findings. Not required to recompute saved metrics.,1104,8776bf6138c36c0940965a54bda20739f7edcc90d8f3ab80f59a272a28c6db22
/workspace/scratch/d427a25ef2a1/evidence/environment-dns-failure/b69d32d247dc40f4123af39e856a87dab74c233962bb8a592fadc37e09fe3578.json,temporary/scratch,,Raw public scrape/DNS-failure attempt or assembly utility; compact dated public evidence and finalized labels preserve useful findings. Not required to recompute saved metrics.,1116,c5ec47d9bc4a7976bb9ebd7bb0cfc4b9055d1cabd7b49458fadc8e2f9abd8943
/workspace/scratch/d427a25ef2a1/evidence/environment-dns-failure/b73e54f2eba1c738a8c57d97c69068e2c9262cc9f99cfab6c81b957e1733fd51.json,temporary/scratch,,Raw public scrape/DNS-failure attempt or assembly utility; compact dated public evidence and finalized labels preserve useful findings. Not required to recompute saved metrics.,1134,03c57b3ec668bd94a74326c0aadec09587a4f7f82381dcef0c6364cb29f22985
/workspace/scratch/d427a25ef2a1/evidence/environment-dns-failure/b76230ca59e8a380615c8a8f024c450e30ed21f71d2abbcb76b3425b40894a64.json,temporary/scratch,,Raw public scrape/DNS-failure attempt or assembly utility; compact dated public evidence and finalized labels preserve useful findings. Not required to recompute saved metrics.,1114,beb58e302d6521a364dca838f36fac6e929dfc57ac1564f28754cd2b7f8898f7
/workspace/scratch/d427a25ef2a1/evidence/environment-dns-failure/b7740b3d741942c328e1711d7a9491b68403c32f75df1cd884af0706e0a6e9c9.json,temporary/scratch,,Raw public scrape/DNS-failure attempt or assembly utility; compact dated public evidence and finalized labels preserve useful findings. Not required to recompute saved metrics.,1108,9c75a2bc466e2e21d34ef9167dbeaba52875df06dd795385bdf57158c5fc1482
/workspace/scratch/d427a25ef2a1/evidence/environment-dns-failure/b96e79ee36eef1b83f51157dac2e175110743bc43b55101d8184b91cb8015468.json,temporary/scratch,,Raw public scrape/DNS-failure attempt or assembly utility; compact dated public evidence and finalized labels preserve useful findings. Not required to recompute saved metrics.,1114,b86c9a408156077c700b43058ba9c4428e91864e89e31a6b96363f19e9c7355d
/workspace/scratch/d427a25ef2a1/evidence/environment-dns-failure/ba2b780c304a469d456469dd8f33b08619f787a631b24f83fef21e8c92167457.json,temporary/scratch,,Raw public scrape/DNS-failure attempt or assembly utility; compact dated public evidence and finalized labels preserve useful findings. Not required to recompute saved metrics.,1110,fe673bfb247b8243b880f9a579610b3aed4bdcb0a05012cac45d86e304d8e232
/workspace/scratch/d427a25ef2a1/evidence/environment-dns-failure/ba2c350d414e93680f8f0ef2cd19d392dbcf0e7b753eee7c98a4026157ffb650.json,temporary/scratch,,Raw public scrape/DNS-failure attempt or assembly utility; compact dated public evidence and finalized labels preserve useful findings. Not required to recompute saved metrics.,1092,8c75feaebed5e01ed2c20e794d5d920a763784be1a8f87e7cd3f6cf2422cb91f
/workspace/scratch/d427a25ef2a1/evidence/environment-dns-failure/ba3f030523a1af8b439b920a4fc37ec2b64ec1960671addfbd0fdcb501c316c2.json,temporary/scratch,,Raw public scrape/DNS-failure attempt or assembly utility; compact dated public evidence and finalized labels preserve useful findings. Not required to recompute saved metrics.,1098,5804adb2dbd7d29a0eb2e4610d6492c94b7220774378450746107016bde5438e
/workspace/scratch/d427a25ef2a1/evidence/environment-dns-failure/be6da4e40654e9a9a573ca6413d4586109505d5880b975cfa4d1ba44c014d387.json,temporary/scratch,,Raw public scrape/DNS-failure attempt or assembly utility; compact dated public evidence and finalized labels preserve useful findings. Not required to recompute saved metrics.,1102,5507ffd9b03ebc355928d897fb5b13b4256d18a6fd18b9a787587916454e591a
/workspace/scratch/d427a25ef2a1/evidence/environment-dns-failure/bed73ec552bd5b0aedbce88d4c5377e1811855a0fe4dc0a7995b0f244202009a.json,temporary/scratch,,Raw public scrape/DNS-failure attempt or assembly utility; compact dated public evidence and finalized labels preserve useful findings. Not required to recompute saved metrics.,1102,951c3121ef5bf8fdd6d24774fa176850de0971da5a24f11cc8ca0cfa5bdc3bc9
/workspace/scratch/d427a25ef2a1/evidence/environment-dns-failure/bfa4d4e6cd892584474750eecb2ce7ecd57b4225436fc45f43e695f56cf22974.json,temporary/scratch,,Raw public scrape/DNS-failure attempt or assembly utility; compact dated public evidence and finalized labels preserve useful findings. Not required to recompute saved metrics.,1102,405a630f284199c7c0ed5dbf7ceb009dd383d39396b0919ee160016e0a2b5bd5
/workspace/scratch/d427a25ef2a1/evidence/environment-dns-failure/bfd793a55a50389ae434eeb512f83bbafcc95bfb9e1b4ad21c4824b3b00db51a.json,temporary/scratch,,Raw public scrape/DNS-failure attempt or assembly utility; compact dated public evidence and finalized labels preserve useful findings. Not required to recompute saved metrics.,1120,2321af416e336e03aa169cddb284eef8072d8166727815375b8f818cbda9ffe8
/workspace/scratch/d427a25ef2a1/evidence/environment-dns-failure/c1dbfb7d27284a64b197392b1f8f5779a8ea91d62133b1e745ea0c1cc4ad0ab6.json,temporary/scratch,,Raw public scrape/DNS-failure attempt or assembly utility; compact dated public evidence and finalized labels preserve useful findings. Not required to recompute saved metrics.,1104,0e4e599a99e4221888629d4f8c1091e28a8dd96d068735be08716b29bf4dc9d1
/workspace/scratch/d427a25ef2a1/evidence/environment-dns-failure/c25bc08cb2dd9785f064c4b3f03af846c7d40278e0d0c4baabd62d3ee22e890d.json,temporary/scratch,,Raw public scrape/DNS-failure attempt or assembly utility; compact dated public evidence and finalized labels preserve useful findings. Not required to recompute saved metrics.,1094,89b0d0556edb08e46558494d86f3c1e89a67110e8505601454f1cc54d4617f68
/workspace/scratch/d427a25ef2a1/evidence/environment-dns-failure/c3d8f66b8c200575290cf328c5225df11f2640655a7036c4bef1a62107d6f6c2.json,temporary/scratch,,Raw public scrape/DNS-failure attempt or assembly utility; compact dated public evidence and finalized labels preserve useful findings. Not required to recompute saved metrics.,1118,87e0e2816644a7718686cd35b9da5da774f73683516becb2e8cd3dcfc4032507
/workspace/scratch/d427a25ef2a1/evidence/environment-dns-failure/c453ecc1e157a46209c39054bbd67dcea5ca4a23be436e1b210ac088ccd43cef.json,temporary/scratch,,Raw public scrape/DNS-failure attempt or assembly utility; compact dated public evidence and finalized labels preserve useful findings. Not required to recompute saved metrics.,1108,9defd98c74c4714c94d1abe94846d309403ad89638ec10f1e7dbff039cb65a0c
/workspace/scratch/d427a25ef2a1/evidence/environment-dns-failure/c4dfd1bc34597eb10e1d66ca3b469fd24e3fe142a6d2cf134aef229fc0e53b37.json,temporary/scratch,,Raw public scrape/DNS-failure attempt or assembly utility; compact dated public evidence and finalized labels preserve useful findings. Not required to recompute saved metrics.,1098,c7df5fa2fc06f1a7e1651375306983b6221844f56fb18d0826e15cf4765592f2
/workspace/scratch/d427a25ef2a1/evidence/environment-dns-failure/c53c56e30654f41e1d439a68e5b21e4f56f664ccd197ed16489664a88f869fce.json,temporary/scratch,,Raw public scrape/DNS-failure attempt or assembly utility; compact dated public evidence and finalized labels preserve useful findings. Not required to recompute saved metrics.,1092,484a6b0d3f9a0dfbb61533ed94fd1478f9bcd9c834096cb772bd161a287a302c
/workspace/scratch/d427a25ef2a1/evidence/environment-dns-failure/c5c11bdf07dcbdbaa174f79181380f7d6f4a91e76b0051736cd60c1a720058a7.json,temporary/scratch,,Raw public scrape/DNS-failure attempt or assembly utility; compact dated public evidence and finalized labels preserve useful findings. Not required to recompute saved metrics.,1102,e0b239da56fcb40196bce3f7514b6befa1acc566852808409b0b7104e49a642b
/workspace/scratch/d427a25ef2a1/evidence/environment-dns-failure/c69001fe482a3cc5fd01b6eb1e14ac5d26e9ec85a46f956ed38ae908684daeaa.json,temporary/scratch,,Raw public scrape/DNS-failure attempt or assembly utility; compact dated public evidence and finalized labels preserve useful findings. Not required to recompute saved metrics.,1110,138b232202cf5433ee8eb8085c142af91493dff3a1088789ea00fcbff27898cd
/workspace/scratch/d427a25ef2a1/evidence/environment-dns-failure/c6bba27f19dcf69e00c967c8550ce5bb9491174554ccf6fb5e103dd0ef2b0632.json,temporary/scratch,,Raw public scrape/DNS-failure attempt or assembly utility; compact dated public evidence and finalized labels preserve useful findings. Not required to recompute saved metrics.,1106,5f0a7034b001853f39f65c43694c77b5550c5ef908819ec3800c87cc35414809
/workspace/scratch/d427a25ef2a1/evidence/environment-dns-failure/c8ce8a2425ec37ad783c6819b5e6d7ec6ab73aefece61548dc4534680ec558e7.json,temporary/scratch,,Raw public scrape/DNS-failure attempt or assembly utility; compact dated public evidence and finalized labels preserve useful findings. Not required to recompute saved metrics.,1114,a8577929ec5699f0e6122a67377c44d1dbc8a998839e028fb37ee832c83245d0
/workspace/scratch/d427a25ef2a1/evidence/environment-dns-failure/c8d24041a2e0e8f1f8aea367efa433f3da8288f0167f433fc5e4a9a3a76ff62b.json,temporary/scratch,,Raw public scrape/DNS-failure attempt or assembly utility; compact dated public evidence and finalized labels preserve useful findings. Not required to recompute saved metrics.,1106,284edee67bc34743908a54d3571307f018eff13a34517080770cba126dadd226
/workspace/scratch/d427a25ef2a1/evidence/environment-dns-failure/c94a1e9e8c6e891c33bb9a6dda8485278436a464bb1b58fd71ef63bfa74af131.json,temporary/scratch,,Raw public scrape/DNS-failure attempt or assembly utility; compact dated public evidence and finalized labels preserve useful findings. Not required to recompute saved metrics.,1124,7ad90a3e156be0bfaa6bb25fdd1aad8772206c779179161b34fdf369daaf6778
/workspace/scratch/d427a25ef2a1/evidence/environment-dns-failure/c99556a1d7b0118ee5e063f57f791469441e2d6bb6e8044e7e5f7ba9595f0a6c.json,temporary/scratch,,Raw public scrape/DNS-failure attempt or assembly utility; compact dated public evidence and finalized labels preserve useful findings. Not required to recompute saved metrics.,1096,e72c24b0e4c22a9fa9e8656e16f0dc9dfd0c45ce64c18b8ec2fc0e27a028683b
/workspace/scratch/d427a25ef2a1/evidence/environment-dns-failure/c9bd51360322f3336e8e73f0e2c846dbd35254bc86e4c75b56cab3698d0352e4.json,temporary/scratch,,Raw public scrape/DNS-failure attempt or assembly utility; compact dated public evidence and finalized labels preserve useful findings. Not required to recompute saved metrics.,1100,6730f9e3baff42221992fe5f58738d8b90481a29515b44b445d6f75545763f4f
/workspace/scratch/d427a25ef2a1/evidence/environment-dns-failure/ca74a9516d5121389c1ff597fd2ee562c8441a9f615bb8cab8984c225b04d792.json,temporary/scratch,,Raw public scrape/DNS-failure attempt or assembly utility; compact dated public evidence and finalized labels preserve useful findings. Not required to recompute saved metrics.,1104,4c5db4fc4fc0c48598c9cc802f6484433118c2bdc47b658a2182826dbc6edccd
/workspace/scratch/d427a25ef2a1/evidence/environment-dns-failure/cc2b6dd1590288b424ef73858cf27d9e81856eba8a862d105ff931ee8470d12f.json,temporary/scratch,,Raw public scrape/DNS-failure attempt or assembly utility; compact dated public evidence and finalized labels preserve useful findings. Not required to recompute saved metrics.,1104,7f2eedbb2ed8d06e09753d99e79675b26619b22c1dac62f4a30b764f95042562
/workspace/scratch/d427a25ef2a1/evidence/environment-dns-failure/cdda5ffbaffc4daa6d7d55c9d8d56653f7debe231250c881ea96cd73f69329da.json,temporary/scratch,,Raw public scrape/DNS-failure attempt or assembly utility; compact dated public evidence and finalized labels preserve useful findings. Not required to recompute saved metrics.,1100,6a08b49ac855a830c7898c5d5a6b67917e87b3e8ccb383ed6586ab38d0130897
/workspace/scratch/d427a25ef2a1/evidence/environment-dns-failure/ce3fbd6cd5b928cf61947c519ee1b02a2d0a95d3066991ec70d2236a75709b07.json,temporary/scratch,,Raw public scrape/DNS-failure attempt or assembly utility; compact dated public evidence and finalized labels preserve useful findings. Not required to recompute saved metrics.,1116,14896dce005625d21d2cc6b130b3069fdeb2e55b68fc0e7f9c2d4784a006c900
/workspace/scratch/d427a25ef2a1/evidence/environment-dns-failure/cf2e00dc5bfc6906d3addfb01035d07839b626b77bc5eebae53717d7239e264f.json,temporary/scratch,,Raw public scrape/DNS-failure attempt or assembly utility; compact dated public evidence and finalized labels preserve useful findings. Not required to recompute saved metrics.,1108,0be56bdf9c5be184bfd3bd0009a7b58f3a7101ae37aa1c8180b39a2c075e5489
/workspace/scratch/d427a25ef2a1/evidence/environment-dns-failure/cf406b2b9681552d044ea8e2d2226473ee2d5ca7dd26a5b8cc353ddd3116867d.json,temporary/scratch,,Raw public scrape/DNS-failure attempt or assembly utility; compact dated public evidence and finalized labels preserve useful findings. Not required to recompute saved metrics.,1100,8ccec52e2ebd50d6e523417c7b78e0e3b0beb8ec55d5efd329c7c97f9daae479
/workspace/scratch/d427a25ef2a1/evidence/environment-dns-failure/cfb55ea6208e35120a1b1c60ba36d776683fa0be61beec4823d8108f5c6db35e.json,temporary/scratch,,Raw public scrape/DNS-failure attempt or assembly utility; compact dated public evidence and finalized labels preserve useful findings. Not required to recompute saved metrics.,1108,e56d6416bf79b5a43ffb70d84a4c383115b455c2820232ab6d1c50dcaec88d1e
/workspace/scratch/d427a25ef2a1/evidence/environment-dns-failure/cfe5a1a77a0131d2df60b26a48c4412f5a620f7906ded7e2a20998d589406973.json,temporary/scratch,,Raw public scrape/DNS-failure attempt or assembly utility; compact dated public evidence and finalized labels preserve useful findings. Not required to recompute saved metrics.,1114,1d92a8ae4095a2eb10cf74bce2f2ce0dc3a91989692495a0ec0a3eb0c4d910da
/workspace/scratch/d427a25ef2a1/evidence/environment-dns-failure/d066c914edcc9a5038b10366a2b2a9863cfbb6975614d2aa52e5fe74e766b536.json,temporary/scratch,,Raw public scrape/DNS-failure attempt or assembly utility; compact dated public evidence and finalized labels preserve useful findings. Not required to recompute saved metrics.,1118,065ccd1818986c55703f65ff4d7ca14a9199bd22b227f848f3d74c1f8ab59e9c
/workspace/scratch/d427a25ef2a1/evidence/environment-dns-failure/d287688e9890fc5d8618b2682a0bdfe875750facf9fc292ea5b7cf8ff9b5ce54.json,temporary/scratch,,Raw public scrape/DNS-failure attempt or assembly utility; compact dated public evidence and finalized labels preserve useful findings. Not required to recompute saved metrics.,1096,c977575bbe3f97c9f643ac9443fed5905c615c3ee197359f9fbebf787a900a49
/workspace/scratch/d427a25ef2a1/evidence/environment-dns-failure/d32408c267b3ec4283854d4746c96beb51475c020d85f60474b450b85c3a9fd8.json,temporary/scratch,,Raw public scrape/DNS-failure attempt or assembly utility; compact dated public evidence and finalized labels preserve useful findings. Not required to recompute saved metrics.,1110,d3b2d8d6b52cc968278a91b3225e8a4c2b2c8502e314e396f8a4c500a2a98855
/workspace/scratch/d427a25ef2a1/evidence/environment-dns-failure/d482c63a38363ccf9b514d737225f058b3af0b8c762c28fa2b135630a354674e.json,temporary/scratch,,Raw public scrape/DNS-failure attempt or assembly utility; compact dated public evidence and finalized labels preserve useful findings. Not required to recompute saved metrics.,1100,cd4ccdb07747c250360caa99f798c1ce096a30c07869d1ffc4436a4ef4d3b772
/workspace/scratch/d427a25ef2a1/evidence/environment-dns-failure/d4e684f9d7b4ef3689278a1542c2d77d46beec578b7055c991977a327ab33fe6.json,temporary/scratch,,Raw public scrape/DNS-failure attempt or assembly utility; compact dated public evidence and finalized labels preserve useful findings. Not required to recompute saved metrics.,1110,451435cb2e7b31ec7ba62662a2d9bf5e75284a12eaad68cdf83ace82f00a5301
/workspace/scratch/d427a25ef2a1/evidence/environment-dns-failure/d4f8ade9b8e3cd7e44f79eba930ddaf1af1b8f6b9bc3de0370ba3ae90a193204.json,temporary/scratch,,Raw public scrape/DNS-failure attempt or assembly utility; compact dated public evidence and finalized labels preserve useful findings. Not required to recompute saved metrics.,1104,8f1a91a1a5ae2e4f4079d8984b4d606f436a83ec0b26c0f3b6031adb96468b4a
/workspace/scratch/d427a25ef2a1/evidence/environment-dns-failure/d575011cc4e80dbf0c27b81eee725611c722438ed85ce7e2b6996eccc6bf3994.json,temporary/scratch,,Raw public scrape/DNS-failure attempt or assembly utility; compact dated public evidence and finalized labels preserve useful findings. Not required to recompute saved metrics.,1098,aa5ec4d1110587ab1b50ec26602615e3ed819d1673001ba6339414194682a74e
/workspace/scratch/d427a25ef2a1/evidence/environment-dns-failure/d5b190a381718118bb7e5d064549b410024e119fec3ba78444c64dc1b47af45f.json,temporary/scratch,,Raw public scrape/DNS-failure attempt or assembly utility; compact dated public evidence and finalized labels preserve useful findings. Not required to recompute saved metrics.,1104,0d6eee500e9b1f18850ded858443d6de43548cafd151ef3faf0655c9d98c019a
/workspace/scratch/d427a25ef2a1/evidence/environment-dns-failure/d65f008e651d875db31e4474c1f9ecd8669019705c88b126017bf0242dee686b.json,temporary/scratch,,Raw public scrape/DNS-failure attempt or assembly utility; compact dated public evidence and finalized labels preserve useful findings. Not required to recompute saved metrics.,1096,8f6cb975563d4bed226a64136e2c08c590ca71b73efb8933ee98461781f23cdf
/workspace/scratch/d427a25ef2a1/evidence/environment-dns-failure/dadc91d852f90c8f9558222657ecdf57373d33d7ad07a43158ee040053e8581f.json,temporary/scratch,,Raw public scrape/DNS-failure attempt or assembly utility; compact dated public evidence and finalized labels preserve useful findings. Not required to recompute saved metrics.,1098,acb016edf4163997843549111347c64ac8127689b44dbb8016a112d187430348
/workspace/scratch/d427a25ef2a1/evidence/environment-dns-failure/dafd7af6a0a66ba2ae71311dc10a10a27047e8e19df85e795e2aaad5b1fa0e0f.json,temporary/scratch,,Raw public scrape/DNS-failure attempt or assembly utility; compact dated public evidence and finalized labels preserve useful findings. Not required to recompute saved metrics.,1102,bbb37402f63065f39699b4426e918ddbac6bf8a6e550dc0ddb14c3d30eca76f2
/workspace/scratch/d427a25ef2a1/evidence/environment-dns-failure/db7f4c9fdc38daefcba8b4c8801beff4b38057cebe1429efe9c72a3d7106d140.json,temporary/scratch,,Raw public scrape/DNS-failure attempt or assembly utility; compact dated public evidence and finalized labels preserve useful findings. Not required to recompute saved metrics.,1118,9e719c468ee340f5edc04021e64119aa38cad276714cea03a23cc0971dd4f534
/workspace/scratch/d427a25ef2a1/evidence/environment-dns-failure/db8b0f029cd58f39faad22c72283305457ff632b5c1754fcabfd2b6487569e5e.json,temporary/scratch,,Raw public scrape/DNS-failure attempt or assembly utility; compact dated public evidence and finalized labels preserve useful findings. Not required to recompute saved metrics.,1092,2f4d87c3da6df00d254a769adcc36df279d79f2fa19459f0dd6edcc64caa795b
/workspace/scratch/d427a25ef2a1/evidence/environment-dns-failure/dbacc761cf4030e08a94e3419210705bd33c3999cf77a8eb450696b0bcbd5434.json,temporary/scratch,,Raw public scrape/DNS-failure attempt or assembly utility; compact dated public evidence and finalized labels preserve useful findings. Not required to recompute saved metrics.,1116,0246ae7687a6386ef3ccd1c4dc97020ca8e42ac3c2584e57175ca274c7efd167
/workspace/scratch/d427a25ef2a1/evidence/environment-dns-failure/dc51c7a2843268596d1e167b391927f7820f8dc2fd769eea2a950b096f1b719b.json,temporary/scratch,,Raw public scrape/DNS-failure attempt or assembly utility; compact dated public evidence and finalized labels preserve useful findings. Not required to recompute saved metrics.,1108,5466fdcdcb44d5f18b7ab76682db6d2e727a25824be4b4b4f592736104c08eae
/workspace/scratch/d427a25ef2a1/evidence/environment-dns-failure/dcf6fd4307ca3e06ccc589f8ba81a870fad270caf118e61bbd5a5a9ed97b6091.json,temporary/scratch,,Raw public scrape/DNS-failure attempt or assembly utility; compact dated public evidence and finalized labels preserve useful findings. Not required to recompute saved metrics.,1106,f11283304bc601f08f384024dc9b3855ef4e6eaee7a67fb927f9a85d3bae64bd
/workspace/scratch/d427a25ef2a1/evidence/environment-dns-failure/de1377dfe5155fa84d246b5551bcc936dfa08e26a46433f67194e6eb3ee7824f.json,temporary/scratch,,Raw public scrape/DNS-failure attempt or assembly utility; compact dated public evidence and finalized labels preserve useful findings. Not required to recompute saved metrics.,1094,41fa7be353f1ed37a7f83c060d4e41714b9f74a3a8429a4853c0e5c1d9975b13
/workspace/scratch/d427a25ef2a1/evidence/environment-dns-failure/de6ae899bcc0142b6017af52720d58f5d589e3b547c5d6be7fb605782ed9aafa.json,temporary/scratch,,Raw public scrape/DNS-failure attempt or assembly utility; compact dated public evidence and finalized labels preserve useful findings. Not required to recompute saved metrics.,1104,7f102e57596e1373111ac1367c33cec952808170e3cd11e2e3375cf83efdacc7
/workspace/scratch/d427a25ef2a1/evidence/environment-dns-failure/df1edb8b8fedb40773c576a0e1625d6e6a79f0280eb95993959d37b4bfb21f7e.json,temporary/scratch,,Raw public scrape/DNS-failure attempt or assembly utility; compact dated public evidence and finalized labels preserve useful findings. Not required to recompute saved metrics.,1102,7b01ca719b5b15cb9b6856624149836d3e3bd28ff2536acdcfbd3f7ab0bd58f5
/workspace/scratch/d427a25ef2a1/evidence/environment-dns-failure/dfae82a3f4c28cddf63e56358f8f25129b566764be9bd6fbb09b5ea56b1de2ff.json,temporary/scratch,,Raw public scrape/DNS-failure attempt or assembly utility; compact dated public evidence and finalized labels preserve useful findings. Not required to recompute saved metrics.,1104,24fd9272d74a561bbef583bdb1ff1adce2fd268898b62a4a003ce995fd6a143d
/workspace/scratch/d427a25ef2a1/evidence/environment-dns-failure/e02f3afd7de83d18f84eabc7a5738255ca30c5132790cf6c6f53c9e4064dee0b.json,temporary/scratch,,Raw public scrape/DNS-failure attempt or assembly utility; compact dated public evidence and finalized labels preserve useful findings. Not required to recompute saved metrics.,1104,c4cfa817b30f2e7d1ac370fda54bd212c0a766aabc98d314557faaee697b3c1a
/workspace/scratch/d427a25ef2a1/evidence/environment-dns-failure/e0e3d35cc393a3be9a4a102ea2373b8cae981b563151f9650abe104767fe394a.json,temporary/scratch,,Raw public scrape/DNS-failure attempt or assembly utility; compact dated public evidence and finalized labels preserve useful findings. Not required to recompute saved metrics.,1102,f7ff40f822373dd5066c546292475d8aff56c3e7a6fd2095276cb0d94290b3ca
/workspace/scratch/d427a25ef2a1/evidence/environment-dns-failure/e10001b106670f9904cf42a60f509ce80ebd183397a89a6ea9e1517fe5b98404.json,temporary/scratch,,Raw public scrape/DNS-failure attempt or assembly utility; compact dated public evidence and finalized labels preserve useful findings. Not required to recompute saved metrics.,1098,a4a42a73b38fd978c40f21023d44b44221e1066c65dc6ff0e814a7ecdfb2bc4a
/workspace/scratch/d427a25ef2a1/evidence/environment-dns-failure/e122bf009097ffa5e3f920eda6f2cc3697eadfece9e0f5ce27038b3263e4a4dc.json,temporary/scratch,,Raw public scrape/DNS-failure attempt or assembly utility; compact dated public evidence and finalized labels preserve useful findings. Not required to recompute saved metrics.,1084,4093accd016cab4301e2ce2e17aac98310ea49ba7e13c7aaf7531568524134f4
/workspace/scratch/d427a25ef2a1/evidence/environment-dns-failure/e1609c8dff7160982b12cb56e50a0ef7f12049a345c1aa0292cefcf79395c22f.json,temporary/scratch,,Raw public scrape/DNS-failure attempt or assembly utility; compact dated public evidence and finalized labels preserve useful findings. Not required to recompute saved metrics.,1086,84342319e216b0899b7d971ca83b6ba2c0a56d74506050a287767b9568a214fb
/workspace/scratch/d427a25ef2a1/evidence/environment-dns-failure/e24723285d4d33c4d8cff7c1862a56a74355a2bd408649c396ff64017dbbe1c4.json,temporary/scratch,,Raw public scrape/DNS-failure attempt or assembly utility; compact dated public evidence and finalized labels preserve useful findings. Not required to recompute saved metrics.,1108,3b9edcc47dc63394e604799a580aab86929e9d9a6976ffc1fd73f87fc66a78be
/workspace/scratch/d427a25ef2a1/evidence/environment-dns-failure/e2c656069dbad2f44fa2105c15a1945c93968330275a289f7eae994c12f6b644.json,temporary/scratch,,Raw public scrape/DNS-failure attempt or assembly utility; compact dated public evidence and finalized labels preserve useful findings. Not required to recompute saved metrics.,1110,fd5342528b73d4a30f392127cef5944a11bc20370864002d6a2792a1bfce5965
/workspace/scratch/d427a25ef2a1/evidence/environment-dns-failure/e2cd4bdcd2ed89813fde92baa48bc8a4e0152b3adebf7d95c69a10e4bdd36fc4.json,temporary/scratch,,Raw public scrape/DNS-failure attempt or assembly utility; compact dated public evidence and finalized labels preserve useful findings. Not required to recompute saved metrics.,1108,3df413c082b5080b1c2aa60f47032b4ab9002800a20165b5abaf240635678e25
/workspace/scratch/d427a25ef2a1/evidence/environment-dns-failure/e4ffd3787ad7814d36e55863920daa978e6051e1efa3772e1b64be76f76f9f5f.json,temporary/scratch,,Raw public scrape/DNS-failure attempt or assembly utility; compact dated public evidence and finalized labels preserve useful findings. Not required to recompute saved metrics.,1092,631238c4aabbdbf283ebb768746edd2beeeef892830f23ae23beba1a26d33148
/workspace/scratch/d427a25ef2a1/evidence/environment-dns-failure/e52ccaed47d8925b3951913f40051ac7a80174c8a046bed3eea56f5816cb0ded.json,temporary/scratch,,Raw public scrape/DNS-failure attempt or assembly utility; compact dated public evidence and finalized labels preserve useful findings. Not required to recompute saved metrics.,1110,b701a393bc691d671a0c0b8ccdb2eff455199709a77386565f957b6b6377b903
/workspace/scratch/d427a25ef2a1/evidence/environment-dns-failure/e5582aa321a5e1f8d6d6eba8f40a50046442ceebf9d09201ad683e6e20a79611.json,temporary/scratch,,Raw public scrape/DNS-failure attempt or assembly utility; compact dated public evidence and finalized labels preserve useful findings. Not required to recompute saved metrics.,1100,6651739926ede4329ccef8936ddcdfd88bef1d1e89eff4379cc49da3c327f80b
/workspace/scratch/d427a25ef2a1/evidence/environment-dns-failure/e7942de82f5876b557f69124661cfe01778314a5bd147290b8d6d4792c59e4e8.json,temporary/scratch,,Raw public scrape/DNS-failure attempt or assembly utility; compact dated public evidence and finalized labels preserve useful findings. Not required to recompute saved metrics.,1100,77b671bfecd6a72bc8fb1c577acc66a9263a3322ed060184ab23d1dd41399cd1
/workspace/scratch/d427a25ef2a1/evidence/environment-dns-failure/e833c0d3e750fc16f279b16c149176cfd4915152b130b2477b2720313a65a2f6.json,temporary/scratch,,Raw public scrape/DNS-failure attempt or assembly utility; compact dated public evidence and finalized labels preserve useful findings. Not required to recompute saved metrics.,1118,31ad44ad8755da05210f9dec8ce3b960982a6993ccda4e3fce07789c63497f21
/workspace/scratch/d427a25ef2a1/evidence/environment-dns-failure/e9ead1e60f32df3f012dfbb9eb06200704e66c7e7bb3435c0949684d43f08aa1.json,temporary/scratch,,Raw public scrape/DNS-failure attempt or assembly utility; compact dated public evidence and finalized labels preserve useful findings. Not required to recompute saved metrics.,1098,a9ac0e593d3eb9e2983816d6e212926b66f9f630ec94ce6208339ddee4e50d74
/workspace/scratch/d427a25ef2a1/evidence/environment-dns-failure/ee1989975294b109928e430b8449e3036dc5ae9d9467ebda271bc24140b25ea5.json,temporary/scratch,,Raw public scrape/DNS-failure attempt or assembly utility; compact dated public evidence and finalized labels preserve useful findings. Not required to recompute saved metrics.,1098,4ed78e51772036eb8f8169e5cf182164b18395c2815430b568fe6e80a735a197
/workspace/scratch/d427a25ef2a1/evidence/environment-dns-failure/eea80c36aaf34d6fcab07b0ea374b03739ca378917ec9d051f877c8415bb56d6.json,temporary/scratch,,Raw public scrape/DNS-failure attempt or assembly utility; compact dated public evidence and finalized labels preserve useful findings. Not required to recompute saved metrics.,1110,2afbc445cb291c4faf6d5a9ce95f197b2a99a15d9e4dc3738b478a67c6820052
/workspace/scratch/d427a25ef2a1/evidence/environment-dns-failure/eed4900660ca50e5b50c3342cae9610463a7f140d183660506f97a8fff0b16ce.json,temporary/scratch,,Raw public scrape/DNS-failure attempt or assembly utility; compact dated public evidence and finalized labels preserve useful findings. Not required to recompute saved metrics.,1114,5d080afee02945116fce460e987078d9222b2ac036f66b252f4d4dc33633b32a
/workspace/scratch/d427a25ef2a1/evidence/environment-dns-failure/efc5ab003354829c40e955d97dcf022bfe80637f483c771ba860dbe1b30e718d.json,temporary/scratch,,Raw public scrape/DNS-failure attempt or assembly utility; compact dated public evidence and finalized labels preserve useful findings. Not required to recompute saved metrics.,1102,342c5004c4978a4f2ebf0dbc629918390002d7e4068a3a31256047c563f7c457
/workspace/scratch/d427a25ef2a1/evidence/environment-dns-failure/f0843eff9a82bcbf54a703fddeb712fd12b9cd2357974e295006917f3fc4d664.json,temporary/scratch,,Raw public scrape/DNS-failure attempt or assembly utility; compact dated public evidence and finalized labels preserve useful findings. Not required to recompute saved metrics.,1120,24b95bba9b97393e6591ff8632bae78b3eecb029d00ef61b1b8d9e9079311297
/workspace/scratch/d427a25ef2a1/evidence/environment-dns-failure/f0abbf8a4899fdcdae5f856b8fa48d2108402e9bb53ac2b50973101a4ff0d8ca.json,temporary/scratch,,Raw public scrape/DNS-failure attempt or assembly utility; compact dated public evidence and finalized labels preserve useful findings. Not required to recompute saved metrics.,1106,b711fec986681095c67a2b6186ded10adc416de31ad3344fec7343a5dc0b9c65
/workspace/scratch/d427a25ef2a1/evidence/environment-dns-failure/f17e0782bf5b08b0dc4ca61bf9d73c04213d407ed16c04edd26a64534ed5b70f.json,temporary/scratch,,Raw public scrape/DNS-failure attempt or assembly utility; compact dated public evidence and finalized labels preserve useful findings. Not required to recompute saved metrics.,1104,215f6a4717716489e30c6c142456740a3849694c60cb7409f485fd2a5b6ec262
/workspace/scratch/d427a25ef2a1/evidence/environment-dns-failure/f18cbca2feb09659e08cee9bbba6e2f55c49ac793b998f9b1ca45717c09ba4fb.json,temporary/scratch,,Raw public scrape/DNS-failure attempt or assembly utility; compact dated public evidence and finalized labels preserve useful findings. Not required to recompute saved metrics.,1116,2190055bcd33a2e6cacb9d2ac7ad240b1fa5b87df025ccc796dece7957f7da76
/workspace/scratch/d427a25ef2a1/evidence/environment-dns-failure/f1a1c9382745a05d8c59fa9cbfc1978a1943ce0434d5371ad914d2324ab3f399.json,temporary/scratch,,Raw public scrape/DNS-failure attempt or assembly utility; compact dated public evidence and finalized labels preserve useful findings. Not required to recompute saved metrics.,1096,54f889d596d528fade2f7cba70d71b1c7b91708c33e70fadad2d090aa840a002
/workspace/scratch/d427a25ef2a1/evidence/environment-dns-failure/f20e6f884fd67a4781a5089c98e4de073116f5e10c841cefbe1005adb1d1c23d.json,temporary/scratch,,Raw public scrape/DNS-failure attempt or assembly utility; compact dated public evidence and finalized labels preserve useful findings. Not required to recompute saved metrics.,1102,3536305d9da5f1d73ef50fbe939e177aaa69d9cb7f88f1968e3d56df4dcb721b
/workspace/scratch/d427a25ef2a1/evidence/environment-dns-failure/f229bf2d456405423671ee8054155b802c15158a61f35bf77d4d71865dab2c7d.json,temporary/scratch,,Raw public scrape/DNS-failure attempt or assembly utility; compact dated public evidence and finalized labels preserve useful findings. Not required to recompute saved metrics.,1100,37258e857729c67b61af40d89201fea8a6f819917b0ea7636abcce12eb1d0519
/workspace/scratch/d427a25ef2a1/evidence/environment-dns-failure/f27eec455b65fb91b4036bf0f0797ebde380493adf78313c6d8a668485eb3f9e.json,temporary/scratch,,Raw public scrape/DNS-failure attempt or assembly utility; compact dated public evidence and finalized labels preserve useful findings. Not required to recompute saved metrics.,1106,361b9f075993d961c74567044ae14609cd82ff8dd48cf7147357b17f1de83d7c
/workspace/scratch/d427a25ef2a1/evidence/environment-dns-failure/f32400dc165d1e717a858d4aec2401d58ded875c70d161714df30845a08f7cdb.json,temporary/scratch,,Raw public scrape/DNS-failure attempt or assembly utility; compact dated public evidence and finalized labels preserve useful findings. Not required to recompute saved metrics.,1098,b7ba2d2bb05e613de7fc0fbd0d69dbdd1bdd14f59fbed62164325422e057e123
/workspace/scratch/d427a25ef2a1/evidence/environment-dns-failure/f3d374be72fea01913e1062dbe262ed7a97b5756dbbb344466f9d46b044f24fd.json,temporary/scratch,,Raw public scrape/DNS-failure attempt or assembly utility; compact dated public evidence and finalized labels preserve useful findings. Not required to recompute saved metrics.,1136,95b3681028c9d7b7b9a46160ebba6daccb50957e035c111dd2cf59d1ada9c2ee
/workspace/scratch/d427a25ef2a1/evidence/environment-dns-failure/f5357a79aa0f43535558de323b06d808a43a9a08d5bc90bba3281b86f7d00771.json,temporary/scratch,,Raw public scrape/DNS-failure attempt or assembly utility; compact dated public evidence and finalized labels preserve useful findings. Not required to recompute saved metrics.,1106,a3a02a65f4ec9766bfe72ed4c2023998b70f7e7d80c14df2aa9223a0caab3297
/workspace/scratch/d427a25ef2a1/evidence/environment-dns-failure/f58ae57fb3460f7ca24d655bc2ed5d275bbbf4089132ed838960566aee61cd73.json,temporary/scratch,,Raw public scrape/DNS-failure attempt or assembly utility; compact dated public evidence and finalized labels preserve useful findings. Not required to recompute saved metrics.,1100,7c9e4c53989289c4f540048cc477186b47dd51503dccb66b1db0a4e4b6499b9f
/workspace/scratch/d427a25ef2a1/evidence/environment-dns-failure/f5d7b910cebd88fcee6d6ad06e8fdf4d3c000fa645c5cf3d37d6c127b41fe556.json,temporary/scratch,,Raw public scrape/DNS-failure attempt or assembly utility; compact dated public evidence and finalized labels preserve useful findings. Not required to recompute saved metrics.,1112,d3929b91fd9073c8156a746de2e67adf3bccf403427d477a3e7d3aec2aeb466c
/workspace/scratch/d427a25ef2a1/evidence/environment-dns-failure/f6ff9069f59e4cb478b1447635a251caa622514e15e511afd5b4f4fba236f784.json,temporary/scratch,,Raw public scrape/DNS-failure attempt or assembly utility; compact dated public evidence and finalized labels preserve useful findings. Not required to recompute saved metrics.,1106,d8f17841dab75e5756e0ab94536925234d01e6ed5dffeb60918ebd351d1e1f97
/workspace/scratch/d427a25ef2a1/evidence/environment-dns-failure/f83fc9d2e1d409c9e6a6c63687213bcf2869d46aec4b1bfa29f307e02faa3899.json,temporary/scratch,,Raw public scrape/DNS-failure attempt or assembly utility; compact dated public evidence and finalized labels preserve useful findings. Not required to recompute saved metrics.,1102,62c8d8e82afc2750aa3b0dde93094230c75711e0fe61a547a76f769e57ffbae6
/workspace/scratch/d427a25ef2a1/evidence/environment-dns-failure/f8c5a2993373503b156e8254ccc770902881a9aaba26edc29aa9a91ec0038f2a.json,temporary/scratch,,Raw public scrape/DNS-failure attempt or assembly utility; compact dated public evidence and finalized labels preserve useful findings. Not required to recompute saved metrics.,1096,6f3f00f051890e7a4bdaf8eb4b4a12e3c7430aa3fd345d8cca1f07fd053178b0
/workspace/scratch/d427a25ef2a1/evidence/environment-dns-failure/f93f0d3d1f03b55ac2281a20a2a5ef0c9ddc26820866831270809479dfe150ec.json,temporary/scratch,,Raw public scrape/DNS-failure attempt or assembly utility; compact dated public evidence and finalized labels preserve useful findings. Not required to recompute saved metrics.,1100,a0186b5aa154c9086424be1dc237e864a29a3251c3cf295f81937b3ec314bc75
/workspace/scratch/d427a25ef2a1/evidence/environment-dns-failure/f9c30ce6b31f3c59e759142b0314f21984186de9b17903cbaf63a6b33cbbdfaa.json,temporary/scratch,,Raw public scrape/DNS-failure attempt or assembly utility; compact dated public evidence and finalized labels preserve useful findings. Not required to recompute saved metrics.,1114,f7754100d5ed6439bae3c7ca84fc79913fdf550c40131b625a03adfa75f564c9
/workspace/scratch/d427a25ef2a1/evidence/environment-dns-failure/fa0a1b7ea14660d5dfc9b04ccb3c363ad1184d0ee9184e8b44f96fce9ecbd666.json,temporary/scratch,,Raw public scrape/DNS-failure attempt or assembly utility; compact dated public evidence and finalized labels preserve useful findings. Not required to recompute saved metrics.,1128,f1ac174a65e12de94beee71ff987b03e29d0074ee09cc30432f9b6ea08f571b0
/workspace/scratch/d427a25ef2a1/evidence/environment-dns-failure/fa8b65b45dd6f8d50bde67c158adebf3cd6ff6b0f22c64250d45cc1480f867d4.json,temporary/scratch,,Raw public scrape/DNS-failure attempt or assembly utility; compact dated public evidence and finalized labels preserve useful findings. Not required to recompute saved metrics.,1116,9e4c6d70a017728b62f54fc1896e088592e9833fc1f33b09575f2cb39b390138
/workspace/scratch/d427a25ef2a1/evidence/environment-dns-failure/fbad6d33c4d6fc79a79989f9a49c5df6123e7aa581067450f9875a961254c214.json,temporary/scratch,,Raw public scrape/DNS-failure attempt or assembly utility; compact dated public evidence and finalized labels preserve useful findings. Not required to recompute saved metrics.,1100,265e546c681213242820b6a082962f49fee05339a1c815365a9ee2ebd54f8905
/workspace/scratch/d427a25ef2a1/evidence/environment-dns-failure/fbcb12814a3c308564f2789a50c7f1161012c5629c060365276ce64cb8a15df3.json,temporary/scratch,,Raw public scrape/DNS-failure attempt or assembly utility; compact dated public evidence and finalized labels preserve useful findings. Not required to recompute saved metrics.,1098,d788ecfe79b5ad0b704253aa30b0a912a8f68c218d5066ae7e0e2d89211e1e6d
/workspace/scratch/d427a25ef2a1/evidence/environment-dns-failure/fcab7f36b149f6954f53a777aba385c6664438fe9cc9946335db50a21471cffd.json,temporary/scratch,,Raw public scrape/DNS-failure attempt or assembly utility; compact dated public evidence and finalized labels preserve useful findings. Not required to recompute saved metrics.,1098,ed7201e8bcab9d3d8e2a06ddbb37a513263a30d85a8d49acd911c437e005e29c
/workspace/scratch/d427a25ef2a1/evidence/environment-dns-failure/fe11b0adb66f6e3e8cd70f23ab099c1fcdbc526f71fc15baf7994c01a3861f3b.json,temporary/scratch,,Raw public scrape/DNS-failure attempt or assembly utility; compact dated public evidence and finalized labels preserve useful findings. Not required to recompute saved metrics.,1112,e5407787ed022f6728a514ef8ee76b8a1239fdc3dd327ecd52f7021477105962
/workspace/scratch/d427a25ef2a1/evidence/environment-dns-failure/feb63b6f30031771a0d1ae6484acedff68b93e9cb52d30a752257aca9afa949e.json,temporary/scratch,,Raw public scrape/DNS-failure attempt or assembly utility; compact dated public evidence and finalized labels preserve useful findings. Not required to recompute saved metrics.,1112,21b4fd30c9e92a74612ded3395c4114d2cb2f62e630b60787e9ebdddf5f452de
/workspace/scratch/d427a25ef2a1/evidence/environment-dns-failure/fec636a4775010cffca6d53d60d32bc5aa8d21927b8933e554cbec43cc6a4177.json,temporary/scratch,,Raw public scrape/DNS-failure attempt or assembly utility; compact dated public evidence and finalized labels preserve useful findings. Not required to recompute saved metrics.,1096,220ad09c9933f1408156cfc3ff9c424fef48d61d8a046238766eb0a42c2b8132
/workspace/scratch/d427a25ef2a1/evidence/environment-dns-failure/ff179cdef3f4375092730276381ee4bbd2946979c114aaa379f215f1adbf8b4d.json,temporary/scratch,,Raw public scrape/DNS-failure attempt or assembly utility; compact dated public evidence and finalized labels preserve useful findings. Not required to recompute saved metrics.,1118,bf28445ee14ba313c2798ac4874e2437b5a16dd6b40ea02891408999cc7cff75
/workspace/scratch/d427a25ef2a1/evidence/environment-dns-failure/ffef7d3ea1f5009a4a3c24732c194706ad9f5dea733f4be41d54d34bbbe24d03.json,temporary/scratch,,Raw public scrape/DNS-failure attempt or assembly utility; compact dated public evidence and finalized labels preserve useful findings. Not required to recompute saved metrics.,1098,c857801a149b179705cf37a337fc7810b2247c9d8a278a35fc0486e4ffa289c2
/workspace/scratch/d427a25ef2a1/evidence/public-observations/0217cd4480bfac52028d8457c4825825877ece00b0f26581ed66fc11322b2d7c.json,temporary/scratch,,Raw public scrape/DNS-failure attempt or assembly utility; compact dated public evidence and finalized labels preserve useful findings. Not required to recompute saved metrics.,53911,853f0917a354b0358416607e3c722227aa076ae4bf89f7ba4b42a6298f0338e3
/workspace/scratch/d427a25ef2a1/evidence/public-observations/022bda8aa89751a406c2f36ea59f76d5fa8ce1ba9c0a7de99d9a871f6f003dcb.json,temporary/scratch,,Raw public scrape/DNS-failure attempt or assembly utility; compact dated public evidence and finalized labels preserve useful findings. Not required to recompute saved metrics.,72767,f95bbf3300b84ed6af8fe06a713af271e60d1da0e198f126e0909beaa924227a
/workspace/scratch/d427a25ef2a1/evidence/public-observations/02d76380d1a7c4975dd084a2f5d3c0c509f9de4b3cb9f45999c4c5fb4029ed5a.json,temporary/scratch,,Raw public scrape/DNS-failure attempt or assembly utility; compact dated public evidence and finalized labels preserve useful findings. Not required to recompute saved metrics.,1004,74d58534e52045ff78a0b3f57875fc12a57c5aa435feb2d217358bb5b2286f03
/workspace/scratch/d427a25ef2a1/evidence/public-observations/0415c1a3be4823e8400740bc9acade98692d3a6bda17b341890ec67006be1f3c.json,temporary/scratch,,Raw public scrape/DNS-failure attempt or assembly utility; compact dated public evidence and finalized labels preserve useful findings. Not required to recompute saved metrics.,28118,f99f4370951c1423a5451636f3da23d3fcb13e53fb8a8abaecabf65e6458e1e2
/workspace/scratch/d427a25ef2a1/evidence/public-observations/042cc1e235de942b2b5993ea0dad7bdffabb4c0395b37de23466bfcc03c370b7.json,temporary/scratch,,Raw public scrape/DNS-failure attempt or assembly utility; compact dated public evidence and finalized labels preserve useful findings. Not required to recompute saved metrics.,44458,71fb0b62543261e6f8fc880f950d38608b3caaba1c007f20c391c86fe798751d
/workspace/scratch/d427a25ef2a1/evidence/public-observations/048aa6f02a5be4bc1eaee64155c4606d058b78a7c0c8ed8a67f46a3c9cbe5529.json,temporary/scratch,,Raw public scrape/DNS-failure attempt or assembly utility; compact dated public evidence and finalized labels preserve useful findings. Not required to recompute saved metrics.,3562,4a069660af00417a72a0263644e35fc333e80089ff5b2848d8424ea06c505941
/workspace/scratch/d427a25ef2a1/evidence/public-observations/0582b169538e6342234c310520661634f5e8604e9d2bf44ed045a20029d5b3bb.json,temporary/scratch,,Raw public scrape/DNS-failure attempt or assembly utility; compact dated public evidence and finalized labels preserve useful findings. Not required to recompute saved metrics.,69473,d52e12a4baad347267b066691774195a34e52659be5a2deb477ba30b1547f4c1
/workspace/scratch/d427a25ef2a1/evidence/public-observations/0661aa83a7365edca47a261d94e7e4c4f09e1e03d59edb98d8586c7386b1f509.json,temporary/scratch,,Raw public scrape/DNS-failure attempt or assembly utility; compact dated public evidence and finalized labels preserve useful findings. Not required to recompute saved metrics.,64874,6337b7966ae39efa3565ff0117e69db468bfeea614eb9fa5861f7c50ec3bf1c7
/workspace/scratch/d427a25ef2a1/evidence/public-observations/07862b4644f63573e11871d730ea6619db648d1f96361ec3a6003d5d61297227.json,temporary/scratch,,Raw public scrape/DNS-failure attempt or assembly utility; compact dated public evidence and finalized labels preserve useful findings. Not required to recompute saved metrics.,50913,48e84f5c38234d51bb9e184b014dcac9fdfafe513b97df277bffb3b253782aa3
/workspace/scratch/d427a25ef2a1/evidence/public-observations/07f237e6a821769017cbeeb72f389ee36fb41c61f353853904c123ac316571d4.json,temporary/scratch,,Raw public scrape/DNS-failure attempt or assembly utility; compact dated public evidence and finalized labels preserve useful findings. Not required to recompute saved metrics.,91439,bdc98e671c77c1886b322a4ab01e50d578b6c74417e3d70a42cef8e92162f7cd
/workspace/scratch/d427a25ef2a1/evidence/public-observations/083acd02971bef678ee093aa2d7bb813c6f813ef302caef1cf0a765c77d5a998.json,temporary/scratch,,Raw public scrape/DNS-failure attempt or assembly utility; compact dated public evidence and finalized labels preserve useful findings. Not required to recompute saved metrics.,8876,61d5c64f3459f6e5ddb4281ee42e696dc56a45ea22dcac322c1f99844416d4a9
/workspace/scratch/d427a25ef2a1/evidence/public-observations/0897ebca6b63cede854212bda513c3ca452df7e21f6315c96be609b2fcb3517b.json,temporary/scratch,,Raw public scrape/DNS-failure attempt or assembly utility; compact dated public evidence and finalized labels preserve useful findings. Not required to recompute saved metrics.,44100,30de489ce8474c68425ad4a8aa78985ea44278cca016d60f4f894f7a783f919e
/workspace/scratch/d427a25ef2a1/evidence/public-observations/08c9341b7bf68428e234acafe32be356eee03d7c2b375f9621c99c33b43aca9d.json,temporary/scratch,,Raw public scrape/DNS-failure attempt or assembly utility; compact dated public evidence and finalized labels preserve useful findings. Not required to recompute saved metrics.,49135,312f2d8353d31145a2227118bc1b42a42e579c0240fb31a76a7d95d34fe00c0d
/workspace/scratch/d427a25ef2a1/evidence/public-observations/09e23de41ae2db1effc1ebfc62f24128666ff3e17f6f6f05bd0b656aa1808d87.json,temporary/scratch,,Raw public scrape/DNS-failure attempt or assembly utility; compact dated public evidence and finalized labels preserve useful findings. Not required to recompute saved metrics.,46765,cf4b6e96e931f59d4cbd61e28df12ce0f1d19cf66d0767eec7a4b053b9fdd733
/workspace/scratch/d427a25ef2a1/evidence/public-observations/0a09348f624c96147d2307ced3d10c49a16f2c22207b13d26f6e1328cf064b6b.json,temporary/scratch,,Raw public scrape/DNS-failure attempt or assembly utility; compact dated public evidence and finalized labels preserve useful findings. Not required to recompute saved metrics.,49347,fd468ed80ec497dcf55d138a8883f92696a11f23dbd5306f1cc6c2d9ff84d54e
/workspace/scratch/d427a25ef2a1/evidence/public-observations/0ad4e1250fb656b13b21dea228440f278d696f83f53fc7dadb746ec6ad41927d.json,temporary/scratch,,Raw public scrape/DNS-failure attempt or assembly utility; compact dated public evidence and finalized labels preserve useful findings. Not required to recompute saved metrics.,132578,f11fbd7c84b0ce9bd6c9468e8fcc2f7e1a6c9a22d2ba8151e2d07a8e617d62a6
/workspace/scratch/d427a25ef2a1/evidence/public-observations/0d262815851a895604645719aff1bcd2e97d70331595243ddcbd94681d78990d.json,temporary/scratch,,Raw public scrape/DNS-failure attempt or assembly utility; compact dated public evidence and finalized labels preserve useful findings. Not required to recompute saved metrics.,30633,fb59f202959c04913648aaa70bd45cf02d8a6d28303f5f91f330fa161c6c9d7b
/workspace/scratch/d427a25ef2a1/evidence/public-observations/0d64e75936beff725faafdab63f75ed1abc528381b5529c32ea489e3318f530c.json,temporary/scratch,,Raw public scrape/DNS-failure attempt or assembly utility; compact dated public evidence and finalized labels preserve useful findings. Not required to recompute saved metrics.,13404,2cea531f8a66904fabd273f4ea365e4c85a9889746d57e10a9248f03e8e075d5
/workspace/scratch/d427a25ef2a1/evidence/public-observations/10c3fb21284fb3876b081cd00cba895bf224bcf820f7b8ace43111c7539582ac.json,temporary/scratch,,Raw public scrape/DNS-failure attempt or assembly utility; compact dated public evidence and finalized labels preserve useful findings. Not required to recompute saved metrics.,25386,3c1bdfb0924bab3bdc0778d00031b5a196c878ebf1b3fd9d1a59e8a060d45c31
/workspace/scratch/d427a25ef2a1/evidence/public-observations/10c6ed09f79b02e09db8d80cbfe16f3e672e74bae7a4f66ac4a2457b7f571219.json,temporary/scratch,,Raw public scrape/DNS-failure attempt or assembly utility; compact dated public evidence and finalized labels preserve useful findings. Not required to recompute saved metrics.,49219,02ee291eb0e193ea63ec9a1333618780d2ad3b272fc675fdd12e3c11868f3882
/workspace/scratch/d427a25ef2a1/evidence/public-observations/11634d878255a30f0210358befa938125d015056bcbe7639cac93274e1faa097.json,temporary/scratch,,Raw public scrape/DNS-failure attempt or assembly utility; compact dated public evidence and finalized labels preserve useful findings. Not required to recompute saved metrics.,56000,504e50c91ea4e5de30a0ba50bb9325546c808e35514908d4f8fb37e101dba37a
/workspace/scratch/d427a25ef2a1/evidence/public-observations/1304cf4a854826e0b99caf195b1820cda445315813f7040740157b4dc46bff70.json,temporary/scratch,,Raw public scrape/DNS-failure attempt or assembly utility; compact dated public evidence and finalized labels preserve useful findings. Not required to recompute saved metrics.,47555,fdf21075db36aa51a45e91de78a62088c90d4806bcf8bd00067015a2c4e35a1d
/workspace/scratch/d427a25ef2a1/evidence/public-observations/135e2029de1a1f9d5145394712e67d240743d8c5c44c2626aab5b14dc3d2b64e.json,temporary/scratch,,Raw public scrape/DNS-failure attempt or assembly utility; compact dated public evidence and finalized labels preserve useful findings. Not required to recompute saved metrics.,129450,de3571f538a4bead3bcc3812db762a64ecf1af72e31bcd49e8a4073c3a1064b2
/workspace/scratch/d427a25ef2a1/evidence/public-observations/13aceda30448c824ea636c501652b19750b4d2b47fa871fd205d68221a38a012.json,temporary/scratch,,Raw public scrape/DNS-failure attempt or assembly utility; compact dated public evidence and finalized labels preserve useful findings. Not required to recompute saved metrics.,49660,846c4d0397e6631234dbac6928e6a678d92104b3938f43f7d7531def69fb8e7e
/workspace/scratch/d427a25ef2a1/evidence/public-observations/13e9ff9eaa5df14e28b1e8642184168c3f16f2303df8e1407c64273ec5455a27.json,temporary/scratch,,Raw public scrape/DNS-failure attempt or assembly utility; compact dated public evidence and finalized labels preserve useful findings. Not required to recompute saved metrics.,8249,e675530d33c0397251cb26901481be33117a5a7e81df8f39682f9774b1a88952
/workspace/scratch/d427a25ef2a1/evidence/public-observations/140ee7e2451f7b40183e4a133b440b7e2ac4f17df52a632bcac80c92a7ff23c7.json,temporary/scratch,,Raw public scrape/DNS-failure attempt or assembly utility; compact dated public evidence and finalized labels preserve useful findings. Not required to recompute saved metrics.,1000,73b357a6e1595ee426b3145b8ec7b21acb8eeafe52e2fd0d68d08f62de6e425c
/workspace/scratch/d427a25ef2a1/evidence/public-observations/14c32a7c02a828bc0e93e387b8afa8dd1c4efc5cc1826c0116fddaca30251cf7.json,temporary/scratch,,Raw public scrape/DNS-failure attempt or assembly utility; compact dated public evidence and finalized labels preserve useful findings. Not required to recompute saved metrics.,43467,0accae919a84009dd26e07baa6e87a88de3da47f5b9dfa16866c2f0742498c11
/workspace/scratch/d427a25ef2a1/evidence/public-observations/16d3b6994d948804f443d2513396a55c4c0020e6faccf4df6c78ea9c55e54786.json,temporary/scratch,,Raw public scrape/DNS-failure attempt or assembly utility; compact dated public evidence and finalized labels preserve useful findings. Not required to recompute saved metrics.,49511,81f0f1fe54422d92ec022c7101b24ab568af45922e0208bf44b75fc6486ca4df
/workspace/scratch/d427a25ef2a1/evidence/public-observations/174d049c47122b5c4647c63ed787d677df228e5f070418c09edcab86b3713f85.json,temporary/scratch,,Raw public scrape/DNS-failure attempt or assembly utility; compact dated public evidence and finalized labels preserve useful findings. Not required to recompute saved metrics.,10236,b29c8b938b536cdd4cc0cc51f4c6c886282fc067fc11834a0ec10fd0b4ab1faa
/workspace/scratch/d427a25ef2a1/evidence/public-observations/177cbe6fed59efbd7b1bae1cfc0caa31e3ed1f3a44f44a6b8c19125c15f2a13b.json,temporary/scratch,,Raw public scrape/DNS-failure attempt or assembly utility; compact dated public evidence and finalized labels preserve useful findings. Not required to recompute saved metrics.,72979,d217d00070ec58b503f6ae0d64b3834ecc86011fdb4387a9b90c9eb061712ef2
/workspace/scratch/d427a25ef2a1/evidence/public-observations/17af40afe4249e1394fc9ecb71c78147839392727179ad11e8bc937d8e1845de.json,temporary/scratch,,Raw public scrape/DNS-failure attempt or assembly utility; compact dated public evidence and finalized labels preserve useful findings. Not required to recompute saved metrics.,83984,6f7a875caf0b6c9fa91c7db95f19c4a8f5cd1c7d956e64c71d3eb045681b85a1
/workspace/scratch/d427a25ef2a1/evidence/public-observations/17cace177c10337cb2b371a48b0513799a746da1719412d428854b85742d18f1.json,temporary/scratch,,Raw public scrape/DNS-failure attempt or assembly utility; compact dated public evidence and finalized labels preserve useful findings. Not required to recompute saved metrics.,42743,df45a455090628d4a83ecf1846339efb1ea7f0af65e6fb9a37c548ff8ec95499
/workspace/scratch/d427a25ef2a1/evidence/public-observations/194660e804d904ae547f76a391c990ec9ea209549f0bef6249827ea4eea6809e.json,temporary/scratch,,Raw public scrape/DNS-failure attempt or assembly utility; compact dated public evidence and finalized labels preserve useful findings. Not required to recompute saved metrics.,40026,714f7947edfe413e9910504dd517e47c8f779cc2d91bfb6453fe906687eb608e
/workspace/scratch/d427a25ef2a1/evidence/public-observations/1a271d22b67b6ad411c1a04a02e58528ab3be6ed3d6cb2ebdbd2fca25fc739d7.json,temporary/scratch,,Raw public scrape/DNS-failure attempt or assembly utility; compact dated public evidence and finalized labels preserve useful findings. Not required to recompute saved metrics.,42688,b7a1ccd4e6c804d3be4b63ad8a6fc347f875c5f739660b528a6bf3ea7165d3bb
/workspace/scratch/d427a25ef2a1/evidence/public-observations/1a83c4c6c3f469198846cae02846420062efae269e1e62345f61d4d40214af55.json,temporary/scratch,,Raw public scrape/DNS-failure attempt or assembly utility; compact dated public evidence and finalized labels preserve useful findings. Not required to recompute saved metrics.,36744,49d6ca3f138cedf78a6de382e9073bb56bc3a931b58d76c039a36aa5c231ce51
/workspace/scratch/d427a25ef2a1/evidence/public-observations/1a8af490e1c2f762c63317de1cac393cc99c517df50355f1f939a48e914263ae.json,temporary/scratch,,Raw public scrape/DNS-failure attempt or assembly utility; compact dated public evidence and finalized labels preserve useful findings. Not required to recompute saved metrics.,72111,be73ccce4b67a5191d09574fd3477c984c7556c0fa85b772ae536eb5375ec080
/workspace/scratch/d427a25ef2a1/evidence/public-observations/1ab9e61837e5c81b8b1c6535707189cbdacfde6691d81e119064ef527c8cbe0f.json,temporary/scratch,,Raw public scrape/DNS-failure attempt or assembly utility; compact dated public evidence and finalized labels preserve useful findings. Not required to recompute saved metrics.,7725,db270e9e710311acf048cd3c11cd6ce2683dec02c31a73668d7dd5f120b468cb
/workspace/scratch/d427a25ef2a1/evidence/public-observations/1ba20f4c503c94cc163af8a9c187ef19237a1bc467cfa4b4d9182d264cfb07af.json,temporary/scratch,,Raw public scrape/DNS-failure attempt or assembly utility; compact dated public evidence and finalized labels preserve useful findings. Not required to recompute saved metrics.,41058,653df0ae93bea934913496d13a19141cde1096bb87cdd00f020561a967d5e2ad
/workspace/scratch/d427a25ef2a1/evidence/public-observations/1bea7bc879967ef34166bf77aab014e395fd06cd9922aa2c7c0cb46067d02f34.json,temporary/scratch,,Raw public scrape/DNS-failure attempt or assembly utility; compact dated public evidence and finalized labels preserve useful findings. Not required to recompute saved metrics.,79806,2e49c0a58b22febc8fe546bb7f9b4fa12bee50a000db99399fb78ad68b1c108a
/workspace/scratch/d427a25ef2a1/evidence/public-observations/1c1b50e2a09b70566ea57e2965222d6ccd13e527397eb236009005f887b83181.json,temporary/scratch,,Raw public scrape/DNS-failure attempt or assembly utility; compact dated public evidence and finalized labels preserve useful findings. Not required to recompute saved metrics.,88366,8f707b83dc5965db8ad42682b06d81bcdef9a731376d51d60d5b1fec20a79ffe
/workspace/scratch/d427a25ef2a1/evidence/public-observations/1cee9fe2e99a14d75e4872eeb188e55e887a170b65c858cedd6907f9423e6456.json,temporary/scratch,,Raw public scrape/DNS-failure attempt or assembly utility; compact dated public evidence and finalized labels preserve useful findings. Not required to recompute saved metrics.,1954,66e44e2a5103829f59499eebc15c7e0bf71767abcd49945c1e8ab830b5adb710
/workspace/scratch/d427a25ef2a1/evidence/public-observations/1dff56bd1b6b15df87aca162f4e7e1f6d8a6f878c486658864b540a2cf301740.json,temporary/scratch,,Raw public scrape/DNS-failure attempt or assembly utility; compact dated public evidence and finalized labels preserve useful findings. Not required to recompute saved metrics.,43637,78f05b5ffa175e5ad561dcfe6d323a6a93c8f53b0f338b1f5d08532bea3890f9
/workspace/scratch/d427a25ef2a1/evidence/public-observations/1f5c03cfd44ef71002020e57c672e0400ce9c24845f65247a60e8ac66c37ae10.json,temporary/scratch,,Raw public scrape/DNS-failure attempt or assembly utility; compact dated public evidence and finalized labels preserve useful findings. Not required to recompute saved metrics.,48352,7f104fa078487d89bd194fff7da9ba7d8cd5849016989dd35c5a2cb4c809516f
/workspace/scratch/d427a25ef2a1/evidence/public-observations/1fc52206f8d492631dbcc278af2d6175706759b69320e864997503d4c2af8fdf.json,temporary/scratch,,Raw public scrape/DNS-failure attempt or assembly utility; compact dated public evidence and finalized labels preserve useful findings. Not required to recompute saved metrics.,44887,e6ed8987038e3bcaf1c8800ce15ed37d64faf829513066e164431c5e93ee20d9
/workspace/scratch/d427a25ef2a1/evidence/public-observations/204678ccbc43e8950f4937a177b9f2f961834dc2c4ec7ce8ec5cf1a10f7fb11e.json,temporary/scratch,,Raw public scrape/DNS-failure attempt or assembly utility; compact dated public evidence and finalized labels preserve useful findings. Not required to recompute saved metrics.,1726,d1447854f53a212c27df3ef37add7a4ec9668a9d3d1a8994f28ecf17fe770ce7
/workspace/scratch/d427a25ef2a1/evidence/public-observations/21397be481b3e119f44796c58257be628a4af62f5653464f12a03b3d45bbeea8.json,temporary/scratch,,Raw public scrape/DNS-failure attempt or assembly utility; compact dated public evidence and finalized labels preserve useful findings. Not required to recompute saved metrics.,64027,8f91af0c4f14d1e94393578790e3c0b3e8128fdcaccf608b00854dddbd1ac502
/workspace/scratch/d427a25ef2a1/evidence/public-observations/2204507a5f20051f18bd882229ee5fee63d0768e8adbae664ca5f6dab1103d94.json,temporary/scratch,,Raw public scrape/DNS-failure attempt or assembly utility; compact dated public evidence and finalized labels preserve useful findings. Not required to recompute saved metrics.,161654,498b8812391b80608653a5c018922de0ee1d42c806cfe605e4c5caaed445ff07
/workspace/scratch/d427a25ef2a1/evidence/public-observations/2342e44831f3ccc8a0b357f2f6bf52b05a58864525e9ecaaf0bc2bf648e6901d.json,temporary/scratch,,Raw public scrape/DNS-failure attempt or assembly utility; compact dated public evidence and finalized labels preserve useful findings. Not required to recompute saved metrics.,76674,c3e331ca7f8a8b803ab41ed9c1c5a7a8f75192d34d930fd939f893d54fd58204
/workspace/scratch/d427a25ef2a1/evidence/public-observations/2541c6eed968a334e76d5505482358031b7ba26ce8f8697ebddf01fa4e9a801b.json,temporary/scratch,,Raw public scrape/DNS-failure attempt or assembly utility; compact dated public evidence and finalized labels preserve useful findings. Not required to recompute saved metrics.,42137,2747a45e2673a3c3f6a2ebf636050ad5461a5e562527750aa9b03df87a71317e
/workspace/scratch/d427a25ef2a1/evidence/public-observations/2662714c0ed077881590ed596c692671991ec62ff1dc96f0e2841dec59bb1e6b.json,temporary/scratch,,Raw public scrape/DNS-failure attempt or assembly utility; compact dated public evidence and finalized labels preserve useful findings. Not required to recompute saved metrics.,5970,c5ab94da6ab0a722eb78b546db1ceaa72b0f76d794dceb92741e91802cace635
/workspace/scratch/d427a25ef2a1/evidence/public-observations/2766cba903b92b8fddc07cc054d558d8ea3d4fdb4470e6e315979efaf1cb245a.json,temporary/scratch,,Raw public scrape/DNS-failure attempt or assembly utility; compact dated public evidence and finalized labels preserve useful findings. Not required to recompute saved metrics.,47387,c9c7e651c01f6e21144c63c9b428b35a16dec534eaf1e9c689050f23ba012843
/workspace/scratch/d427a25ef2a1/evidence/public-observations/2795a0cbb097b22729343abac29885a21698c9505e58c6109f867e9c8134f0a4.json,temporary/scratch,,Raw public scrape/DNS-failure attempt or assembly utility; compact dated public evidence and finalized labels preserve useful findings. Not required to recompute saved metrics.,93224,e6b04bd5f35584008a93e667dd1a4954d56b5fdaba76b351911b371d8c6a2ff3
/workspace/scratch/d427a25ef2a1/evidence/public-observations/281602ccc75a985d0d330330af8e0009e29998150ab2b50da5e2bd6ad086a0bf.json,temporary/scratch,,Raw public scrape/DNS-failure attempt or assembly utility; compact dated public evidence and finalized labels preserve useful findings. Not required to recompute saved metrics.,118716,8a7cd6e08ee14faf7007ca69c10aac40b60009861603f70df0aa759bffa1ff7f
/workspace/scratch/d427a25ef2a1/evidence/public-observations/2834bf49b240cc8d80d0edd466b0f1367cd0b21925670dea605d643a0fb72e6a.json,temporary/scratch,,Raw public scrape/DNS-failure attempt or assembly utility; compact dated public evidence and finalized labels preserve useful findings. Not required to recompute saved metrics.,46444,7b8fdd2da693976327e5e25776e74aefebfb6326a97d01573fc592c9f6f41441
/workspace/scratch/d427a25ef2a1/evidence/public-observations/28611ab20b8e388b021948750a6f6a2ba2135d8e7f6573d500681ee22e054031.json,temporary/scratch,,Raw public scrape/DNS-failure attempt or assembly utility; compact dated public evidence and finalized labels preserve useful findings. Not required to recompute saved metrics.,95075,9b6c295a6d05dca637a90d065ab674b8aeadabdee86f21f5de0631723c355cf6
/workspace/scratch/d427a25ef2a1/evidence/public-observations/2b0162f8153ebe702287b8ea108593cb60de0ea59dca21b7678495eca44aa48e.json,temporary/scratch,,Raw public scrape/DNS-failure attempt or assembly utility; compact dated public evidence and finalized labels preserve useful findings. Not required to recompute saved metrics.,1306,f28669007cac142c43f3853ae2119975ef35ff35afc907f7adc81899b114b62b
/workspace/scratch/d427a25ef2a1/evidence/public-observations/2b314ef323fe95df81f6490aedb916c2fae012127928f2692fb2090ed35b5338.json,temporary/scratch,,Raw public scrape/DNS-failure attempt or assembly utility; compact dated public evidence and finalized labels preserve useful findings. Not required to recompute saved metrics.,90895,265f7f0c798278b8fa3d047feee42b72c6c1b6c086e566a00595280acb4ce7b5
/workspace/scratch/d427a25ef2a1/evidence/public-observations/2b9466b1734b66b9e04980a18aac019042b13c7c31983944fca0928cec85eada.json,temporary/scratch,,Raw public scrape/DNS-failure attempt or assembly utility; compact dated public evidence and finalized labels preserve useful findings. Not required to recompute saved metrics.,80447,b7b054d95bb306e03df0121ca26da1076affa14941b4f3ea627a757eea13e716
/workspace/scratch/d427a25ef2a1/evidence/public-observations/2c844b0d859bbdf78289a1fb27d45b3f188f73144ee545cd9979b24d8edea0a8.json,temporary/scratch,,Raw public scrape/DNS-failure attempt or assembly utility; compact dated public evidence and finalized labels preserve useful findings. Not required to recompute saved metrics.,15784,4840c0a985acb6390cf279487cadd7000dbc7694a5c8d75a6833f1d4d8b3a72c
/workspace/scratch/d427a25ef2a1/evidence/public-observations/2e39999a1e1cc118133aa8340fbed0af38e8c5a0e982e22bd7bbc66da109275d.json,temporary/scratch,,Raw public scrape/DNS-failure attempt or assembly utility; compact dated public evidence and finalized labels preserve useful findings. Not required to recompute saved metrics.,56431,10b7f9dd511786d372b0cd177bb2757300aabcbe74796553d8f3d91bc7ccfbf9
/workspace/scratch/d427a25ef2a1/evidence/public-observations/31e37962a66b49d8e5a1274a5451cfed32cd9c391f32d67b0993b3398a14815e.json,temporary/scratch,,Raw public scrape/DNS-failure attempt or assembly utility; compact dated public evidence and finalized labels preserve useful findings. Not required to recompute saved metrics.,56983,9be5fcc6226bade1ceb1032bab5be22f824367577a691cbb92afdc4c60ac7deb
/workspace/scratch/d427a25ef2a1/evidence/public-observations/31f993e34cae18c88dc9162b7a2cab5804ccbdc3b690b775abdee71cf5460ce3.json,temporary/scratch,,Raw public scrape/DNS-failure attempt or assembly utility; compact dated public evidence and finalized labels preserve useful findings. Not required to recompute saved metrics.,45512,0e94bfa09afe1032ae1d468ae29ec50627ab39e5b4172135e674b44118f5cf01
/workspace/scratch/d427a25ef2a1/evidence/public-observations/32a5be25cf190b22de396dbf854dd36347b2be3ce59b8a40329788597e7c242a.json,temporary/scratch,,Raw public scrape/DNS-failure attempt or assembly utility; compact dated public evidence and finalized labels preserve useful findings. Not required to recompute saved metrics.,77038,d04cd18c79523d8d596a69a90890e9b7f49fc1fdba9cc429dcd0dd35a7b88860
/workspace/scratch/d427a25ef2a1/evidence/public-observations/32b817ccf9bc24a98691accf0485695da3c3c4e1417972936ccd9266249c4315.json,temporary/scratch,,Raw public scrape/DNS-failure attempt or assembly utility; compact dated public evidence and finalized labels preserve useful findings. Not required to recompute saved metrics.,99408,fbfa1a76b16af91e73b6c850d1cdc73fb7e47ba6bdde4d9560cacf526b541fc7
/workspace/scratch/d427a25ef2a1/evidence/public-observations/338c210ef5351c2fc7c86d6374378634d1a68524d2dad36d1eba507316ee4b71.json,temporary/scratch,,Raw public scrape/DNS-failure attempt or assembly utility; compact dated public evidence and finalized labels preserve useful findings. Not required to recompute saved metrics.,37805,072ab171ddbac6637894f0949e13119f5941f682404275efd12b5e637bccb407
/workspace/scratch/d427a25ef2a1/evidence/public-observations/33d5e5394e269acc57ab8b9dfe8325151ff88d61584de7dbb11fc56498c51155.json,temporary/scratch,,Raw public scrape/DNS-failure attempt or assembly utility; compact dated public evidence and finalized labels preserve useful findings. Not required to recompute saved metrics.,41151,ad24b4ffc25ceb0c8d7529368296af0c580817b4dab0b4eb27e8975a80513b0f
/workspace/scratch/d427a25ef2a1/evidence/public-observations/3455897a8896d9210109b607cbfa99bd60962fdbe5b6b85e077bb6fb1a722bb8.json,temporary/scratch,,Raw public scrape/DNS-failure attempt or assembly utility; compact dated public evidence and finalized labels preserve useful findings. Not required to recompute saved metrics.,89261,167c7024c3275fbdc0586c1f022bf874d5a0905e1791d2fb54c9d10800a8c24a
/workspace/scratch/d427a25ef2a1/evidence/public-observations/3792de491b87b0621484be20b532511e1508a24bbd0817905742427a13da54b8.json,temporary/scratch,,Raw public scrape/DNS-failure attempt or assembly utility; compact dated public evidence and finalized labels preserve useful findings. Not required to recompute saved metrics.,40625,0fdc1e5010c663a1c172c1612341af0dee1a6fc7f88d29a926ddf0e2e7ecc26c
/workspace/scratch/d427a25ef2a1/evidence/public-observations/37f76ece8737938540e551c409d3b4eb436534707a59fc0eae8e2ece2eae9813.json,temporary/scratch,,Raw public scrape/DNS-failure attempt or assembly utility; compact dated public evidence and finalized labels preserve useful findings. Not required to recompute saved metrics.,84664,e40f5e2ff06ea08214b4cb569ae155da576febea7b9961c274b5c8c52490f6fb
/workspace/scratch/d427a25ef2a1/evidence/public-observations/38b26bb7a436bf7200cdabc283db8d0f67a8975d1c7926c44a0384e27bd3ff62.json,temporary/scratch,,Raw public scrape/DNS-failure attempt or assembly utility; compact dated public evidence and finalized labels preserve useful findings. Not required to recompute saved metrics.,32728,3353375227cac840a84e3604ef3b33f393e83e0ae6dffac0f3faebace0b998fe
/workspace/scratch/d427a25ef2a1/evidence/public-observations/399e7738766cbcd43d396daff8ae921e40a830985e88a9bbb13cc6ee661bc1c9.json,temporary/scratch,,Raw public scrape/DNS-failure attempt or assembly utility; compact dated public evidence and finalized labels preserve useful findings. Not required to recompute saved metrics.,83834,0a0444b8cbead43d615bcb3368804c597a93d4b7ea63bbfdab4dfb42d75cd4ed
/workspace/scratch/d427a25ef2a1/evidence/public-observations/3ac6dbd4aa50589fa14ae7eba506e8860e499261c035c8c229b295c3205a5422.json,temporary/scratch,,Raw public scrape/DNS-failure attempt or assembly utility; compact dated public evidence and finalized labels preserve useful findings. Not required to recompute saved metrics.,38797,e4a255904c2038f76cecc1ec9f6e8f05ca83af0820b1a10df2c5cb315000484d
/workspace/scratch/d427a25ef2a1/evidence/public-observations/3b56f2c87e855e3d77af33e2936553cd70d03b22f687025b582c28b32ede380b.json,temporary/scratch,,Raw public scrape/DNS-failure attempt or assembly utility; compact dated public evidence and finalized labels preserve useful findings. Not required to recompute saved metrics.,81145,438a896c6f760fcb663f491d785ce7720f6156a7fdb136c5126143bf957a31a0
/workspace/scratch/d427a25ef2a1/evidence/public-observations/3c4cffefd0ea6b36db04c82dd16c7082662b4ec0dbde058e684ee580c38d3e33.json,temporary/scratch,,Raw public scrape/DNS-failure attempt or assembly utility; compact dated public evidence and finalized labels preserve useful findings. Not required to recompute saved metrics.,62231,28885e48a86f84c51fa073a4329a80f193a4c0aba13037dd452bac9cccf13a68
/workspace/scratch/d427a25ef2a1/evidence/public-observations/3cb5da4a4dcf28011d6b1ef9a767fdbc96f4b80e4e3e19b30dbe63f45990a73a.json,temporary/scratch,,Raw public scrape/DNS-failure attempt or assembly utility; compact dated public evidence and finalized labels preserve useful findings. Not required to recompute saved metrics.,56686,b417eca33a4a0f62f970f41ef7fca2cc7c07e436f79665469af14d12407f755c
/workspace/scratch/d427a25ef2a1/evidence/public-observations/3dad50f57c5ed42868ad243224828f7e313eb59bffb09108b39fe861733b3383.json,temporary/scratch,,Raw public scrape/DNS-failure attempt or assembly utility; compact dated public evidence and finalized labels preserve useful findings. Not required to recompute saved metrics.,120804,3661e9ff241d1e0da4e5deaa93d21f2633b1420d5d1a964486d465f392f77716
/workspace/scratch/d427a25ef2a1/evidence/public-observations/3e17c27578ca19f53177bec0d39611c0a53784c2be5db4bfa89569059a1d7ea6.json,temporary/scratch,,Raw public scrape/DNS-failure attempt or assembly utility; compact dated public evidence and finalized labels preserve useful findings. Not required to recompute saved metrics.,64580,cd0e3cc4183f2f3a9eff9f0076df3cc11d8785cbcf75ae7b38b5c5ae38bc6bdb
/workspace/scratch/d427a25ef2a1/evidence/public-observations/3e675efe88eca7a4c629675ce90a0395bea3ff5e776a9c022d37fd86d1a8a5fc.json,temporary/scratch,,Raw public scrape/DNS-failure attempt or assembly utility; compact dated public evidence and finalized labels preserve useful findings. Not required to recompute saved metrics.,98603,b697288a358ff0bcea59b39a9e93ceed6568868ab43268d1a0ad84160d617983
/workspace/scratch/d427a25ef2a1/evidence/public-observations/3e91f7431e9d973263f4ba875d8d1ec9fbee337d97ea762a0b8877764bb3e89f.json,temporary/scratch,,Raw public scrape/DNS-failure attempt or assembly utility; compact dated public evidence and finalized labels preserve useful findings. Not required to recompute saved metrics.,46362,0697d91dfe0750b71ecea394639e59d36f187f77a02bc0fd10b01becf2153180
/workspace/scratch/d427a25ef2a1/evidence/public-observations/4012dae319720cff631e12bd68b301aeeab48272fdded58d0bb3d08ffe8af689.json,temporary/scratch,,Raw public scrape/DNS-failure attempt or assembly utility; compact dated public evidence and finalized labels preserve useful findings. Not required to recompute saved metrics.,28908,913be6da57933359265fedbe9d66729c2861d830e45baf8c01d4b42ccf388be9
/workspace/scratch/d427a25ef2a1/evidence/public-observations/40594c6cbd5b7848b709663745fe3f9af755f6c0858d1a5473fe2368cb804dd7.json,temporary/scratch,,Raw public scrape/DNS-failure attempt or assembly utility; compact dated public evidence and finalized labels preserve useful findings. Not required to recompute saved metrics.,71284,e8414213850697dc3f37fd8436ed31e23299a9f30faba20af45f9003a679b01b
/workspace/scratch/d427a25ef2a1/evidence/public-observations/4070e7b1c05276874b2d66b70876790b8683de7f51176130dbc095139b134520.json,temporary/scratch,,Raw public scrape/DNS-failure attempt or assembly utility; compact dated public evidence and finalized labels preserve useful findings. Not required to recompute saved metrics.,68131,82ad457f6639d78c793966e7dacb08e96188114a709b9f8ee0bd09860b2c78f6
/workspace/scratch/d427a25ef2a1/evidence/public-observations/425051888e890c46d9ed4d9726f2a26c8fc54c8aba75174972611e876a04983a.json,temporary/scratch,,Raw public scrape/DNS-failure attempt or assembly utility; compact dated public evidence and finalized labels preserve useful findings. Not required to recompute saved metrics.,1568,503de95dac9399735906301dedb70b7a37dbdd6041e7b6f2863d2538e49fbae7
/workspace/scratch/d427a25ef2a1/evidence/public-observations/42744a807b36d183f2895dea25f254bb449a2288b1000e38abb104988bf43e09.json,temporary/scratch,,Raw public scrape/DNS-failure attempt or assembly utility; compact dated public evidence and finalized labels preserve useful findings. Not required to recompute saved metrics.,64920,4a843854b16a8da7162e53dc3c3f34ec3397beac8d75e4097bdbe200d72fedb0
/workspace/scratch/d427a25ef2a1/evidence/public-observations/42b2fff4b6f10533c31081797e1b6cf217fc85c149ea3a901c73d31ef3c9e8de.json,temporary/scratch,,Raw public scrape/DNS-failure attempt or assembly utility; compact dated public evidence and finalized labels preserve useful findings. Not required to recompute saved metrics.,106777,3a4dd9e3f85af88182fb8f6f9c8b73c1a3d8f71c3b2f47fc2c0f3ac94c4ac29b
/workspace/scratch/d427a25ef2a1/evidence/public-observations/4432e0cdc0718c8629ae8a8eca4e82f751bc83494c9fffc96a73e4ce8516940b.json,temporary/scratch,,Raw public scrape/DNS-failure attempt or assembly utility; compact dated public evidence and finalized labels preserve useful findings. Not required to recompute saved metrics.,95128,6d4fdf1b4b37966914606b63037c979f64680cc602d9291d45da54dea5a77614
/workspace/scratch/d427a25ef2a1/evidence/public-observations/44e45d35191452ddb2195d56aeadab0a9d5230e9cde61dd38f8db109b2b899f1.json,temporary/scratch,,Raw public scrape/DNS-failure attempt or assembly utility; compact dated public evidence and finalized labels preserve useful findings. Not required to recompute saved metrics.,53506,8d2c213b87745f1433cb814b219b0af6c8595c1e365fc5a63ad7654f456a3df2
/workspace/scratch/d427a25ef2a1/evidence/public-observations/4561327ae544d3e4cbebb32c2b2f52229f9707b64aec0769e0690aba11eb5faa.json,temporary/scratch,,Raw public scrape/DNS-failure attempt or assembly utility; compact dated public evidence and finalized labels preserve useful findings. Not required to recompute saved metrics.,96171,be726463ed6b7e4bfaf649ad599e61f7134be2d922996090d2d45f15ec2cb817
/workspace/scratch/d427a25ef2a1/evidence/public-observations/456a6f778971b7e2bbc37c64a029f4eabf89fcf40fb0c09b6ed976d4846a71d4.json,temporary/scratch,,Raw public scrape/DNS-failure attempt or assembly utility; compact dated public evidence and finalized labels preserve useful findings. Not required to recompute saved metrics.,51462,6c970025689bf825b71de05e5576c9527856838db47e0bcd0248652fc17124ef
/workspace/scratch/d427a25ef2a1/evidence/public-observations/459e439f2a97923d385602ef70a5ea7658f2f13b392cb041784cab6b573c01df.json,temporary/scratch,,Raw public scrape/DNS-failure attempt or assembly utility; compact dated public evidence and finalized labels preserve useful findings. Not required to recompute saved metrics.,56259,9e6688221fbabca1ee1e0fc13fef30dc06045be41d9a9d11c479d36205e420f9
/workspace/scratch/d427a25ef2a1/evidence/public-observations/45bac90d62534c8bbdf719664f6d07a9a69ea958dfeee686c4583bdc3c2de87e.json,temporary/scratch,,Raw public scrape/DNS-failure attempt or assembly utility; compact dated public evidence and finalized labels preserve useful findings. Not required to recompute saved metrics.,46596,d07771062dfbf361a38e41dd2ea73b2b3fe76208d042715f57572449ed68747d
/workspace/scratch/d427a25ef2a1/evidence/public-observations/461a6c182ae202fcc9e1b13954ac1f8236d1777b106cd2b8f1b0e548548c0ff2.json,temporary/scratch,,Raw public scrape/DNS-failure attempt or assembly utility; compact dated public evidence and finalized labels preserve useful findings. Not required to recompute saved metrics.,47429,1c68a19fc7b7291a09ba99180a1ce0d48a7549cff943159ce36b3d7b19687534
/workspace/scratch/d427a25ef2a1/evidence/public-observations/465c53afe834b0c08cd44c39e816893a4d678a25e3e7931403a78860da559369.json,temporary/scratch,,Raw public scrape/DNS-failure attempt or assembly utility; compact dated public evidence and finalized labels preserve useful findings. Not required to recompute saved metrics.,92550,a5f0d2c012fb9e39923223fe5163697e3026fa4401e46b194408c8e6e90182d3
/workspace/scratch/d427a25ef2a1/evidence/public-observations/46c4f0748c094d80f42870d61a739585a157d797e73fea8429adafe44bef0643.json,temporary/scratch,,Raw public scrape/DNS-failure attempt or assembly utility; compact dated public evidence and finalized labels preserve useful findings. Not required to recompute saved metrics.,107980,eb572fcb8c0e616fd154a2d75cbf12f70bcf41f533c1b6b4b1274045f95667b8
/workspace/scratch/d427a25ef2a1/evidence/public-observations/478b7edf3e57c41d9e68773fd19bbe9f6d3fefbdfa5d3e831cd3a8d4db2c5e8e.json,temporary/scratch,,Raw public scrape/DNS-failure attempt or assembly utility; compact dated public evidence and finalized labels preserve useful findings. Not required to recompute saved metrics.,54695,ee6c228c8de207a4a734b878567bdab2f677bfdb1fc5932f076493f451ad856a
/workspace/scratch/d427a25ef2a1/evidence/public-observations/4832ad5e92f77c0aaaab1be3090ac8731ade3570f2b5c558981498bb5f0c5ca1.json,temporary/scratch,,Raw public scrape/DNS-failure attempt or assembly utility; compact dated public evidence and finalized labels preserve useful findings. Not required to recompute saved metrics.,1481,6ab7d976bdc8ea30de5c0fe1c93ab57f74ae564db0cec8558e295d7873a93134
/workspace/scratch/d427a25ef2a1/evidence/public-observations/493d84efcc7eb535aaec470268ed16ef19fa2af18c2aa3d6733d577083ee801d.json,temporary/scratch,,Raw public scrape/DNS-failure attempt or assembly utility; compact dated public evidence and finalized labels preserve useful findings. Not required to recompute saved metrics.,65097,4af775a72fe814072508c4bdc26d26bf7cd3c887485cb9ea3cdaceb5cafe4c8b
/workspace/scratch/d427a25ef2a1/evidence/public-observations/49b92bf6899596aca16236bd7170aa265b62aa69ff0313afd4bacaa610c02156.json,temporary/scratch,,Raw public scrape/DNS-failure attempt or assembly utility; compact dated public evidence and finalized labels preserve useful findings. Not required to recompute saved metrics.,68336,ae2bed719037a637a0cd9fd3874304ca64d2f096ac3289d39c175668931547a9
/workspace/scratch/d427a25ef2a1/evidence/public-observations/49be003d8c9cd8cee0b5ebfb19c47efbfe88bf20fe8e06469d832b8fe9692500.json,temporary/scratch,,Raw public scrape/DNS-failure attempt or assembly utility; compact dated public evidence and finalized labels preserve useful findings. Not required to recompute saved metrics.,26413,5c65a9a703f3b66c4b10d3bb429892182dbcd3e9d763f6d684602283b58c3dc3
/workspace/scratch/d427a25ef2a1/evidence/public-observations/4a3610703343ce36c602980683bddc940a61188fbb56efa1d95c7b684073b5be.json,temporary/scratch,,Raw public scrape/DNS-failure attempt or assembly utility; compact dated public evidence and finalized labels preserve useful findings. Not required to recompute saved metrics.,114893,16c04cbdd3e65e4250bca4581e5acddbde8c4018af205964af70565dc0c2f6f7
/workspace/scratch/d427a25ef2a1/evidence/public-observations/4c7a2be4af7935501e8c7ff747bdd12edb099d126aeb52993e11797e196eb86b.json,temporary/scratch,,Raw public scrape/DNS-failure attempt or assembly utility; compact dated public evidence and finalized labels preserve useful findings. Not required to recompute saved metrics.,78633,5f97adf9eace189516e1f8e830ec9bf56e8c8681e9b3640a99e90f420269ef86
/workspace/scratch/d427a25ef2a1/evidence/public-observations/4cbc239f1a259c69787d2b0a3d5c8a1eeb682c4e659ca6eb8bcb8ebe1f528ded.json,temporary/scratch,,Raw public scrape/DNS-failure attempt or assembly utility; compact dated public evidence and finalized labels preserve useful findings. Not required to recompute saved metrics.,19515,77bf5cd166a6f62ea9d98d4e3515326de0f0348e98caf35b332699f003e2e3c9
/workspace/scratch/d427a25ef2a1/evidence/public-observations/4d187f739d180466cfdbdcda96da2f3edbb019dba0b8280de920b1fbbb2a817f.json,temporary/scratch,,Raw public scrape/DNS-failure attempt or assembly utility; compact dated public evidence and finalized labels preserve useful findings. Not required to recompute saved metrics.,22094,41b3d8efdf53aa39e0550ec84711814d7b1a186dceda17c3dab445c570507b7c
/workspace/scratch/d427a25ef2a1/evidence/public-observations/4deb9d981a58dbf555fa4ed6c9f989a703c2f512293491f1276e02c4c8a59ae9.json,temporary/scratch,,Raw public scrape/DNS-failure attempt or assembly utility; compact dated public evidence and finalized labels preserve useful findings. Not required to recompute saved metrics.,2750,447beffa9ba2b2f052d33f3ed96167e150d351f226f213504ac6c8bb07096178
/workspace/scratch/d427a25ef2a1/evidence/public-observations/4dee9a19ace2a27c9f2a0835d53150846f9eb15aa10464433553f1825c949736.json,temporary/scratch,,Raw public scrape/DNS-failure attempt or assembly utility; compact dated public evidence and finalized labels preserve useful findings. Not required to recompute saved metrics.,40912,d08d5b6c5c0c9857721b651e5daec96a67b739d429bddb0083fe7b7097a75747
/workspace/scratch/d427a25ef2a1/evidence/public-observations/4e1792eee83c627fa2c32153c6dc0443724424da0dc416dba8a87ded5aadd75d.json,temporary/scratch,,Raw public scrape/DNS-failure attempt or assembly utility; compact dated public evidence and finalized labels preserve useful findings. Not required to recompute saved metrics.,24615,e028ae26a04aaac7aa8d6646f7fc7610534fb48f534426769152da57a14b5207
/workspace/scratch/d427a25ef2a1/evidence/public-observations/4f3b0a5f14a9300fa2b5247558b260ff45bf8c39323010d89b783a8770abee2b.json,temporary/scratch,,Raw public scrape/DNS-failure attempt or assembly utility; compact dated public evidence and finalized labels preserve useful findings. Not required to recompute saved metrics.,16139,c25e915300fd9e90c45c54746abdab0b37968b27b1c822a86257e89c490cd46a
/workspace/scratch/d427a25ef2a1/evidence/public-observations/4ffe3cb263e4c25b9664f60f4a75943027068272e1898e52781488279647c380.json,temporary/scratch,,Raw public scrape/DNS-failure attempt or assembly utility; compact dated public evidence and finalized labels preserve useful findings. Not required to recompute saved metrics.,67069,6b73553a9c8e9ee3c03c0b0c9f9462a2900713944241d04168dc620da1b6cb08
/workspace/scratch/d427a25ef2a1/evidence/public-observations/504547d3535ad4966cc15a7c6dafc08de61f29e07089ad913b09b5e6eb6d0711.json,temporary/scratch,,Raw public scrape/DNS-failure attempt or assembly utility; compact dated public evidence and finalized labels preserve useful findings. Not required to recompute saved metrics.,143601,258abd42ae6260b2197e63955e772ef0d72c265f7cf8cae4a10a67ae2d21e746
/workspace/scratch/d427a25ef2a1/evidence/public-observations/508071d9e5d380737b07b1f629e239b4e178dac31213f2b0b9001e6a56b58df9.json,temporary/scratch,,Raw public scrape/DNS-failure attempt or assembly utility; compact dated public evidence and finalized labels preserve useful findings. Not required to recompute saved metrics.,44607,c88ed4911ac47a63d7f70899fcc8ee15ee09ccecc2a28efbe7eaa80ef48ca22b
/workspace/scratch/d427a25ef2a1/evidence/public-observations/5087013d67185d55a0bd348f83e217edc40f834550593c1ba1dfbf2f9cc6f0dc.json,temporary/scratch,,Raw public scrape/DNS-failure attempt or assembly utility; compact dated public evidence and finalized labels preserve useful findings. Not required to recompute saved metrics.,44978,07c19fd9658fb7e6cdf3bc29d4c72696960f566c42a7acaaa6f34afc676205c5
/workspace/scratch/d427a25ef2a1/evidence/public-observations/5168f4fa9e02d309eb87cfe1ac66ac88764f09a676f45e221078983cdad7c733.json,temporary/scratch,,Raw public scrape/DNS-failure attempt or assembly utility; compact dated public evidence and finalized labels preserve useful findings. Not required to recompute saved metrics.,35643,3e1cf0a1823488e5681bed5191d3f706bc951bddc8e8c25c89380b258e26535c
/workspace/scratch/d427a25ef2a1/evidence/public-observations/51b957d5786b25abe21159e754f3b6dad9dda5b716dfd4fb79bd2fb2bb203a6e.json,temporary/scratch,,Raw public scrape/DNS-failure attempt or assembly utility; compact dated public evidence and finalized labels preserve useful findings. Not required to recompute saved metrics.,44227,2b1d9f6fde0596ba78f5cfbbb6164c5f3a5dae6636758935b9c9303372ada471
/workspace/scratch/d427a25ef2a1/evidence/public-observations/53553df5ddf04441f264fb7e9f35e3954697fb9a465f599d61cbb7394f28be8d.json,temporary/scratch,,Raw public scrape/DNS-failure attempt or assembly utility; compact dated public evidence and finalized labels preserve useful findings. Not required to recompute saved metrics.,52039,483ee900f596bd9b7b16a7fc6bdafe3701b3383bab054d2c497fd020738fd770
/workspace/scratch/d427a25ef2a1/evidence/public-observations/53b8616782dd46e30e771d2a5ca9e530ca2b4759d8d697e1aa668ff3a296e9bb.json,temporary/scratch,,Raw public scrape/DNS-failure attempt or assembly utility; compact dated public evidence and finalized labels preserve useful findings. Not required to recompute saved metrics.,38164,2bb6fb22778dc5dc06fcca0644c3eb58486c8e56fd874ad54e3855ae2de66820
/workspace/scratch/d427a25ef2a1/evidence/public-observations/54373074065726f31c5e7273ae7fd5976eb61f04d3b4b58b08d36e9a5dffb445.json,temporary/scratch,,Raw public scrape/DNS-failure attempt or assembly utility; compact dated public evidence and finalized labels preserve useful findings. Not required to recompute saved metrics.,50602,09af62abfc35e4845b223645980682e8c43196784b8b9f43244806d5969639f7
/workspace/scratch/d427a25ef2a1/evidence/public-observations/54a08e4fa541352c6e758b2f8f3144473762a2d11946149e772193a0ba5f93a9.json,temporary/scratch,,Raw public scrape/DNS-failure attempt or assembly utility; compact dated public evidence and finalized labels preserve useful findings. Not required to recompute saved metrics.,78590,0d7f8631eca3e4a3927fc9112a1d30d95e128feeef72db7f3781a8a40aab9652
/workspace/scratch/d427a25ef2a1/evidence/public-observations/54bb3f737994ceebb4a1d53333f601a8e0c1b5c4734b4728cbad9563653abe42.json,temporary/scratch,,Raw public scrape/DNS-failure attempt or assembly utility; compact dated public evidence and finalized labels preserve useful findings. Not required to recompute saved metrics.,93004,cb3accdf2d5cda0ba3a424e9e02dd357e87601d32992e752b9897f380a04e64b
/workspace/scratch/d427a25ef2a1/evidence/public-observations/55a730a22fa46fb22e2cfa9223b62cf0af4bd4ac6dd0cf96047900892cebfde5.json,temporary/scratch,,Raw public scrape/DNS-failure attempt or assembly utility; compact dated public evidence and finalized labels preserve useful findings. Not required to recompute saved metrics.,77826,0fb69ff5cb914ce2b018c7473972134e6d3fe9724798ae0dced2eaed9cd3d0d9
/workspace/scratch/d427a25ef2a1/evidence/public-observations/56587bf93441ca1c62e6d243aa9a25f2cb5a59903e72a4e796b30cfc265f6ba5.json,temporary/scratch,,Raw public scrape/DNS-failure attempt or assembly utility; compact dated public evidence and finalized labels preserve useful findings. Not required to recompute saved metrics.,38091,67efae9510a4e26303201ef7c7e964024511a2070b7bd5c382485f96e291ae79
/workspace/scratch/d427a25ef2a1/evidence/public-observations/58215bf8d9285b21a4532c5b0a2194e949e8f2db0cdc85cdf039a5c824a6af5f.json,temporary/scratch,,Raw public scrape/DNS-failure attempt or assembly utility; compact dated public evidence and finalized labels preserve useful findings. Not required to recompute saved metrics.,69120,a0573c1907aa4afc8fc97c84914cf58557a48f13c9d7c97b52dd89d2740ff971
/workspace/scratch/d427a25ef2a1/evidence/public-observations/59b4f5b6de55186ffb2ad0579cb555d275bd902e60f6e05e94644c31492339f6.json,temporary/scratch,,Raw public scrape/DNS-failure attempt or assembly utility; compact dated public evidence and finalized labels preserve useful findings. Not required to recompute saved metrics.,69832,8205c3d0f02eb40521c154696e64438699e095e6e82febe6c8decf6c78939374
/workspace/scratch/d427a25ef2a1/evidence/public-observations/5b21650943aeeb7080e20c4ebb233e51be7fff47d98a0e49b4c10b78fa306749.json,temporary/scratch,,Raw public scrape/DNS-failure attempt or assembly utility; compact dated public evidence and finalized labels preserve useful findings. Not required to recompute saved metrics.,71909,4062457540e0f0eabc481fa78f74ddce55a95eb2168abdcf970bf2c1ad89545f
/workspace/scratch/d427a25ef2a1/evidence/public-observations/5c2c89fd3e9c0069905f34c96adb407974649ff07a946c6fc461a55a86fad2fa.json,temporary/scratch,,Raw public scrape/DNS-failure attempt or assembly utility; compact dated public evidence and finalized labels preserve useful findings. Not required to recompute saved metrics.,26462,ae5ebb5dbe8d45059da1e3a2ed6105468b9fb8279cbd4520a477b55ffe35391d
/workspace/scratch/d427a25ef2a1/evidence/public-observations/5cb82765551768f152673c1f277783a040c3636754bbf11b943bf7d13ecd522e.json,temporary/scratch,,Raw public scrape/DNS-failure attempt or assembly utility; compact dated public evidence and finalized labels preserve useful findings. Not required to recompute saved metrics.,53747,185f772986aba0471b602b07f34d936ec4157eb232df456111aae5a6f3a49549
/workspace/scratch/d427a25ef2a1/evidence/public-observations/5cd2bde95b3275565a29ec966fbe94039b81aa5bcc5f72a2ce78ce781a07e49a.json,temporary/scratch,,Raw public scrape/DNS-failure attempt or assembly utility; compact dated public evidence and finalized labels preserve useful findings. Not required to recompute saved metrics.,32761,e6469051967d1c32aeea6281bfc2bb99d8bff99b4b075f33822760ab9b5fd68d
/workspace/scratch/d427a25ef2a1/evidence/public-observations/5d46372ffa567042bbbef7be2cbb51fbb2993323d49876807ed577da767ce5aa.json,temporary/scratch,,Raw public scrape/DNS-failure attempt or assembly utility; compact dated public evidence and finalized labels preserve useful findings. Not required to recompute saved metrics.,41587,fd6e64c08523ec87e9165fa6e956223a66c63ff596ce2ef555bf700d50c68058
/workspace/scratch/d427a25ef2a1/evidence/public-observations/5d62d173eba607757b49b1ff7f130650b65f6b9596613dbddd11b5ca8ea96a44.json,temporary/scratch,,Raw public scrape/DNS-failure attempt or assembly utility; compact dated public evidence and finalized labels preserve useful findings. Not required to recompute saved metrics.,4699,686c5cd66568e1554266948256ea142b66b47689c801ba719b7611fe7b188157
/workspace/scratch/d427a25ef2a1/evidence/public-observations/5f08112de96058540aed6b18370280cd16777c4c4128cc9275885c78844a0664.json,temporary/scratch,,Raw public scrape/DNS-failure attempt or assembly utility; compact dated public evidence and finalized labels preserve useful findings. Not required to recompute saved metrics.,42049,1bce045e69a7305881b43954562c547fb84d9a325ef62d2515d24da7cd71b161
/workspace/scratch/d427a25ef2a1/evidence/public-observations/5f66d1963b05e4e0e20abeade058d385967f5ef7191a99bfac924ec2d33038d9.json,temporary/scratch,,Raw public scrape/DNS-failure attempt or assembly utility; compact dated public evidence and finalized labels preserve useful findings. Not required to recompute saved metrics.,1012,2dc86f5ca0579aff05b3cff1221b53010ce2594710835f0af062c55c0aa9694a
/workspace/scratch/d427a25ef2a1/evidence/public-observations/5fdecdb3089493bab4c997e2773f79ad3d04663ceb595383d1152f00401e038c.json,temporary/scratch,,Raw public scrape/DNS-failure attempt or assembly utility; compact dated public evidence and finalized labels preserve useful findings. Not required to recompute saved metrics.,111450,9c43f44cdff5f0c7ebd7c99b7154ea800e882c98ebe573f5ff9e29509da4a6bd
/workspace/scratch/d427a25ef2a1/evidence/public-observations/60fe559eb98ea01b112cf92341106edddd8c88aecf67f28620a841f735d65556.json,temporary/scratch,,Raw public scrape/DNS-failure attempt or assembly utility; compact dated public evidence and finalized labels preserve useful findings. Not required to recompute saved metrics.,1363,e0ccb4424ddaa297b2a261955a778540b35d7dbd3ff5b4641ccd839d450b35af
/workspace/scratch/d427a25ef2a1/evidence/public-observations/6188fb0200c3cdaffb64bfee35dc1c7bf558b5ec45f390c09ee971b99a263c67.json,temporary/scratch,,Raw public scrape/DNS-failure attempt or assembly utility; compact dated public evidence and finalized labels preserve useful findings. Not required to recompute saved metrics.,76049,5f088f94aefdd001673f0e849e2642ca351c26e33f23d54df708b8a5c028c034
/workspace/scratch/d427a25ef2a1/evidence/public-observations/621554f8a119031892852ec2bf46b29f5fdde7d39a0dd8f87cf00d98b9bb9659.json,temporary/scratch,,Raw public scrape/DNS-failure attempt or assembly utility; compact dated public evidence and finalized labels preserve useful findings. Not required to recompute saved metrics.,99026,19347f6b5bea7799bea53c6540bf4a1ceee69819914aebdb1d297a9f6dbc325b
/workspace/scratch/d427a25ef2a1/evidence/public-observations/62f8d32c1da39d8b067524681683d5080f3ae7ed38ef5a9299024ecfdeb20dda.json,temporary/scratch,,Raw public scrape/DNS-failure attempt or assembly utility; compact dated public evidence and finalized labels preserve useful findings. Not required to recompute saved metrics.,39407,c16c64248d4e74729a6e84ec18fec8c99386349fa50a270c3da90e31b808f09e
/workspace/scratch/d427a25ef2a1/evidence/public-observations/63914bf1d421ad8d81bc7c08169d8bd8c78bb8f449f3790e01a7d803a6f8f0f7.json,temporary/scratch,,Raw public scrape/DNS-failure attempt or assembly utility; compact dated public evidence and finalized labels preserve useful findings. Not required to recompute saved metrics.,14434,f6fafc94a9578e2716f18dc120642efadeba5610695499d3f304c4204c11b23f
/workspace/scratch/d427a25ef2a1/evidence/public-observations/63f71dcec3bd8d9b857b05c54b492c0b28e8a12af82053b0c019ec1a04a5eb9a.json,temporary/scratch,,Raw public scrape/DNS-failure attempt or assembly utility; compact dated public evidence and finalized labels preserve useful findings. Not required to recompute saved metrics.,10284,717fccc1713d13cedcf18da64910ea40a0af16b2ddc4aaac20ae2c13251c9759
/workspace/scratch/d427a25ef2a1/evidence/public-observations/645b1b4b5ec1b8f2a137acbacc450d99eee1418be16ab8e1d908fa8a4729426a.json,temporary/scratch,,Raw public scrape/DNS-failure attempt or assembly utility; compact dated public evidence and finalized labels preserve useful findings. Not required to recompute saved metrics.,57951,daae32f6ec552fc4ec7bbefe5cf4d002c064efa897a6671702128567eae7b030
/workspace/scratch/d427a25ef2a1/evidence/public-observations/66ac3d949193d7fe6fc6f6ab046b0bc84e03aef5d01c8a6de2f9904cdca68f91.json,temporary/scratch,,Raw public scrape/DNS-failure attempt or assembly utility; compact dated public evidence and finalized labels preserve useful findings. Not required to recompute saved metrics.,81531,9d07aa40c78b860be03c18adcbc2b0a04a4cc7bb5f05996a4aadc50064511c04
/workspace/scratch/d427a25ef2a1/evidence/public-observations/66ce42d68d65de17c12864b88059e514d840539354c26ef390dbf03dc06e7bd2.json,temporary/scratch,,Raw public scrape/DNS-failure attempt or assembly utility; compact dated public evidence and finalized labels preserve useful findings. Not required to recompute saved metrics.,59186,45faeefaa47c0402872db27034667a448e633f0c957198901518b5181aecc21e
/workspace/scratch/d427a25ef2a1/evidence/public-observations/68f8aaac09a6e86a4480a226dedfe1987ab7141610f7bbe10a7a5a8aef6fe5a7.json,temporary/scratch,,Raw public scrape/DNS-failure attempt or assembly utility; compact dated public evidence and finalized labels preserve useful findings. Not required to recompute saved metrics.,82260,fa41f30c7fe2cdbbc855ed804ac0c251eb5f17147dec37f9449e144fd9256a79
/workspace/scratch/d427a25ef2a1/evidence/public-observations/6ad6a0fa9f3a8936af4fd9028519eda3efb3d37ee4709b72233ec5c81f3f946d.json,temporary/scratch,,Raw public scrape/DNS-failure attempt or assembly utility; compact dated public evidence and finalized labels preserve useful findings. Not required to recompute saved metrics.,49386,71a8f1e94b5d31da88dd9b14736fb81fcd00da7511eccb306e42baed869ba790
/workspace/scratch/d427a25ef2a1/evidence/public-observations/6b9f82f973c38fc4a0f4717261eace72c0a4c955f15caf56af7928be11d1e242.json,temporary/scratch,,Raw public scrape/DNS-failure attempt or assembly utility; compact dated public evidence and finalized labels preserve useful findings. Not required to recompute saved metrics.,55659,936e8eb9e84a22176c221694a0941db3c9001d1461a02e1c156e707212b06de0
/workspace/scratch/d427a25ef2a1/evidence/public-observations/6bce4c35d1abc5382739b8f222a094c0525f5b0ce98a68d6d1974ab5f49a88b3.json,temporary/scratch,,Raw public scrape/DNS-failure attempt or assembly utility; compact dated public evidence and finalized labels preserve useful findings. Not required to recompute saved metrics.,41446,13398a8d8ccf4a4df1a6e4f3c5421e4e1622cc6c8bb84bf2309c771fc16d1d69
/workspace/scratch/d427a25ef2a1/evidence/public-observations/6c5c066f68d7df6d9793a59cc66c66bfcf3cfa4b4abee13ded1f6203cf3dffe8.json,temporary/scratch,,Raw public scrape/DNS-failure attempt or assembly utility; compact dated public evidence and finalized labels preserve useful findings. Not required to recompute saved metrics.,115310,bd6be1db13fe6e8f5fa983caa05f71654f6b5e9422420a700c801cdf41e74f69
/workspace/scratch/d427a25ef2a1/evidence/public-observations/6cd45863df9c9a675da4e23a09469f4183445cb11ddf2fcf2938c97616a6e6bb.json,temporary/scratch,,Raw public scrape/DNS-failure attempt or assembly utility; compact dated public evidence and finalized labels preserve useful findings. Not required to recompute saved metrics.,55085,5d0a8372012fae57f863677e51b79cb48ab884789dd12d649d37d2eaff3482a9
/workspace/scratch/d427a25ef2a1/evidence/public-observations/6d614a53def7ba2d1b246ca318bc50599833ae0b35a2ea9edd0f60648d73fc69.json,temporary/scratch,,Raw public scrape/DNS-failure attempt or assembly utility; compact dated public evidence and finalized labels preserve useful findings. Not required to recompute saved metrics.,136005,f13e04770f1f1c968e0899b6637a87eb5ad205ced5d3d9c7e22954ed3aff06c9
/workspace/scratch/d427a25ef2a1/evidence/public-observations/6da4b7c7554ca25d7dd747dadd1d88eae8a8a20d973d05023518dc741550ea79.json,temporary/scratch,,Raw public scrape/DNS-failure attempt or assembly utility; compact dated public evidence and finalized labels preserve useful findings. Not required to recompute saved metrics.,47552,3f752e3502e0238add9ecb689047569238174b216bb6d49a0ff7c8bd8fab7297
/workspace/scratch/d427a25ef2a1/evidence/public-observations/6fa512f5a404bc136a6a9120e893b1fdc5fcf88e1bbdb2856073e7f7e73dd90b.json,temporary/scratch,,Raw public scrape/DNS-failure attempt or assembly utility; compact dated public evidence and finalized labels preserve useful findings. Not required to recompute saved metrics.,53168,dc0dd3a6c892582390036075e3711e77a392ed8a4ecea94e9f81b6ad315cde7d
/workspace/scratch/d427a25ef2a1/evidence/public-observations/7056fb7342dd594af0abcc0098a857b7e26bc0ab1ec841b474315ec9a24ce912.json,temporary/scratch,,Raw public scrape/DNS-failure attempt or assembly utility; compact dated public evidence and finalized labels preserve useful findings. Not required to recompute saved metrics.,76014,60162c5bac588d733331bc8bc767e2fc8e6caf8d337617d7ef9acf3eb061bcec
/workspace/scratch/d427a25ef2a1/evidence/public-observations/71023ff879a2ab5d3b028dba3a531d8e0cfbbb50ddc28754d3be77d5a079c949.json,temporary/scratch,,Raw public scrape/DNS-failure attempt or assembly utility; compact dated public evidence and finalized labels preserve useful findings. Not required to recompute saved metrics.,113655,fa96ec3695cbdbffed49243f5160e85522cc645e1f8818bbc84462e62eeb46a2
/workspace/scratch/d427a25ef2a1/evidence/public-observations/71c7dbadab995c6b9cb2e9bf18ed01c722633361d47260cdf26652c5b1a52f3f.json,temporary/scratch,,Raw public scrape/DNS-failure attempt or assembly utility; compact dated public evidence and finalized labels preserve useful findings. Not required to recompute saved metrics.,63835,a0e8fd1df29adf4c595078f32147673f9c240aaea57a499bc088823b53c938d5
/workspace/scratch/d427a25ef2a1/evidence/public-observations/7220897c873d96e0ce642396fa4e24e9905e5c256ec607470ad765fab2ac06f9.json,temporary/scratch,,Raw public scrape/DNS-failure attempt or assembly utility; compact dated public evidence and finalized labels preserve useful findings. Not required to recompute saved metrics.,4727,14958b2d64383077f7f9257a0bca7a407a58dd08c4a95b17e8508506b42d059b
/workspace/scratch/d427a25ef2a1/evidence/public-observations/72d14c12eb1e4b7fed38124ec1555d1d622b7fae749a8a8e0f0eba159abaeac6.json,temporary/scratch,,Raw public scrape/DNS-failure attempt or assembly utility; compact dated public evidence and finalized labels preserve useful findings. Not required to recompute saved metrics.,5607,ae87c0b6e6668e0f66ed2831abf3ffd6b983da81038a9b54d685863438c9ec44
/workspace/scratch/d427a25ef2a1/evidence/public-observations/73fcf5f2c8a99bb43f7b5ade1f6d1805ba27336fbbefb9c1e2d182bcc82992eb.json,temporary/scratch,,Raw public scrape/DNS-failure attempt or assembly utility; compact dated public evidence and finalized labels preserve useful findings. Not required to recompute saved metrics.,60200,fd08178f5a3e3e75b4077374ef0d26b2234ccd04777892753551ec6268bb99d5
/workspace/scratch/d427a25ef2a1/evidence/public-observations/74654b220d3c4c792cf20ccbe10d646aaa6070344f8acf1f658fe07123c9379d.json,temporary/scratch,,Raw public scrape/DNS-failure attempt or assembly utility; compact dated public evidence and finalized labels preserve useful findings. Not required to recompute saved metrics.,72075,d19c3d2102734724963137e8286d4896554d573dc56347eaae8dbab1b3fe5b04
/workspace/scratch/d427a25ef2a1/evidence/public-observations/746dded9fa98008139f25ecff975c8236158a8b6171f80868d0ce645344982d9.json,temporary/scratch,,Raw public scrape/DNS-failure attempt or assembly utility; compact dated public evidence and finalized labels preserve useful findings. Not required to recompute saved metrics.,1686,aec5373480e75ed14d7fc15c4bbb24a5a55161708c051cf72b1c97ddcc7e5756
/workspace/scratch/d427a25ef2a1/evidence/public-observations/74aad500d841007b14c56b810ac4acf29b5dc0d098c8bbdc4b3816b004407308.json,temporary/scratch,,Raw public scrape/DNS-failure attempt or assembly utility; compact dated public evidence and finalized labels preserve useful findings. Not required to recompute saved metrics.,60098,c8938dd4230ca3ef459f937a8069556e228a2fff7df5e6205fd55aca7b1ee004
/workspace/scratch/d427a25ef2a1/evidence/public-observations/74ccbf43657780d74266cfee32010388a5fc4c22682bded550ab5da41206d8b5.json,temporary/scratch,,Raw public scrape/DNS-failure attempt or assembly utility; compact dated public evidence and finalized labels preserve useful findings. Not required to recompute saved metrics.,42252,565de143d0011ba0d8ef47088d382ee44d3f053cb8223dd0e286458e03b08ac2
/workspace/scratch/d427a25ef2a1/evidence/public-observations/75d6d12f144d7150949271f856ffca1eb1fc35cc8e79e050fce3a8888af72882.json,temporary/scratch,,Raw public scrape/DNS-failure attempt or assembly utility; compact dated public evidence and finalized labels preserve useful findings. Not required to recompute saved metrics.,69422,5ff050e68c22ebf7d0c338408ff9f2ed612af9cd3c69b2bc4b645e070b4ba0c5
/workspace/scratch/d427a25ef2a1/evidence/public-observations/75e16ac5f2062361c41086298f8b255635fa99171b61dad15e3b151cdebe080b.json,temporary/scratch,,Raw public scrape/DNS-failure attempt or assembly utility; compact dated public evidence and finalized labels preserve useful findings. Not required to recompute saved metrics.,47611,c2e221efbd691c38a087c4b2168bd188c07a9fbc3d2d3a35b5bff8394eb883b8
/workspace/scratch/d427a25ef2a1/evidence/public-observations/76b558fc1c06df3826b1f3a128398d31d7f789845207686e616d99c08264de7f.json,temporary/scratch,,Raw public scrape/DNS-failure attempt or assembly utility; compact dated public evidence and finalized labels preserve useful findings. Not required to recompute saved metrics.,29017,e846b140b49c622cd6f955881b05c1f1d716e1f3e99f291226d38af581351bc1
/workspace/scratch/d427a25ef2a1/evidence/public-observations/775a911f898c232c8aa415b4d8f5245a9b656d4663825a331a999574fb38b4a7.json,temporary/scratch,,Raw public scrape/DNS-failure attempt or assembly utility; compact dated public evidence and finalized labels preserve useful findings. Not required to recompute saved metrics.,58095,4fe9f6b5ae6e19988755e8b887f04fe67acfa48617b79ce280ccccd1c801e8d5
/workspace/scratch/d427a25ef2a1/evidence/public-observations/77702961b686d0a2a4e8ebe3167eaa3894ba7570645bd1cef49ed8527eaf5692.json,temporary/scratch,,Raw public scrape/DNS-failure attempt or assembly utility; compact dated public evidence and finalized labels preserve useful findings. Not required to recompute saved metrics.,50563,c1cfed260cacbf076816a8a32dded9df3b0c56b8bf93ebdcb43822f67765e328
/workspace/scratch/d427a25ef2a1/evidence/public-observations/78535cfc4a47c7be3f8325ef1b05278b42567fc5a7b9b3a83e8b9b8aa7211066.json,temporary/scratch,,Raw public scrape/DNS-failure attempt or assembly utility; compact dated public evidence and finalized labels preserve useful findings. Not required to recompute saved metrics.,17466,79e9d034148a40eaab63a45adcf3d4c3d01b90c2d99273cb81761e2a52320f75
/workspace/scratch/d427a25ef2a1/evidence/public-observations/79be43219bde0be58e3f6593c4b3d4deab27bf786663461d8d1495baf38abc64.json,temporary/scratch,,Raw public scrape/DNS-failure attempt or assembly utility; compact dated public evidence and finalized labels preserve useful findings. Not required to recompute saved metrics.,34828,15c8d2219fda2414a0eda80c48fb8503eae30f870c850a4cfb5e9ebda307c2bb
/workspace/scratch/d427a25ef2a1/evidence/public-observations/7a04ad4734e08f2c72ecb75f8a9cf152382239ff4ee662f9fae63bf62e9fc7d1.json,temporary/scratch,,Raw public scrape/DNS-failure attempt or assembly utility; compact dated public evidence and finalized labels preserve useful findings. Not required to recompute saved metrics.,16652,097c44fd8146bb1748c67f96ef53d17f76c89a143750aabd6224feca82ce1330
/workspace/scratch/d427a25ef2a1/evidence/public-observations/7a12836a549e7d580243e7168aacb6b1bfa5d29e5c31a12543cffff51f4a4252.json,temporary/scratch,,Raw public scrape/DNS-failure attempt or assembly utility; compact dated public evidence and finalized labels preserve useful findings. Not required to recompute saved metrics.,78581,e8ad62987a00d1ceba7e07fc1d144a0fd031bf0fc71cd796fe0bbe93500bbcca
/workspace/scratch/d427a25ef2a1/evidence/public-observations/7db1dc984eb55899594029f9048392c1961924a38726a0cf033f2fa442e66bc7.json,temporary/scratch,,Raw public scrape/DNS-failure attempt or assembly utility; compact dated public evidence and finalized labels preserve useful findings. Not required to recompute saved metrics.,49890,478fab750a4de22f6cb0919b1de61be6deaffc640908b88c1fddbfae5bfce44b
/workspace/scratch/d427a25ef2a1/evidence/public-observations/7ebdcf151c7ebd4027b7f0ff70b9beac8f3cbb03695e892747dd0ef168c8e76d.json,temporary/scratch,,Raw public scrape/DNS-failure attempt or assembly utility; compact dated public evidence and finalized labels preserve useful findings. Not required to recompute saved metrics.,36319,15b47852184e702d38b26aa818eb80b643d2586c2bb303b8389ff1f87084d4d4
/workspace/scratch/d427a25ef2a1/evidence/public-observations/7f9287165650e168fc595d33f76370d2831bfbae74e6994cfa317af58063550e.json,temporary/scratch,,Raw public scrape/DNS-failure attempt or assembly utility; compact dated public evidence and finalized labels preserve useful findings. Not required to recompute saved metrics.,86262,880960f268a7bcc7f3d16be70fff1eb4a10227d05f05f0d6505445d96b1483e5
/workspace/scratch/d427a25ef2a1/evidence/public-observations/81176e1eab092d04e2ac6d02b286a14d8768cc32577e391deb4b816103afd1ff.json,temporary/scratch,,Raw public scrape/DNS-failure attempt or assembly utility; compact dated public evidence and finalized labels preserve useful findings. Not required to recompute saved metrics.,40538,b45934b9b95b5e6badd307763f6e72be342cd1d8be74f5b68e51e06a90bf5bcb
/workspace/scratch/d427a25ef2a1/evidence/public-observations/816aa74a493e6ad715264c7d6f5b62f7a9297776fc2223f7f0193b223d6ebc5e.json,temporary/scratch,,Raw public scrape/DNS-failure attempt or assembly utility; compact dated public evidence and finalized labels preserve useful findings. Not required to recompute saved metrics.,38402,11aa2fddc0efcb32944dc35fbb8bc960cc813ffaa41fb9fe2ee8bd5288855be7
/workspace/scratch/d427a25ef2a1/evidence/public-observations/81b41e07be2b57bd3d56c5368241e56a301745b97c03c0fd06caccd78469223e.json,temporary/scratch,,Raw public scrape/DNS-failure attempt or assembly utility; compact dated public evidence and finalized labels preserve useful findings. Not required to recompute saved metrics.,81646,00b3a33fccc081dd472aca0ab11831528440766e3e8660da79c81488a28b0774
/workspace/scratch/d427a25ef2a1/evidence/public-observations/81fdd3b802baaa7041911a7f5e36afe561492c27cf20fe6c45452ec47dde7e65.json,temporary/scratch,,Raw public scrape/DNS-failure attempt or assembly utility; compact dated public evidence and finalized labels preserve useful findings. Not required to recompute saved metrics.,18672,2df5be6ae87cc4592c5212b94b92957631db4d04fa71f63ef57d0470ccaae758
/workspace/scratch/d427a25ef2a1/evidence/public-observations/8203cf37b0f31a46b8c6b6715a701b5d2b5af707e5b85df17ba2698d5ef5da2e.json,temporary/scratch,,Raw public scrape/DNS-failure attempt or assembly utility; compact dated public evidence and finalized labels preserve useful findings. Not required to recompute saved metrics.,54890,c1ae01b18fa0ca0f8647286b537ad985f9bdebbe6cb2091e96d6641c59678231
/workspace/scratch/d427a25ef2a1/evidence/public-observations/82abe82792d01a6268cf1c629300b96cedbf52cc99ec083fb4d2ac0ecaa307c0.json,temporary/scratch,,Raw public scrape/DNS-failure attempt or assembly utility; compact dated public evidence and finalized labels preserve useful findings. Not required to recompute saved metrics.,66147,f2bb3a2d741a2e485aa56797eeb3dda936718d5b4abe5e0b057b644794770a41
/workspace/scratch/d427a25ef2a1/evidence/public-observations/8331f69b591a2c47a160c45fd424cbea5adff7553023c1b262806521a1585ebd.json,temporary/scratch,,Raw public scrape/DNS-failure attempt or assembly utility; compact dated public evidence and finalized labels preserve useful findings. Not required to recompute saved metrics.,49605,ce84616785afc30aeff40473813adc497868873541ae010ec11362101f01dbf3
/workspace/scratch/d427a25ef2a1/evidence/public-observations/83aaf7cba0d22a2e4517dbd14279db76c7ccc79bb7ae687ed9c097dcfe5fa509.json,temporary/scratch,,Raw public scrape/DNS-failure attempt or assembly utility; compact dated public evidence and finalized labels preserve useful findings. Not required to recompute saved metrics.,30999,328adb25a40973dc16d2593aef5f11198520e145f736ded98223c6457e248c7f
/workspace/scratch/d427a25ef2a1/evidence/public-observations/83b0068b01f8b2bbf2acb8be3a62c84f66717a413ca79f063e00891c61aa1ca2.json,temporary/scratch,,Raw public scrape/DNS-failure attempt or assembly utility; compact dated public evidence and finalized labels preserve useful findings. Not required to recompute saved metrics.,54681,1a21a1494268379b469cd4d28bd229ca85bbe283f7f74197843b13377cd54c25
/workspace/scratch/d427a25ef2a1/evidence/public-observations/85b521ef6f83dee57c40fdbe00b9cc3962c9211608d18c0ff03e37063c5566dd.json,temporary/scratch,,Raw public scrape/DNS-failure attempt or assembly utility; compact dated public evidence and finalized labels preserve useful findings. Not required to recompute saved metrics.,112720,3a7d8a109dab59487d3deaeedf30fb2d1c5f81ff439df2d438ac74bdeeb79ea9
/workspace/scratch/d427a25ef2a1/evidence/public-observations/8697801975a278c9f122e5f77eb77fa74074a9c551b896257d719dfffdd14245.json,temporary/scratch,,Raw public scrape/DNS-failure attempt or assembly utility; compact dated public evidence and finalized labels preserve useful findings. Not required to recompute saved metrics.,13511,57cfc8926188bad87c890abb3a1b9360611852328201ad117c26746578006cb4
/workspace/scratch/d427a25ef2a1/evidence/public-observations/86b13ff800be3b6e550b673cc2263762329de8fc8f7bc49c3961e84d84c4178e.json,temporary/scratch,,Raw public scrape/DNS-failure attempt or assembly utility; compact dated public evidence and finalized labels preserve useful findings. Not required to recompute saved metrics.,110588,d05feeb2f3253840e8678a2774e6df85189dc5fb30bbddb32091787c8cb3dd02
/workspace/scratch/d427a25ef2a1/evidence/public-observations/86f5cb8e9eec2241c5268e203f212363d6aa76512b7e075f6f563a7174218a69.json,temporary/scratch,,Raw public scrape/DNS-failure attempt or assembly utility; compact dated public evidence and finalized labels preserve useful findings. Not required to recompute saved metrics.,101256,96a2ef88b68f2153682d5c373c4a8975915be48b40a433982c8ae5bef6c11d6c
/workspace/scratch/d427a25ef2a1/evidence/public-observations/86f8436017d5de7343d5af89b4bddb550445a999f293adda943781460072e757.json,temporary/scratch,,Raw public scrape/DNS-failure attempt or assembly utility; compact dated public evidence and finalized labels preserve useful findings. Not required to recompute saved metrics.,84063,7d642030800c500f6efe22d52f6cddd62c5247d69fda611fe22aed8b5ab085db
/workspace/scratch/d427a25ef2a1/evidence/public-observations/87234e92b977facb1c07dd5445b3e670658baf47b2b09cac29b88eb7b2a83311.json,temporary/scratch,,Raw public scrape/DNS-failure attempt or assembly utility; compact dated public evidence and finalized labels preserve useful findings. Not required to recompute saved metrics.,26295,0b9ad0bade034b1b1cede129bf82a426236322a3f991e0558da0105712dfa034
/workspace/scratch/d427a25ef2a1/evidence/public-observations/878d9a02d4d372cc470b3ba499d2dae52fabe3759eef5b388e2df25592ecc491.json,temporary/scratch,,Raw public scrape/DNS-failure attempt or assembly utility; compact dated public evidence and finalized labels preserve useful findings. Not required to recompute saved metrics.,67330,b7d36753b92e1b6f5e8e6f7d3aa95356090e0583741f34ac5979af99f3ae2d2f
/workspace/scratch/d427a25ef2a1/evidence/public-observations/879bb160d51a1b26e83d1fde5cae450e84fcb187cdb08443555e76026e75ec02.json,temporary/scratch,,Raw public scrape/DNS-failure attempt or assembly utility; compact dated public evidence and finalized labels preserve useful findings. Not required to recompute saved metrics.,71297,9636bba9fd6e7e43a5e1781528008f590fb8e0e804986ecee33f279e131ec27b
/workspace/scratch/d427a25ef2a1/evidence/public-observations/87fe53383640164bf847f40e009034f9cfda6f76639833a6c98739d7bef2fd8c.json,temporary/scratch,,Raw public scrape/DNS-failure attempt or assembly utility; compact dated public evidence and finalized labels preserve useful findings. Not required to recompute saved metrics.,39444,13905866cf8488932c828e80c0f7d1002957ce95df984e5bb8bd4115ed09ac2b
/workspace/scratch/d427a25ef2a1/evidence/public-observations/88406fb35b5c0e0cba3dcafe84f7ea5bb8921f8ab266474946a7b308d440e335.json,temporary/scratch,,Raw public scrape/DNS-failure attempt or assembly utility; compact dated public evidence and finalized labels preserve useful findings. Not required to recompute saved metrics.,49224,d35d90bc14b370c0f49d068e1b05fe05c030920bc7bef12f6c666a82376947a7
/workspace/scratch/d427a25ef2a1/evidence/public-observations/89c3c176bab47fda43e0b10546b840ac6d754cb1436c2ce2b7a7272964d6416f.json,temporary/scratch,,Raw public scrape/DNS-failure attempt or assembly utility; compact dated public evidence and finalized labels preserve useful findings. Not required to recompute saved metrics.,50914,e29d319acb59378c97c779e76c935f8e44ffac20373d4244d0632fc3c66f63d3
/workspace/scratch/d427a25ef2a1/evidence/public-observations/8ae7514efa69c71e03e1aa0eda02cd0c0c8f407ccc25f4f1fefee9daadfcd4c0.json,temporary/scratch,,Raw public scrape/DNS-failure attempt or assembly utility; compact dated public evidence and finalized labels preserve useful findings. Not required to recompute saved metrics.,78997,c0f1e4b36ce822c0b3fd52489f108fdd7490d6e3244e2a74d394c8b320263740
/workspace/scratch/d427a25ef2a1/evidence/public-observations/8bd63b0d1714998ed50e967ede9408619b0a97ec482f6bae52b93249050717b8.json,temporary/scratch,,Raw public scrape/DNS-failure attempt or assembly utility; compact dated public evidence and finalized labels preserve useful findings. Not required to recompute saved metrics.,111214,ce3002bdaf38b382a11e9f29dbd35587399efd19a292a8830bcb625363343b34
/workspace/scratch/d427a25ef2a1/evidence/public-observations/8db57679078c4f1c023b356eb58de05117aa07c568b76e71f10ebb45dd4f938a.json,temporary/scratch,,Raw public scrape/DNS-failure attempt or assembly utility; compact dated public evidence and finalized labels preserve useful findings. Not required to recompute saved metrics.,11125,0f1db8876cf664410a2a0187516fabe39d24373eb68309f50d63dbbc7e204580
/workspace/scratch/d427a25ef2a1/evidence/public-observations/8deef4cb2676f3b02316cc2a7cd8bd9d6dab6ed9c8baa5dd86e16549056a16e3.json,temporary/scratch,,Raw public scrape/DNS-failure attempt or assembly utility; compact dated public evidence and finalized labels preserve useful findings. Not required to recompute saved metrics.,52863,d4a02883fd5bf0280a09fba9cfef5b644745a3254050601f76363c87edb2dae4
/workspace/scratch/d427a25ef2a1/evidence/public-observations/8e147aad025ebe035f1c1a9f2cee92be91317fbc2d668eb322471a9fdf8b2440.json,temporary/scratch,,Raw public scrape/DNS-failure attempt or assembly utility; compact dated public evidence and finalized labels preserve useful findings. Not required to recompute saved metrics.,39318,5b38ae5e32f95bd3154b5772fd8da5fa884bbb2ef7c2330b16dd99ef8e2c0cf1
/workspace/scratch/d427a25ef2a1/evidence/public-observations/8eebe4b3afe94a937fabac98b7cfe5d4f76803c75c6ad78a35f0edece7c0d01c.json,temporary/scratch,,Raw public scrape/DNS-failure attempt or assembly utility; compact dated public evidence and finalized labels preserve useful findings. Not required to recompute saved metrics.,32763,ae3ab4a67e41bd98b013d6a9cf5a2835261da53f09ab2a990c36fda94023a8e1
/workspace/scratch/d427a25ef2a1/evidence/public-observations/8f0d6da44d09f56f0ef1b20ee275be45bf17a75c202a22b6a77fceba4cab1d3b.json,temporary/scratch,,Raw public scrape/DNS-failure attempt or assembly utility; compact dated public evidence and finalized labels preserve useful findings. Not required to recompute saved metrics.,69602,0158f96d0e227993183bac0d6c2bb965b7300fa03937bac03e8ccdb77f4daff3
/workspace/scratch/d427a25ef2a1/evidence/public-observations/8f3599c5485769b0e273e25b177a17cc0465f0370a72c0efc523f6ed5bc15732.json,temporary/scratch,,Raw public scrape/DNS-failure attempt or assembly utility; compact dated public evidence and finalized labels preserve useful findings. Not required to recompute saved metrics.,36126,578182e9eb9c929e0fb8f471b696569e18f58ffa3fcea7f25cd86cf258768de2
/workspace/scratch/d427a25ef2a1/evidence/public-observations/8fae5856261643cb9175dc2cb077b8f1ac9c8b220c761ae4a46d5b6edc03000e.json,temporary/scratch,,Raw public scrape/DNS-failure attempt or assembly utility; compact dated public evidence and finalized labels preserve useful findings. Not required to recompute saved metrics.,45670,1c60468ccd76ad5797051fd828b2c9e6d93d7643df40f49d710dfaee60e304d6
/workspace/scratch/d427a25ef2a1/evidence/public-observations/90037cc11599e1355c4ec8ae7e1667cfd280e772a53464caccccffee16432eee.json,temporary/scratch,,Raw public scrape/DNS-failure attempt or assembly utility; compact dated public evidence and finalized labels preserve useful findings. Not required to recompute saved metrics.,73473,307b3cd74ef1e4af65ea95323924a7c50ccf191f3505d3f24b37ba6b1aea59ef
/workspace/scratch/d427a25ef2a1/evidence/public-observations/90bd2ee43c62464714b1753094e54b8c45239eab46baefbf75817379a59f19ad.json,temporary/scratch,,Raw public scrape/DNS-failure attempt or assembly utility; compact dated public evidence and finalized labels preserve useful findings. Not required to recompute saved metrics.,20177,94f20e17cdb5f5b7f5a8518387c24a52a5c092820aee59d06d9ea783725c36d4
/workspace/scratch/d427a25ef2a1/evidence/public-observations/91b92a5f458a1d9acc6ea381db409b4cd85d6cc0b33c9de3bc8dbaeb1681f4cf.json,temporary/scratch,,Raw public scrape/DNS-failure attempt or assembly utility; compact dated public evidence and finalized labels preserve useful findings. Not required to recompute saved metrics.,39353,72c4ecc67d23dad5c36019d9e1eeefd99998876b80f29dc71c2d4aecd17dffe0
/workspace/scratch/d427a25ef2a1/evidence/public-observations/93e18b15149d022c316428247d5d3860c6da53a7217f254425ef60f1107caa99.json,temporary/scratch,,Raw public scrape/DNS-failure attempt or assembly utility; compact dated public evidence and finalized labels preserve useful findings. Not required to recompute saved metrics.,40799,d1b2c6f087ef4ab2b2ada67125569b5bf976d22d63536f423f9f5836bb99453c
/workspace/scratch/d427a25ef2a1/evidence/public-observations/941c394c96d4228cbfa4576adbf2ff2e72efb5088ef021cb88fc8ac6eb3daf07.json,temporary/scratch,,Raw public scrape/DNS-failure attempt or assembly utility; compact dated public evidence and finalized labels preserve useful findings. Not required to recompute saved metrics.,75178,b5094ebdc112ac90f370b9307c78df80b22c4bebda59e2fc14c88d875b945062
/workspace/scratch/d427a25ef2a1/evidence/public-observations/95cdfd4da0570d5a6e5d5b896c47926e45be0eba9f76dce76783d8607b0912eb.json,temporary/scratch,,Raw public scrape/DNS-failure attempt or assembly utility; compact dated public evidence and finalized labels preserve useful findings. Not required to recompute saved metrics.,56160,2dab1a99377551ea7dd2e8781458a42a48382328633422da99cfa6599fac5def
/workspace/scratch/d427a25ef2a1/evidence/public-observations/9704a0f725e8e8760411eb1ed05117ec605dcebd633f87048b0a9866fb2b2267.json,temporary/scratch,,Raw public scrape/DNS-failure attempt or assembly utility; compact dated public evidence and finalized labels preserve useful findings. Not required to recompute saved metrics.,73321,5aaec69d2e30956d1ac07fa7c2d2195a7e3bb0e7c3552f883a2a2880c436c452
/workspace/scratch/d427a25ef2a1/evidence/public-observations/970b3f9fa43ab3312fa22fc390dc889a4e08964fc7c429304b3ee33a9bdf221e.json,temporary/scratch,,Raw public scrape/DNS-failure attempt or assembly utility; compact dated public evidence and finalized labels preserve useful findings. Not required to recompute saved metrics.,99881,e1b58ed7238b9f971f51297449c96d28c5bf76964436e5ce163bcc6bf791bee2
/workspace/scratch/d427a25ef2a1/evidence/public-observations/971aed6ad42562d9dae4b055b773d968a498d7885dfbdd3ce8cee60b2c5718fc.json,temporary/scratch,,Raw public scrape/DNS-failure attempt or assembly utility; compact dated public evidence and finalized labels preserve useful findings. Not required to recompute saved metrics.,4523,c51590588e8fe81844c64d54d27d36934311c18ba2152f55242786671d3cb247
/workspace/scratch/d427a25ef2a1/evidence/public-observations/97604edcb46d6baa450b37e8b1a0fdbff6e28c6535ae3880b971fa97580271db.json,temporary/scratch,,Raw public scrape/DNS-failure attempt or assembly utility; compact dated public evidence and finalized labels preserve useful findings. Not required to recompute saved metrics.,58961,6938357ba8c65a3e810d7ba8dbe41d613fdbc8cca79a259e5ae803e4c42d4b1a
/workspace/scratch/d427a25ef2a1/evidence/public-observations/9793320bb5e549d8923757b6c8f63ee68e96a4a45ae85d6bcb233b8de528ce8a.json,temporary/scratch,,Raw public scrape/DNS-failure attempt or assembly utility; compact dated public evidence and finalized labels preserve useful findings. Not required to recompute saved metrics.,21318,52b5add88f9bbba310d13100bb19b2a386de81aabd74ead473634360d681ef32
/workspace/scratch/d427a25ef2a1/evidence/public-observations/980257e5cd2be00c2f604595ce88b0a45d799d28dfe5bcf06796c01b28c2279f.json,temporary/scratch,,Raw public scrape/DNS-failure attempt or assembly utility; compact dated public evidence and finalized labels preserve useful findings. Not required to recompute saved metrics.,54870,75449a57e899ab488bb6b662d376da73ba0386f6b9847d6c74d0b09e14cc6634
/workspace/scratch/d427a25ef2a1/evidence/public-observations/98bc7e63bd09e40f6350ebe16ee9523b5f1186b44135d52fc5978ce53f8974cb.json,temporary/scratch,,Raw public scrape/DNS-failure attempt or assembly utility; compact dated public evidence and finalized labels preserve useful findings. Not required to recompute saved metrics.,50347,7ea1b68b31ccfcfaa25960d78cd000b6c124cd273543cf6bf335e9878968424c
/workspace/scratch/d427a25ef2a1/evidence/public-observations/98e07f77db7b1bb6fbae4ef189f71643bef70f589875faeaa54e3663c3eb4b87.json,temporary/scratch,,Raw public scrape/DNS-failure attempt or assembly utility; compact dated public evidence and finalized labels preserve useful findings. Not required to recompute saved metrics.,48161,e33a97c56b63f21e3a27c588fac5d6124d0ddbf6a48d6d5a14def6604f74ca89
/workspace/scratch/d427a25ef2a1/evidence/public-observations/99440d388efceb57f2c9509866eaac42c0ef0e434304058387571d902f5c27da.json,temporary/scratch,,Raw public scrape/DNS-failure attempt or assembly utility; compact dated public evidence and finalized labels preserve useful findings. Not required to recompute saved metrics.,39452,75282347b0c5cc55ff301b548e4bd1e16881136a6d7757ea2c3b4f975cc09cdf
/workspace/scratch/d427a25ef2a1/evidence/public-observations/99d6c41a849ac8fad0f63a7d8a36da0c400a3a6d81b25aa52423812181026df0.json,temporary/scratch,,Raw public scrape/DNS-failure attempt or assembly utility; compact dated public evidence and finalized labels preserve useful findings. Not required to recompute saved metrics.,12245,dbdc4c670a7c58ecb75056c6609922d0dcd442dc826c670ee00beb156a68cc9a
/workspace/scratch/d427a25ef2a1/evidence/public-observations/99f0f13586ef9eab20736fc795db4c9ea77bdeb1f9be76cae92f5dd286fbee7e.json,temporary/scratch,,Raw public scrape/DNS-failure attempt or assembly utility; compact dated public evidence and finalized labels preserve useful findings. Not required to recompute saved metrics.,92801,721547a9e306c618ff042f331cab21c112cb59ee3185fe4a4c6f102e8f522a99
/workspace/scratch/d427a25ef2a1/evidence/public-observations/9bb785cd3d5af5203242318b790f6d77708ecd097112091f6b3d3c703593419b.json,temporary/scratch,,Raw public scrape/DNS-failure attempt or assembly utility; compact dated public evidence and finalized labels preserve useful findings. Not required to recompute saved metrics.,45622,74610ca215db5b95f0cc06511f0dfcd5c975260a865e39f500a80e6372037eb3
/workspace/scratch/d427a25ef2a1/evidence/public-observations/9c144eb48d2622e17a59a0a3d637f04779c811cff9ff3b27593ac96a7512949b.json,temporary/scratch,,Raw public scrape/DNS-failure attempt or assembly utility; compact dated public evidence and finalized labels preserve useful findings. Not required to recompute saved metrics.,36405,247b225c893474548a128203f6df7dfdfa68e56cbf98aa75b3384f9fa4b33015
/workspace/scratch/d427a25ef2a1/evidence/public-observations/9e5ce7da439d5a662bb216fdc5367043e245aee5fbaf4494bffaaec9ba1b1f5f.json,temporary/scratch,,Raw public scrape/DNS-failure attempt or assembly utility; compact dated public evidence and finalized labels preserve useful findings. Not required to recompute saved metrics.,37292,78cc47f6cc344b87d27f0c3ae9a3bd6bc792d2340a0d484bca81c28cc6e520c5
/workspace/scratch/d427a25ef2a1/evidence/public-observations/9eda0a631d4a86066e95db4a64f1cea62b49303de8ab10207546871c07769f3d.json,temporary/scratch,,Raw public scrape/DNS-failure attempt or assembly utility; compact dated public evidence and finalized labels preserve useful findings. Not required to recompute saved metrics.,69876,c9357af936fe81878fc1aced378bf057d0da315cbc1f01374b5110f5341ed042
/workspace/scratch/d427a25ef2a1/evidence/public-observations/9f0d75c2e950938142983a7b86ca48e7e5bd8cc46f64f43130755d16f1b501ef.json,temporary/scratch,,Raw public scrape/DNS-failure attempt or assembly utility; compact dated public evidence and finalized labels preserve useful findings. Not required to recompute saved metrics.,28808,ac93261a7a06c6b330e2610b9c36be1834ade171c60e515137196bea607682c4
/workspace/scratch/d427a25ef2a1/evidence/public-observations/a0ae730ded5528473c230b94e517bed866a3789037fba8e1ded830cbe561eea3.json,temporary/scratch,,Raw public scrape/DNS-failure attempt or assembly utility; compact dated public evidence and finalized labels preserve useful findings. Not required to recompute saved metrics.,21966,12a1e667a0014eadc01842d33448f923eb559a74bfa41e1785e86e7096d42a54
/workspace/scratch/d427a25ef2a1/evidence/public-observations/a0b719aeac3ec6f89081eedaf0b49186b66d883028f19b63b43f8fea35b41509.json,temporary/scratch,,Raw public scrape/DNS-failure attempt or assembly utility; compact dated public evidence and finalized labels preserve useful findings. Not required to recompute saved metrics.,37919,f8e3adb111ffe3849721c9fbd500be08413973668f84a6fdee79a28034ccc095
/workspace/scratch/d427a25ef2a1/evidence/public-observations/a172d3cde255bc1c597da73e9190d9c8a5a708942a864ad84da694d3818fa945.json,temporary/scratch,,Raw public scrape/DNS-failure attempt or assembly utility; compact dated public evidence and finalized labels preserve useful findings. Not required to recompute saved metrics.,1706,781e6924be612de7b9896b8577ffa05bde6338d6f1adb23df0964baca594ee84
/workspace/scratch/d427a25ef2a1/evidence/public-observations/a21ac31c498bdec41ee2105d29386ca3e4747f0321f5a9a0b61d549e2e84757e.json,temporary/scratch,,Raw public scrape/DNS-failure attempt or assembly utility; compact dated public evidence and finalized labels preserve useful findings. Not required to recompute saved metrics.,60781,39f215e3a8d66496763f32e83fd58c710f7795404fda433b17995d41b721120e
/workspace/scratch/d427a25ef2a1/evidence/public-observations/a2c23e3bce6cf7954c6351e3f2c837c2017afbfe899659b69f7523fae0f7f5ed.json,temporary/scratch,,Raw public scrape/DNS-failure attempt or assembly utility; compact dated public evidence and finalized labels preserve useful findings. Not required to recompute saved metrics.,32093,5b401d5fab04c47151b60003e3aaef9fc0734f3297040bf13bac404abc8a13b9
/workspace/scratch/d427a25ef2a1/evidence/public-observations/a38d399126ad8e130eb9407ce511e1ee6c4f4945385fe2d402cc8c86045e0d77.json,temporary/scratch,,Raw public scrape/DNS-failure attempt or assembly utility; compact dated public evidence and finalized labels preserve useful findings. Not required to recompute saved metrics.,48559,2f3f4b10e931bcbd903cecd622238259106a2ed90c27e31f26a862377df30de9
/workspace/scratch/d427a25ef2a1/evidence/public-observations/a3e78de5414386d0c70a37645d6523b3173c7bee0e352ef8da33087b38a116a9.json,temporary/scratch,,Raw public scrape/DNS-failure attempt or assembly utility; compact dated public evidence and finalized labels preserve useful findings. Not required to recompute saved metrics.,1574,a1c91b1d2f7f9ec3fcf9f23819b01befc278deee577b6061c4c188d42bf05cef
/workspace/scratch/d427a25ef2a1/evidence/public-observations/a4499e95f7c5e2c90a58b7af9081f601a879064bcbdd78e307d32d7f236c9b6f.json,temporary/scratch,,Raw public scrape/DNS-failure attempt or assembly utility; compact dated public evidence and finalized labels preserve useful findings. Not required to recompute saved metrics.,109235,4a1c1cf873f3240304f8939d047e701d13ae71d4f5722a8bc7b4f208713c58fc
/workspace/scratch/d427a25ef2a1/evidence/public-observations/a4710c7c84898d2e3d8d4e7bdc7801059ef04c94ecb174ef2fe5bdcb5a529f54.json,temporary/scratch,,Raw public scrape/DNS-failure attempt or assembly utility; compact dated public evidence and finalized labels preserve useful findings. Not required to recompute saved metrics.,54812,decf0738f54a42069983c6929ad5f696f02b1da1bff643d90a9d6b071f0e1b8a
/workspace/scratch/d427a25ef2a1/evidence/public-observations/a4ca9f17d4838ef876aef819cab4a8842883662b3711aa919f61880dc4e2372f.json,temporary/scratch,,Raw public scrape/DNS-failure attempt or assembly utility; compact dated public evidence and finalized labels preserve useful findings. Not required to recompute saved metrics.,51280,6faaaca2c4e36a500207e38b68c3d64550c1aa3d3e7c080bec6b4d8a4afddbdd
/workspace/scratch/d427a25ef2a1/evidence/public-observations/a59473a8523fd9fdf0c55b3183dd0f991fa7638a0b8ee93abd57c22efa4e7f03.json,temporary/scratch,,Raw public scrape/DNS-failure attempt or assembly utility; compact dated public evidence and finalized labels preserve useful findings. Not required to recompute saved metrics.,41200,e00d7229481ec0414d487ed01a992bb7afcf225c2ddb830f95ae041284213ced
/workspace/scratch/d427a25ef2a1/evidence/public-observations/a72ee910aa8257ef1072e9e2585340ef2a8fdbda0b5fefa2419601b759343d8a.json,temporary/scratch,,Raw public scrape/DNS-failure attempt or assembly utility; compact dated public evidence and finalized labels preserve useful findings. Not required to recompute saved metrics.,24596,67cbfcdf8cc3fad457b0e5e74f00fc9ae783741f8726afcf0501130fbb8a71ec
/workspace/scratch/d427a25ef2a1/evidence/public-observations/a77e39444f95528aa64871ec5601277cf497a677ba1311f66944e65ea5fc9260.json,temporary/scratch,,Raw public scrape/DNS-failure attempt or assembly utility; compact dated public evidence and finalized labels preserve useful findings. Not required to recompute saved metrics.,45074,4146b504e91a7c25f9aab5a4ce1315861af17e57817b59401460c04d8226754c
/workspace/scratch/d427a25ef2a1/evidence/public-observations/a9848f96603ac5cf37a1d7265003c8980b0345a3f4d9cffc86230f09f4ffd888.json,temporary/scratch,,Raw public scrape/DNS-failure attempt or assembly utility; compact dated public evidence and finalized labels preserve useful findings. Not required to recompute saved metrics.,66255,4981f44491f145bbdcabfe7a0802e15e4f20ae431491f0ff53b5c233bd8c9589
/workspace/scratch/d427a25ef2a1/evidence/public-observations/aa9401c2af8b657ad542ff5f5c31113035d912f483b6584fda0071f42d3d06ef.json,temporary/scratch,,Raw public scrape/DNS-failure attempt or assembly utility; compact dated public evidence and finalized labels preserve useful findings. Not required to recompute saved metrics.,95529,e105db054c0afa4a483b8b8fa6cd71f3b7e88fe7d608a9d63381f0720f0054c2
/workspace/scratch/d427a25ef2a1/evidence/public-observations/ab3c9acb3cb618d546b9b41b04d3535621713303076366789153db1f55ba42bf.json,temporary/scratch,,Raw public scrape/DNS-failure attempt or assembly utility; compact dated public evidence and finalized labels preserve useful findings. Not required to recompute saved metrics.,46980,dd8e94e7c5afbd5d6437541fc1d0ebb2a259c8fa8f65b0a6a33e13b7c38cf464
/workspace/scratch/d427a25ef2a1/evidence/public-observations/ac4d0f24fd75d17c31f999fa26ef5099ac0f4f8285a47b73ed907c4400ba2c38.json,temporary/scratch,,Raw public scrape/DNS-failure attempt or assembly utility; compact dated public evidence and finalized labels preserve useful findings. Not required to recompute saved metrics.,20010,8ac296f1c1126920f40533e63ed1e372d6de265ba21056639182a037963301fe
/workspace/scratch/d427a25ef2a1/evidence/public-observations/ac899d9cc5632442ca8095474744e7f0fa4f570d6609d75df4b0c1e8950d68d6.json,temporary/scratch,,Raw public scrape/DNS-failure attempt or assembly utility; compact dated public evidence and finalized labels preserve useful findings. Not required to recompute saved metrics.,72125,808d647611ae176733015a181fdc66c24d599aaac5b4ea034689ea76b5bf7ba3
/workspace/scratch/d427a25ef2a1/evidence/public-observations/ad21c0bb669b5f9cfde2e251da7522c3d0bdc26693029a80324897e941d5e953.json,temporary/scratch,,Raw public scrape/DNS-failure attempt or assembly utility; compact dated public evidence and finalized labels preserve useful findings. Not required to recompute saved metrics.,50283,d6afb3086fa1fa60061adb2a599ef96ecd53c7f72b2aad35bae74e4f49fd7bed
/workspace/scratch/d427a25ef2a1/evidence/public-observations/ae91c21679531a102459522ad078f13b94e2525594a4585f333d0396d1dfb907.json,temporary/scratch,,Raw public scrape/DNS-failure attempt or assembly utility; compact dated public evidence and finalized labels preserve useful findings. Not required to recompute saved metrics.,53170,8deff14360db23e8edc3f7035a4d2abe2379293f80b75f031b00ffb5372559f7
/workspace/scratch/d427a25ef2a1/evidence/public-observations/af65652a102caf9636ce61b7ffbbc5360fbbbef426681f1d3200ffa78b2a7222.json,temporary/scratch,,Raw public scrape/DNS-failure attempt or assembly utility; compact dated public evidence and finalized labels preserve useful findings. Not required to recompute saved metrics.,50073,545ae26e0e860146d625fc4e65a7b54bdeb0e5980c6488d5fd1dfcced0b4e53b
/workspace/scratch/d427a25ef2a1/evidence/public-observations/afc2c53fdff2346230680df603b69e7925edb709f3ad5377fdbc7bf5e8d9dbb9.json,temporary/scratch,,Raw public scrape/DNS-failure attempt or assembly utility; compact dated public evidence and finalized labels preserve useful findings. Not required to recompute saved metrics.,116331,d8bfedfe4ede9f7c27110ba517f065fc92408d5713060648f208524aa2f2fbc6
/workspace/scratch/d427a25ef2a1/evidence/public-observations/aff9b05ef7cede664498085ec5fa56af4aab174c5db3a8ac4afaaba6d6c97084.json,temporary/scratch,,Raw public scrape/DNS-failure attempt or assembly utility; compact dated public evidence and finalized labels preserve useful findings. Not required to recompute saved metrics.,76463,f21849f580386cfeda0c62e5eefbb5dee6428c40e368c4cd9a57d9410f386543
/workspace/scratch/d427a25ef2a1/evidence/public-observations/b140a194dc8acd79d7fa9601235f66d94105937d87a09616709d4acd2ded79d2.json,temporary/scratch,,Raw public scrape/DNS-failure attempt or assembly utility; compact dated public evidence and finalized labels preserve useful findings. Not required to recompute saved metrics.,133403,b2227b58bc8a367f324c8f5996e37155d4669d5e2e90a8877a0f4820ca05c358
/workspace/scratch/d427a25ef2a1/evidence/public-observations/b1470ad71e3e5ee82571a2bd2b7b482124c9baa415acd111fe15a21fb8daf45d.json,temporary/scratch,,Raw public scrape/DNS-failure attempt or assembly utility; compact dated public evidence and finalized labels preserve useful findings. Not required to recompute saved metrics.,32244,5da2041ad20328a015bfa30937aa88dc4ee13ef214fbd53c4263d86aa50df4c8
/workspace/scratch/d427a25ef2a1/evidence/public-observations/b2f716c68066d92e0ba57da53d7fdf02676c64df23579bed84d42d47b871a065.json,temporary/scratch,,Raw public scrape/DNS-failure attempt or assembly utility; compact dated public evidence and finalized labels preserve useful findings. Not required to recompute saved metrics.,48114,db6334f9a25233e7d438ea5c7921967e530e8c9369a563a344d584dba858741d
/workspace/scratch/d427a25ef2a1/evidence/public-observations/b45e8306bc518d7a4c5eb7e7777ba59ab3c38759f285ccadd379ff71c81acd0f.json,temporary/scratch,,Raw public scrape/DNS-failure attempt or assembly utility; compact dated public evidence and finalized labels preserve useful findings. Not required to recompute saved metrics.,65844,79c1b9ba599fd40f87abe86b3d02f14fb92cb13242092e60b6d9e5f04dd7fed3
/workspace/scratch/d427a25ef2a1/evidence/public-observations/b4afe63a47334570662bc0e2a89723a07f8fa0255ae8914b890ddf1aa7673aa6.json,temporary/scratch,,Raw public scrape/DNS-failure attempt or assembly utility; compact dated public evidence and finalized labels preserve useful findings. Not required to recompute saved metrics.,51884,e865473bdb4c4020d478e0068208c52966c57706785fee2f7795758a163d77b2
/workspace/scratch/d427a25ef2a1/evidence/public-observations/b54faac872f5d5d0f9098e24e41394b1dd4c38f6f24a728b90d46940f526f6ba.json,temporary/scratch,,Raw public scrape/DNS-failure attempt or assembly utility; compact dated public evidence and finalized labels preserve useful findings. Not required to recompute saved metrics.,126880,7ddaf122e62e001e31cc7b5df2191b1d174489f8f032c2fdbeea886f0bff2af3
/workspace/scratch/d427a25ef2a1/evidence/public-observations/b5f39ea946afee8925d1fd47fdf3b5b056f970a98cd3c36693f67190f51582da.json,temporary/scratch,,Raw public scrape/DNS-failure attempt or assembly utility; compact dated public evidence and finalized labels preserve useful findings. Not required to recompute saved metrics.,43190,961bd293ebc03063f9fc8ac8b44731b6d9d29abfe2dda76fdb73d0120ecdbac9
/workspace/scratch/d427a25ef2a1/evidence/public-observations/b64dec992cd6687f6825d843308621a37c6f64e586cc289dded58e59161db275.json,temporary/scratch,,Raw public scrape/DNS-failure attempt or assembly utility; compact dated public evidence and finalized labels preserve useful findings. Not required to recompute saved metrics.,32103,953e8c2abbfb0e5fb5e22bc0c0e6c05325169a210482006f3c3782ce2c941327
/workspace/scratch/d427a25ef2a1/evidence/public-observations/b69d32d247dc40f4123af39e856a87dab74c233962bb8a592fadc37e09fe3578.json,temporary/scratch,,Raw public scrape/DNS-failure attempt or assembly utility; compact dated public evidence and finalized labels preserve useful findings. Not required to recompute saved metrics.,41367,ffd5c5ac807672f26433f76fc76ec068823ecd566eaf4325845a04942245ed98
/workspace/scratch/d427a25ef2a1/evidence/public-observations/b73e54f2eba1c738a8c57d97c69068e2c9262cc9f99cfab6c81b957e1733fd51.json,temporary/scratch,,Raw public scrape/DNS-failure attempt or assembly utility; compact dated public evidence and finalized labels preserve useful findings. Not required to recompute saved metrics.,10360,776d7958febbacff6e3f3c3bf0b3a10bab1fcd76a991487fddeff7176cb7dd71
/workspace/scratch/d427a25ef2a1/evidence/public-observations/b76230ca59e8a380615c8a8f024c450e30ed21f71d2abbcb76b3425b40894a64.json,temporary/scratch,,Raw public scrape/DNS-failure attempt or assembly utility; compact dated public evidence and finalized labels preserve useful findings. Not required to recompute saved metrics.,55488,cb19d7380561c2db9a76483b944ecc0a994d48f96b9db58911694bf666ee8a5e
/workspace/scratch/d427a25ef2a1/evidence/public-observations/b7740b3d741942c328e1711d7a9491b68403c32f75df1cd884af0706e0a6e9c9.json,temporary/scratch,,Raw public scrape/DNS-failure attempt or assembly utility; compact dated public evidence and finalized labels preserve useful findings. Not required to recompute saved metrics.,33294,b3e7f628e18506596e0924e265b1a622281ae037bd2655e0edc15dbc5ae802da
/workspace/scratch/d427a25ef2a1/evidence/public-observations/b96e79ee36eef1b83f51157dac2e175110743bc43b55101d8184b91cb8015468.json,temporary/scratch,,Raw public scrape/DNS-failure attempt or assembly utility; compact dated public evidence and finalized labels preserve useful findings. Not required to recompute saved metrics.,53866,e5a355e44a0364d77e36e77d50a95604aebdac45b8e22e3f60434e325d979689
/workspace/scratch/d427a25ef2a1/evidence/public-observations/ba2b780c304a469d456469dd8f33b08619f787a631b24f83fef21e8c92167457.json,temporary/scratch,,Raw public scrape/DNS-failure attempt or assembly utility; compact dated public evidence and finalized labels preserve useful findings. Not required to recompute saved metrics.,39228,60c6b93c2436c0b3917dee17c9d958642b866a6bec6273fbf578459f8724207d
/workspace/scratch/d427a25ef2a1/evidence/public-observations/ba2c350d414e93680f8f0ef2cd19d392dbcf0e7b753eee7c98a4026157ffb650.json,temporary/scratch,,Raw public scrape/DNS-failure attempt or assembly utility; compact dated public evidence and finalized labels preserve useful findings. Not required to recompute saved metrics.,157458,b899a90be51956acd93dae05cd4a78d6c5ed402dc4bd174cc98a0e8a8feef7e7
/workspace/scratch/d427a25ef2a1/evidence/public-observations/ba3f030523a1af8b439b920a4fc37ec2b64ec1960671addfbd0fdcb501c316c2.json,temporary/scratch,,Raw public scrape/DNS-failure attempt or assembly utility; compact dated public evidence and finalized labels preserve useful findings. Not required to recompute saved metrics.,38702,924625356a5e4ff814ef0c9ea1f51731846187c541f601c5a3cbfe770c47cb82
/workspace/scratch/d427a25ef2a1/evidence/public-observations/be6da4e40654e9a9a573ca6413d4586109505d5880b975cfa4d1ba44c014d387.json,temporary/scratch,,Raw public scrape/DNS-failure attempt or assembly utility; compact dated public evidence and finalized labels preserve useful findings. Not required to recompute saved metrics.,74091,2f63cb3c78dab4b6fdd917b3a9fc1e1d791eb7b11840fb320242e84fa0021ff0
/workspace/scratch/d427a25ef2a1/evidence/public-observations/bed73ec552bd5b0aedbce88d4c5377e1811855a0fe4dc0a7995b0f244202009a.json,temporary/scratch,,Raw public scrape/DNS-failure attempt or assembly utility; compact dated public evidence and finalized labels preserve useful findings. Not required to recompute saved metrics.,54628,0acebf55ee006de4f6b6cf656d67aa7563a66ea066bf7191d22c27f47779e7f8
/workspace/scratch/d427a25ef2a1/evidence/public-observations/bfa4d4e6cd892584474750eecb2ce7ecd57b4225436fc45f43e695f56cf22974.json,temporary/scratch,,Raw public scrape/DNS-failure attempt or assembly utility; compact dated public evidence and finalized labels preserve useful findings. Not required to recompute saved metrics.,110527,95c576dc5842c465381dbad7cf1cae583d014b36fccb7531d2a2d15fc9b25b82
/workspace/scratch/d427a25ef2a1/evidence/public-observations/bfd793a55a50389ae434eeb512f83bbafcc95bfb9e1b4ad21c4824b3b00db51a.json,temporary/scratch,,Raw public scrape/DNS-failure attempt or assembly utility; compact dated public evidence and finalized labels preserve useful findings. Not required to recompute saved metrics.,37070,0441fde735cf0410af7ed1715a74c2cb4bace7bbd964160a9f66d5f4e6d86a75
/workspace/scratch/d427a25ef2a1/evidence/public-observations/c1dbfb7d27284a64b197392b1f8f5779a8ea91d62133b1e745ea0c1cc4ad0ab6.json,temporary/scratch,,Raw public scrape/DNS-failure attempt or assembly utility; compact dated public evidence and finalized labels preserve useful findings. Not required to recompute saved metrics.,16103,170321cb13a32a1c659170b93f04e80fa141600df55ca6d4c5b8660f3574badc
/workspace/scratch/d427a25ef2a1/evidence/public-observations/c25bc08cb2dd9785f064c4b3f03af846c7d40278e0d0c4baabd62d3ee22e890d.json,temporary/scratch,,Raw public scrape/DNS-failure attempt or assembly utility; compact dated public evidence and finalized labels preserve useful findings. Not required to recompute saved metrics.,36303,53ec60a3a28debecc445057e4f5523e31aa93b7299f8bed4c55473ee202946b7
/workspace/scratch/d427a25ef2a1/evidence/public-observations/c3d8f66b8c200575290cf328c5225df11f2640655a7036c4bef1a62107d6f6c2.json,temporary/scratch,,Raw public scrape/DNS-failure attempt or assembly utility; compact dated public evidence and finalized labels preserve useful findings. Not required to recompute saved metrics.,55433,ffddcb9966ad0e325d246a15f0d759068236e12642b3e0c3f51b461b4988ee28
/workspace/scratch/d427a25ef2a1/evidence/public-observations/c453ecc1e157a46209c39054bbd67dcea5ca4a23be436e1b210ac088ccd43cef.json,temporary/scratch,,Raw public scrape/DNS-failure attempt or assembly utility; compact dated public evidence and finalized labels preserve useful findings. Not required to recompute saved metrics.,71191,136ec1ff09a50b62fcbd4f9649595bfd73843b39bb6d63a906bc7ad4502e10a5
/workspace/scratch/d427a25ef2a1/evidence/public-observations/c4dfd1bc34597eb10e1d66ca3b469fd24e3fe142a6d2cf134aef229fc0e53b37.json,temporary/scratch,,Raw public scrape/DNS-failure attempt or assembly utility; compact dated public evidence and finalized labels preserve useful findings. Not required to recompute saved metrics.,51584,6e5e317f9eb59d64f4a6a0980f152a32f050c3670c6b36bb42f1f6614ffa3051
/workspace/scratch/d427a25ef2a1/evidence/public-observations/c53c56e30654f41e1d439a68e5b21e4f56f664ccd197ed16489664a88f869fce.json,temporary/scratch,,Raw public scrape/DNS-failure attempt or assembly utility; compact dated public evidence and finalized labels preserve useful findings. Not required to recompute saved metrics.,70219,e1eeeeb219f58eb1a97cf65fc7582356e709851173ba877a98cd6b49e139f295
/workspace/scratch/d427a25ef2a1/evidence/public-observations/c5c11bdf07dcbdbaa174f79181380f7d6f4a91e76b0051736cd60c1a720058a7.json,temporary/scratch,,Raw public scrape/DNS-failure attempt or assembly utility; compact dated public evidence and finalized labels preserve useful findings. Not required to recompute saved metrics.,78786,aff75e0720100e9f8a396347e60b93ba2b9ae9ec22d17ab0b60c5fd507abbe04
/workspace/scratch/d427a25ef2a1/evidence/public-observations/c69001fe482a3cc5fd01b6eb1e14ac5d26e9ec85a46f956ed38ae908684daeaa.json,temporary/scratch,,Raw public scrape/DNS-failure attempt or assembly utility; compact dated public evidence and finalized labels preserve useful findings. Not required to recompute saved metrics.,50827,f809547c3359df2d3de206a4833a14aaf86b405e1fc12b51a6f47e34d5ac79ee
/workspace/scratch/d427a25ef2a1/evidence/public-observations/c6bba27f19dcf69e00c967c8550ce5bb9491174554ccf6fb5e103dd0ef2b0632.json,temporary/scratch,,Raw public scrape/DNS-failure attempt or assembly utility; compact dated public evidence and finalized labels preserve useful findings. Not required to recompute saved metrics.,33268,d6fee5bf29e7ddf0b89f46b7f65de842f1533711660b47155a31d3f85ab75684
/workspace/scratch/d427a25ef2a1/evidence/public-observations/c8ce8a2425ec37ad783c6819b5e6d7ec6ab73aefece61548dc4534680ec558e7.json,temporary/scratch,,Raw public scrape/DNS-failure attempt or assembly utility; compact dated public evidence and finalized labels preserve useful findings. Not required to recompute saved metrics.,25127,97467a9c7f565e503262d7f471fa326a4b7609255c70d92fa78579841bc6eeb9
/workspace/scratch/d427a25ef2a1/evidence/public-observations/c8d24041a2e0e8f1f8aea367efa433f3da8288f0167f433fc5e4a9a3a76ff62b.json,temporary/scratch,,Raw public scrape/DNS-failure attempt or assembly utility; compact dated public evidence and finalized labels preserve useful findings. Not required to recompute saved metrics.,37470,7bfda01269f770b1d9873e009e8628df048f6f3d9d4f5f7c2568c3631f267ee3
/workspace/scratch/d427a25ef2a1/evidence/public-observations/c94a1e9e8c6e891c33bb9a6dda8485278436a464bb1b58fd71ef63bfa74af131.json,temporary/scratch,,Raw public scrape/DNS-failure attempt or assembly utility; compact dated public evidence and finalized labels preserve useful findings. Not required to recompute saved metrics.,76843,8e3d00a6094f7986e86e72ba8ba088eab2e309820db38e415e3a7501df341103
/workspace/scratch/d427a25ef2a1/evidence/public-observations/c99556a1d7b0118ee5e063f57f791469441e2d6bb6e8044e7e5f7ba9595f0a6c.json,temporary/scratch,,Raw public scrape/DNS-failure attempt or assembly utility; compact dated public evidence and finalized labels preserve useful findings. Not required to recompute saved metrics.,66956,cfa3a394c202d37b255331b83f71c01c574e56d2143c770219a6cc86807d1db9
/workspace/scratch/d427a25ef2a1/evidence/public-observations/c9bd51360322f3336e8e73f0e2c846dbd35254bc86e4c75b56cab3698d0352e4.json,temporary/scratch,,Raw public scrape/DNS-failure attempt or assembly utility; compact dated public evidence and finalized labels preserve useful findings. Not required to recompute saved metrics.,71131,d0cb079b363aaabc827a4a7b750abc5f161565f4d75508cb7ae9766399b8eacc
/workspace/scratch/d427a25ef2a1/evidence/public-observations/ca74a9516d5121389c1ff597fd2ee562c8441a9f615bb8cab8984c225b04d792.json,temporary/scratch,,Raw public scrape/DNS-failure attempt or assembly utility; compact dated public evidence and finalized labels preserve useful findings. Not required to recompute saved metrics.,59035,aa35cc99bf602f49d66dfb76c5ca79f86b341338993afded15542af56b7e5e16
/workspace/scratch/d427a25ef2a1/evidence/public-observations/cc2b6dd1590288b424ef73858cf27d9e81856eba8a862d105ff931ee8470d12f.json,temporary/scratch,,Raw public scrape/DNS-failure attempt or assembly utility; compact dated public evidence and finalized labels preserve useful findings. Not required to recompute saved metrics.,8665,307bad345e182bb9c455fdcb32796c927759c5e411b72ba1547920b05d563b11
/workspace/scratch/d427a25ef2a1/evidence/public-observations/cdda5ffbaffc4daa6d7d55c9d8d56653f7debe231250c881ea96cd73f69329da.json,temporary/scratch,,Raw public scrape/DNS-failure attempt or assembly utility; compact dated public evidence and finalized labels preserve useful findings. Not required to recompute saved metrics.,48902,a4e6254d49238a32ff3705a9da7d75bdfecdfe97f4c6c590e19b05f32be23ad2
/workspace/scratch/d427a25ef2a1/evidence/public-observations/ce3fbd6cd5b928cf61947c519ee1b02a2d0a95d3066991ec70d2236a75709b07.json,temporary/scratch,,Raw public scrape/DNS-failure attempt or assembly utility; compact dated public evidence and finalized labels preserve useful findings. Not required to recompute saved metrics.,118873,4beed5f3c2abea04c292cbb1299223f33d29fd3b3df2e17308d27720c033fab5
/workspace/scratch/d427a25ef2a1/evidence/public-observations/cf2e00dc5bfc6906d3addfb01035d07839b626b77bc5eebae53717d7239e264f.json,temporary/scratch,,Raw public scrape/DNS-failure attempt or assembly utility; compact dated public evidence and finalized labels preserve useful findings. Not required to recompute saved metrics.,41396,02e7d0b147c66ebab68314d58550c9dd411666762d8539749b385c1197141126
/workspace/scratch/d427a25ef2a1/evidence/public-observations/cf406b2b9681552d044ea8e2d2226473ee2d5ca7dd26a5b8cc353ddd3116867d.json,temporary/scratch,,Raw public scrape/DNS-failure attempt or assembly utility; compact dated public evidence and finalized labels preserve useful findings. Not required to recompute saved metrics.,51467,8e534280393168175d11492760d71812e828790d30155a7bc587c316f88e484a
/workspace/scratch/d427a25ef2a1/evidence/public-observations/cfb55ea6208e35120a1b1c60ba36d776683fa0be61beec4823d8108f5c6db35e.json,temporary/scratch,,Raw public scrape/DNS-failure attempt or assembly utility; compact dated public evidence and finalized labels preserve useful findings. Not required to recompute saved metrics.,62662,a34f92a9cf06b987556f660aa84d40fb5b0fa1b6528fcd1eea6f459400420448
/workspace/scratch/d427a25ef2a1/evidence/public-observations/cfe5a1a77a0131d2df60b26a48c4412f5a620f7906ded7e2a20998d589406973.json,temporary/scratch,,Raw public scrape/DNS-failure attempt or assembly utility; compact dated public evidence and finalized labels preserve useful findings. Not required to recompute saved metrics.,77249,19600127e7323ef4142e828b19e18aa2cd0f3d27dc740a4471775a85d5eb7530
/workspace/scratch/d427a25ef2a1/evidence/public-observations/d066c914edcc9a5038b10366a2b2a9863cfbb6975614d2aa52e5fe74e766b536.json,temporary/scratch,,Raw public scrape/DNS-failure attempt or assembly utility; compact dated public evidence and finalized labels preserve useful findings. Not required to recompute saved metrics.,42139,bc1163798ca25dea735346e22930a945717ea69462341184ce6bc17e06738f46
/workspace/scratch/d427a25ef2a1/evidence/public-observations/d287688e9890fc5d8618b2682a0bdfe875750facf9fc292ea5b7cf8ff9b5ce54.json,temporary/scratch,,Raw public scrape/DNS-failure attempt or assembly utility; compact dated public evidence and finalized labels preserve useful findings. Not required to recompute saved metrics.,53011,8df8aca557b22531fb0e0bd15507ab736fb8b0bd85956c8e645ab2f1048850c8
/workspace/scratch/d427a25ef2a1/evidence/public-observations/d32408c267b3ec4283854d4746c96beb51475c020d85f60474b450b85c3a9fd8.json,temporary/scratch,,Raw public scrape/DNS-failure attempt or assembly utility; compact dated public evidence and finalized labels preserve useful findings. Not required to recompute saved metrics.,36040,1d37889a9601276aff388397e433dd82039041b628b924b404f1de12a0975259
/workspace/scratch/d427a25ef2a1/evidence/public-observations/d482c63a38363ccf9b514d737225f058b3af0b8c762c28fa2b135630a354674e.json,temporary/scratch,,Raw public scrape/DNS-failure attempt or assembly utility; compact dated public evidence and finalized labels preserve useful findings. Not required to recompute saved metrics.,59102,dc05ab767621c78a43b34a619a920a18d0687cf3da0ab2895c5ec13bc41163a3
/workspace/scratch/d427a25ef2a1/evidence/public-observations/d4e684f9d7b4ef3689278a1542c2d77d46beec578b7055c991977a327ab33fe6.json,temporary/scratch,,Raw public scrape/DNS-failure attempt or assembly utility; compact dated public evidence and finalized labels preserve useful findings. Not required to recompute saved metrics.,35529,df4cc0837d13aa13c65876db5517d6ab0476c5484fc8edf80ab55e2cf037efd1
/workspace/scratch/d427a25ef2a1/evidence/public-observations/d4f8ade9b8e3cd7e44f79eba930ddaf1af1b8f6b9bc3de0370ba3ae90a193204.json,temporary/scratch,,Raw public scrape/DNS-failure attempt or assembly utility; compact dated public evidence and finalized labels preserve useful findings. Not required to recompute saved metrics.,43809,9e9692f144d51abfccb7824f25bddede002ba360d960002ff8b6b12b52273908
/workspace/scratch/d427a25ef2a1/evidence/public-observations/d575011cc4e80dbf0c27b81eee725611c722438ed85ce7e2b6996eccc6bf3994.json,temporary/scratch,,Raw public scrape/DNS-failure attempt or assembly utility; compact dated public evidence and finalized labels preserve useful findings. Not required to recompute saved metrics.,45028,f0bfe722be35feedba964bcfc5afc7b2ab76cf4b9d3aacc32fd4def16e4a1edc
/workspace/scratch/d427a25ef2a1/evidence/public-observations/d5b190a381718118bb7e5d064549b410024e119fec3ba78444c64dc1b47af45f.json,temporary/scratch,,Raw public scrape/DNS-failure attempt or assembly utility; compact dated public evidence and finalized labels preserve useful findings. Not required to recompute saved metrics.,55412,92af6b52ddd7c159ad432e2a814efd6430f31348934ea0095f5cc52dc197e6d5
/workspace/scratch/d427a25ef2a1/evidence/public-observations/d65f008e651d875db31e4474c1f9ecd8669019705c88b126017bf0242dee686b.json,temporary/scratch,,Raw public scrape/DNS-failure attempt or assembly utility; compact dated public evidence and finalized labels preserve useful findings. Not required to recompute saved metrics.,42151,7310d57da4d0081c47a761f6eddcf0244d219611ddaafde4ad83044d79ff1eb5
/workspace/scratch/d427a25ef2a1/evidence/public-observations/dadc91d852f90c8f9558222657ecdf57373d33d7ad07a43158ee040053e8581f.json,temporary/scratch,,Raw public scrape/DNS-failure attempt or assembly utility; compact dated public evidence and finalized labels preserve useful findings. Not required to recompute saved metrics.,126949,61623d02b89801fd4d5c16555f364f55534c7bf3607850938985dd54ca69f3de
/workspace/scratch/d427a25ef2a1/evidence/public-observations/dafd7af6a0a66ba2ae71311dc10a10a27047e8e19df85e795e2aaad5b1fa0e0f.json,temporary/scratch,,Raw public scrape/DNS-failure attempt or assembly utility; compact dated public evidence and finalized labels preserve useful findings. Not required to recompute saved metrics.,34391,b0e6b11f8538c6d1b2d52f363de73d07f5a887a5cbd66ccfdd7df15d74bf1887
/workspace/scratch/d427a25ef2a1/evidence/public-observations/db7f4c9fdc38daefcba8b4c8801beff4b38057cebe1429efe9c72a3d7106d140.json,temporary/scratch,,Raw public scrape/DNS-failure attempt or assembly utility; compact dated public evidence and finalized labels preserve useful findings. Not required to recompute saved metrics.,80948,b8e39b243fe030ee7fbd4967016287a436b4bbbdfbd3947db9942781565b14a4
/workspace/scratch/d427a25ef2a1/evidence/public-observations/db8b0f029cd58f39faad22c72283305457ff632b5c1754fcabfd2b6487569e5e.json,temporary/scratch,,Raw public scrape/DNS-failure attempt or assembly utility; compact dated public evidence and finalized labels preserve useful findings. Not required to recompute saved metrics.,72541,1e95dd391c194ce18ff3dca9f2e8cff7fff523621a1910dbafd7d6032e21fd5f
/workspace/scratch/d427a25ef2a1/evidence/public-observations/dbacc761cf4030e08a94e3419210705bd33c3999cf77a8eb450696b0bcbd5434.json,temporary/scratch,,Raw public scrape/DNS-failure attempt or assembly utility; compact dated public evidence and finalized labels preserve useful findings. Not required to recompute saved metrics.,51712,79061f7962d5af6869f05b086305ad780cad70a91176c023022a39d40ac4c1df
/workspace/scratch/d427a25ef2a1/evidence/public-observations/dc51c7a2843268596d1e167b391927f7820f8dc2fd769eea2a950b096f1b719b.json,temporary/scratch,,Raw public scrape/DNS-failure attempt or assembly utility; compact dated public evidence and finalized labels preserve useful findings. Not required to recompute saved metrics.,42629,930777e479a0cb6ef3578a1690848664482782c9f6b82baceee7e34902c496d8
/workspace/scratch/d427a25ef2a1/evidence/public-observations/dcf6fd4307ca3e06ccc589f8ba81a870fad270caf118e61bbd5a5a9ed97b6091.json,temporary/scratch,,Raw public scrape/DNS-failure attempt or assembly utility; compact dated public evidence and finalized labels preserve useful findings. Not required to recompute saved metrics.,54427,2d2bff1333c170f01f4d46cd1089514b590165088ed9f90d8ada98fab5f5d550
/workspace/scratch/d427a25ef2a1/evidence/public-observations/de1377dfe5155fa84d246b5551bcc936dfa08e26a46433f67194e6eb3ee7824f.json,temporary/scratch,,Raw public scrape/DNS-failure attempt or assembly utility; compact dated public evidence and finalized labels preserve useful findings. Not required to recompute saved metrics.,105704,aafaabedc0dfd7ceac8c8174786c2f8b79370c2115560b63cf39acb7e4a262f9
/workspace/scratch/d427a25ef2a1/evidence/public-observations/de6ae899bcc0142b6017af52720d58f5d589e3b547c5d6be7fb605782ed9aafa.json,temporary/scratch,,Raw public scrape/DNS-failure attempt or assembly utility; compact dated public evidence and finalized labels preserve useful findings. Not required to recompute saved metrics.,50184,fc965c7894a49d18483cf1d1f5d4e31d73845a7164324050d8e7a809ccb77ad2
/workspace/scratch/d427a25ef2a1/evidence/public-observations/df1edb8b8fedb40773c576a0e1625d6e6a79f0280eb95993959d37b4bfb21f7e.json,temporary/scratch,,Raw public scrape/DNS-failure attempt or assembly utility; compact dated public evidence and finalized labels preserve useful findings. Not required to recompute saved metrics.,50708,5ef1d7c92848d74ab00242f42b609496b360557794a29c8344831d777f26c3b8
/workspace/scratch/d427a25ef2a1/evidence/public-observations/dfae82a3f4c28cddf63e56358f8f25129b566764be9bd6fbb09b5ea56b1de2ff.json,temporary/scratch,,Raw public scrape/DNS-failure attempt or assembly utility; compact dated public evidence and finalized labels preserve useful findings. Not required to recompute saved metrics.,52814,08a9f31f4b6cdeb29ac66296a3cab56884725b5395bc581e7729d19f61344bf2
/workspace/scratch/d427a25ef2a1/evidence/public-observations/e02f3afd7de83d18f84eabc7a5738255ca30c5132790cf6c6f53c9e4064dee0b.json,temporary/scratch,,Raw public scrape/DNS-failure attempt or assembly utility; compact dated public evidence and finalized labels preserve useful findings. Not required to recompute saved metrics.,9633,8ddfa086f2f7614ab067ab93b3bda19a527060d24bcdd7f1dce1c427785838b4
/workspace/scratch/d427a25ef2a1/evidence/public-observations/e0e3d35cc393a3be9a4a102ea2373b8cae981b563151f9650abe104767fe394a.json,temporary/scratch,,Raw public scrape/DNS-failure attempt or assembly utility; compact dated public evidence and finalized labels preserve useful findings. Not required to recompute saved metrics.,73570,21697a6e506739efcd66b6b4113a7614f23e2ec189f9a9b485fcfef41a7d93f5
/workspace/scratch/d427a25ef2a1/evidence/public-observations/e10001b106670f9904cf42a60f509ce80ebd183397a89a6ea9e1517fe5b98404.json,temporary/scratch,,Raw public scrape/DNS-failure attempt or assembly utility; compact dated public evidence and finalized labels preserve useful findings. Not required to recompute saved metrics.,57891,e09aaa178afa85a1fc3a7c14ff6615ca931a5f6090f68cdc76c5355ef7e1cdc7
/workspace/scratch/d427a25ef2a1/evidence/public-observations/e122bf009097ffa5e3f920eda6f2cc3697eadfece9e0f5ce27038b3263e4a4dc.json,temporary/scratch,,Raw public scrape/DNS-failure attempt or assembly utility; compact dated public evidence and finalized labels preserve useful findings. Not required to recompute saved metrics.,69882,15c7e782bd1938ff51ef62d8059e162cd287b3241c470d48c29e316a8b8f1124
/workspace/scratch/d427a25ef2a1/evidence/public-observations/e1609c8dff7160982b12cb56e50a0ef7f12049a345c1aa0292cefcf79395c22f.json,temporary/scratch,,Raw public scrape/DNS-failure attempt or assembly utility; compact dated public evidence and finalized labels preserve useful findings. Not required to recompute saved metrics.,47632,b800983dc1504515c6ab26418857312fff4ed0d199541e5963dbe20544feff87
/workspace/scratch/d427a25ef2a1/evidence/public-observations/e24723285d4d33c4d8cff7c1862a56a74355a2bd408649c396ff64017dbbe1c4.json,temporary/scratch,,Raw public scrape/DNS-failure attempt or assembly utility; compact dated public evidence and finalized labels preserve useful findings. Not required to recompute saved metrics.,26857,82b2b047bd51dbbe2cf46d4af7df2ab13a624c687d4663125b14d5513b95de12
/workspace/scratch/d427a25ef2a1/evidence/public-observations/e2c656069dbad2f44fa2105c15a1945c93968330275a289f7eae994c12f6b644.json,temporary/scratch,,Raw public scrape/DNS-failure attempt or assembly utility; compact dated public evidence and finalized labels preserve useful findings. Not required to recompute saved metrics.,38915,0b5d09bde9b8b5e0d5ac7b311e1fddf3af9fea901008a479fdc19af138b74053
/workspace/scratch/d427a25ef2a1/evidence/public-observations/e2cd4bdcd2ed89813fde92baa48bc8a4e0152b3adebf7d95c69a10e4bdd36fc4.json,temporary/scratch,,Raw public scrape/DNS-failure attempt or assembly utility; compact dated public evidence and finalized labels preserve useful findings. Not required to recompute saved metrics.,62218,60515a1caa5f07a364be8d354c899374020844c2e0114c33925f7791a8fe8e4c
/workspace/scratch/d427a25ef2a1/evidence/public-observations/e4ffd3787ad7814d36e55863920daa978e6051e1efa3772e1b64be76f76f9f5f.json,temporary/scratch,,Raw public scrape/DNS-failure attempt or assembly utility; compact dated public evidence and finalized labels preserve useful findings. Not required to recompute saved metrics.,1516,5cb0ac1235ea59cef6aad3c206418d97811e141b589f369d1eb775a49195b2fc
/workspace/scratch/d427a25ef2a1/evidence/public-observations/e52ccaed47d8925b3951913f40051ac7a80174c8a046bed3eea56f5816cb0ded.json,temporary/scratch,,Raw public scrape/DNS-failure attempt or assembly utility; compact dated public evidence and finalized labels preserve useful findings. Not required to recompute saved metrics.,70407,6443a6d35322ab29f33ab3e6a53cc2e868bee8e4bda11f986cbd3d114162b03e
/workspace/scratch/d427a25ef2a1/evidence/public-observations/e5582aa321a5e1f8d6d6eba8f40a50046442ceebf9d09201ad683e6e20a79611.json,temporary/scratch,,Raw public scrape/DNS-failure attempt or assembly utility; compact dated public evidence and finalized labels preserve useful findings. Not required to recompute saved metrics.,60762,72997e6c9fa488dca2d7bfcbe915dbc326dd2da7c31937ceb5586819da5688d8
/workspace/scratch/d427a25ef2a1/evidence/public-observations/e7942de82f5876b557f69124661cfe01778314a5bd147290b8d6d4792c59e4e8.json,temporary/scratch,,Raw public scrape/DNS-failure attempt or assembly utility; compact dated public evidence and finalized labels preserve useful findings. Not required to recompute saved metrics.,19357,f5262821590f3ca508582c0aad5737862b541ffb0829ed627ecc7ad5d4905f5c
/workspace/scratch/d427a25ef2a1/evidence/public-observations/e833c0d3e750fc16f279b16c149176cfd4915152b130b2477b2720313a65a2f6.json,temporary/scratch,,Raw public scrape/DNS-failure attempt or assembly utility; compact dated public evidence and finalized labels preserve useful findings. Not required to recompute saved metrics.,1998,cd96bbeefc0b094251841c40f93616552237fa859b3d26ff9def9626135b5f7e
/workspace/scratch/d427a25ef2a1/evidence/public-observations/e9ead1e60f32df3f012dfbb9eb06200704e66c7e7bb3435c0949684d43f08aa1.json,temporary/scratch,,Raw public scrape/DNS-failure attempt or assembly utility; compact dated public evidence and finalized labels preserve useful findings. Not required to recompute saved metrics.,7053,d259999b2943ac75907d7f1124dd6a26a0f48c2e7754ba4f2d65c8a5af8775e2
/workspace/scratch/d427a25ef2a1/evidence/public-observations/ee1989975294b109928e430b8449e3036dc5ae9d9467ebda271bc24140b25ea5.json,temporary/scratch,,Raw public scrape/DNS-failure attempt or assembly utility; compact dated public evidence and finalized labels preserve useful findings. Not required to recompute saved metrics.,66164,73e7890dae4cf054892509edb43164b88b835c64034fd87478b1c6e3aa59324b
/workspace/scratch/d427a25ef2a1/evidence/public-observations/eea80c36aaf34d6fcab07b0ea374b03739ca378917ec9d051f877c8415bb56d6.json,temporary/scratch,,Raw public scrape/DNS-failure attempt or assembly utility; compact dated public evidence and finalized labels preserve useful findings. Not required to recompute saved metrics.,63072,7b541556ca15e1197868b7c02a576594ac97aaec16da5bbddc58b374075207ea
/workspace/scratch/d427a25ef2a1/evidence/public-observations/eed4900660ca50e5b50c3342cae9610463a7f140d183660506f97a8fff0b16ce.json,temporary/scratch,,Raw public scrape/DNS-failure attempt or assembly utility; compact dated public evidence and finalized labels preserve useful findings. Not required to recompute saved metrics.,110741,5aa1c22ede5bc3bbc8019391c54b21b42fe4fe3cfffc5d388422a2011b8ee61c
/workspace/scratch/d427a25ef2a1/evidence/public-observations/efc5ab003354829c40e955d97dcf022bfe80637f483c771ba860dbe1b30e718d.json,temporary/scratch,,Raw public scrape/DNS-failure attempt or assembly utility; compact dated public evidence and finalized labels preserve useful findings. Not required to recompute saved metrics.,44223,1954ff7dbaa51e8428e4bba1c49510fed449dbd561a1984644df8daf4c215dae
/workspace/scratch/d427a25ef2a1/evidence/public-observations/f0843eff9a82bcbf54a703fddeb712fd12b9cd2357974e295006917f3fc4d664.json,temporary/scratch,,Raw public scrape/DNS-failure attempt or assembly utility; compact dated public evidence and finalized labels preserve useful findings. Not required to recompute saved metrics.,330523,68b554ebac621f6e3f9458fc2a44c40a2473870a312944b31cf71738a5f2fe7b
/workspace/scratch/d427a25ef2a1/evidence/public-observations/f0abbf8a4899fdcdae5f856b8fa48d2108402e9bb53ac2b50973101a4ff0d8ca.json,temporary/scratch,,Raw public scrape/DNS-failure attempt or assembly utility; compact dated public evidence and finalized labels preserve useful findings. Not required to recompute saved metrics.,56689,b0cccbbda2703fed7618c2840a62faf7924e588c6e1120cb6aae4e25a560d1b0
/workspace/scratch/d427a25ef2a1/evidence/public-observations/f17e0782bf5b08b0dc4ca61bf9d73c04213d407ed16c04edd26a64534ed5b70f.json,temporary/scratch,,Raw public scrape/DNS-failure attempt or assembly utility; compact dated public evidence and finalized labels preserve useful findings. Not required to recompute saved metrics.,69058,5061ddd18c3eb9d124b701d745ec585d925feecf45e36558c06cafe4a0f23897
/workspace/scratch/d427a25ef2a1/evidence/public-observations/f18cbca2feb09659e08cee9bbba6e2f55c49ac793b998f9b1ca45717c09ba4fb.json,temporary/scratch,,Raw public scrape/DNS-failure attempt or assembly utility; compact dated public evidence and finalized labels preserve useful findings. Not required to recompute saved metrics.,57655,dff028f1793535e5f63eab7743ebdc12707ae5abbfcdbe722fc05ace330f687d
/workspace/scratch/d427a25ef2a1/evidence/public-observations/f1a1c9382745a05d8c59fa9cbfc1978a1943ce0434d5371ad914d2324ab3f399.json,temporary/scratch,,Raw public scrape/DNS-failure attempt or assembly utility; compact dated public evidence and finalized labels preserve useful findings. Not required to recompute saved metrics.,45738,4c1265ae3524cc0d836a9ebb9f437d7f4393230db65e9b341971e9b0548422d4
/workspace/scratch/d427a25ef2a1/evidence/public-observations/f20e6f884fd67a4781a5089c98e4de073116f5e10c841cefbe1005adb1d1c23d.json,temporary/scratch,,Raw public scrape/DNS-failure attempt or assembly utility; compact dated public evidence and finalized labels preserve useful findings. Not required to recompute saved metrics.,111976,551a93613f834777c824b2c8d55d091ee68948d26252ef5140874bfc08a62164
/workspace/scratch/d427a25ef2a1/evidence/public-observations/f229bf2d456405423671ee8054155b802c15158a61f35bf77d4d71865dab2c7d.json,temporary/scratch,,Raw public scrape/DNS-failure attempt or assembly utility; compact dated public evidence and finalized labels preserve useful findings. Not required to recompute saved metrics.,85354,1d62f15a6fcfd8fa2f4088355dbbd055e8d4cc51cd2cc94d54a72c169861cae0
/workspace/scratch/d427a25ef2a1/evidence/public-observations/f27eec455b65fb91b4036bf0f0797ebde380493adf78313c6d8a668485eb3f9e.json,temporary/scratch,,Raw public scrape/DNS-failure attempt or assembly utility; compact dated public evidence and finalized labels preserve useful findings. Not required to recompute saved metrics.,44735,67f5b0b17b16120abe75c939e042d670dd6e922e8fdf26037b6357bef01765a6
/workspace/scratch/d427a25ef2a1/evidence/public-observations/f32400dc165d1e717a858d4aec2401d58ded875c70d161714df30845a08f7cdb.json,temporary/scratch,,Raw public scrape/DNS-failure attempt or assembly utility; compact dated public evidence and finalized labels preserve useful findings. Not required to recompute saved metrics.,53471,840a9509ca26ac6011832cf4295bf3634b0a1396523babff55c610c3eb61dbfb
/workspace/scratch/d427a25ef2a1/evidence/public-observations/f3d374be72fea01913e1062dbe262ed7a97b5756dbbb344466f9d46b044f24fd.json,temporary/scratch,,Raw public scrape/DNS-failure attempt or assembly utility; compact dated public evidence and finalized labels preserve useful findings. Not required to recompute saved metrics.,77254,42c1c38dd2e82937558c9f51cb0d8e81e488ed754e6b758f2b34a7c73f7ca112
/workspace/scratch/d427a25ef2a1/evidence/public-observations/f5357a79aa0f43535558de323b06d808a43a9a08d5bc90bba3281b86f7d00771.json,temporary/scratch,,Raw public scrape/DNS-failure attempt or assembly utility; compact dated public evidence and finalized labels preserve useful findings. Not required to recompute saved metrics.,81935,711038ca0066bffecdb5ef11c553f934b1bef443ce78cef30ee1bf225adfc532
/workspace/scratch/d427a25ef2a1/evidence/public-observations/f58ae57fb3460f7ca24d655bc2ed5d275bbbf4089132ed838960566aee61cd73.json,temporary/scratch,,Raw public scrape/DNS-failure attempt or assembly utility; compact dated public evidence and finalized labels preserve useful findings. Not required to recompute saved metrics.,71405,48e2b06d697b14c8bfe26c50b0fcd94d4d39afb4a9a8fca13d08972b0df095f5
/workspace/scratch/d427a25ef2a1/evidence/public-observations/f5d7b910cebd88fcee6d6ad06e8fdf4d3c000fa645c5cf3d37d6c127b41fe556.json,temporary/scratch,,Raw public scrape/DNS-failure attempt or assembly utility; compact dated public evidence and finalized labels preserve useful findings. Not required to recompute saved metrics.,1336,bebff2599c2b17944e3658b2d79f6901b90b9183b9dcd49a702aa3794f32b2b5
/workspace/scratch/d427a25ef2a1/evidence/public-observations/f6ff9069f59e4cb478b1447635a251caa622514e15e511afd5b4f4fba236f784.json,temporary/scratch,,Raw public scrape/DNS-failure attempt or assembly utility; compact dated public evidence and finalized labels preserve useful findings. Not required to recompute saved metrics.,46279,1be9c964df93bb787175cd291ce8383b5f2a1af6b115d5bae040ab1f8c16ef38
/workspace/scratch/d427a25ef2a1/evidence/public-observations/f83fc9d2e1d409c9e6a6c63687213bcf2869d46aec4b1bfa29f307e02faa3899.json,temporary/scratch,,Raw public scrape/DNS-failure attempt or assembly utility; compact dated public evidence and finalized labels preserve useful findings. Not required to recompute saved metrics.,44482,997854f781b4835816a606250a7d344d2ead0164a84e5c6eb26721ce6c2ca606
/workspace/scratch/d427a25ef2a1/evidence/public-observations/f8c5a2993373503b156e8254ccc770902881a9aaba26edc29aa9a91ec0038f2a.json,temporary/scratch,,Raw public scrape/DNS-failure attempt or assembly utility; compact dated public evidence and finalized labels preserve useful findings. Not required to recompute saved metrics.,2447,45ef0e16990edf09139a78aac17a29873114cec101eb3a45ee47316fe455c1f5
/workspace/scratch/d427a25ef2a1/evidence/public-observations/f93f0d3d1f03b55ac2281a20a2a5ef0c9ddc26820866831270809479dfe150ec.json,temporary/scratch,,Raw public scrape/DNS-failure attempt or assembly utility; compact dated public evidence and finalized labels preserve useful findings. Not required to recompute saved metrics.,34219,09cdca3d24b000105bcc4a3f6b089237549bd53b065bcf7044a19ce549d066db
/workspace/scratch/d427a25ef2a1/evidence/public-observations/f9c30ce6b31f3c59e759142b0314f21984186de9b17903cbaf63a6b33cbbdfaa.json,temporary/scratch,,Raw public scrape/DNS-failure attempt or assembly utility; compact dated public evidence and finalized labels preserve useful findings. Not required to recompute saved metrics.,42436,4eb2569a92de830266422af285744fe155eeb70994357bec914876b6cab6c861
/workspace/scratch/d427a25ef2a1/evidence/public-observations/fa0a1b7ea14660d5dfc9b04ccb3c363ad1184d0ee9184e8b44f96fce9ecbd666.json,temporary/scratch,,Raw public scrape/DNS-failure attempt or assembly utility; compact dated public evidence and finalized labels preserve useful findings. Not required to recompute saved metrics.,58760,09491c28cbc5d26f8aef6140499994e9a0a64dc7961455affc6272a9bdb9e0ab
/workspace/scratch/d427a25ef2a1/evidence/public-observations/fa8b65b45dd6f8d50bde67c158adebf3cd6ff6b0f22c64250d45cc1480f867d4.json,temporary/scratch,,Raw public scrape/DNS-failure attempt or assembly utility; compact dated public evidence and finalized labels preserve useful findings. Not required to recompute saved metrics.,42989,67e3f88ea61fada1d08bbd46a841543a528f04242887f71974e34a3e6909239e
/workspace/scratch/d427a25ef2a1/evidence/public-observations/fbad6d33c4d6fc79a79989f9a49c5df6123e7aa581067450f9875a961254c214.json,temporary/scratch,,Raw public scrape/DNS-failure attempt or assembly utility; compact dated public evidence and finalized labels preserve useful findings. Not required to recompute saved metrics.,33710,ff14fcac1d41599ed91acc2a0691636158c9a4ffd9cafd61b28a38eabd2cded8
/workspace/scratch/d427a25ef2a1/evidence/public-observations/fbcb12814a3c308564f2789a50c7f1161012c5629c060365276ce64cb8a15df3.json,temporary/scratch,,Raw public scrape/DNS-failure attempt or assembly utility; compact dated public evidence and finalized labels preserve useful findings. Not required to recompute saved metrics.,30180,07a83f83773b99497afff5291b102a242994d23d253b60f9b3c84f49abf56bf6
/workspace/scratch/d427a25ef2a1/evidence/public-observations/fcab7f36b149f6954f53a777aba385c6664438fe9cc9946335db50a21471cffd.json,temporary/scratch,,Raw public scrape/DNS-failure attempt or assembly utility; compact dated public evidence and finalized labels preserve useful findings. Not required to recompute saved metrics.,34188,ac57e065e8826672b994fa82a8369ef5bf83322ed72ae5ad52a71f9c140cd32c
/workspace/scratch/d427a25ef2a1/evidence/public-observations/fe11b0adb66f6e3e8cd70f23ab099c1fcdbc526f71fc15baf7994c01a3861f3b.json,temporary/scratch,,Raw public scrape/DNS-failure attempt or assembly utility; compact dated public evidence and finalized labels preserve useful findings. Not required to recompute saved metrics.,17761,807dfbf4af06d6239de7d7cc0af9062ac52b3c711623cdf29da18dfb4aa2e225
/workspace/scratch/d427a25ef2a1/evidence/public-observations/feb63b6f30031771a0d1ae6484acedff68b93e9cb52d30a752257aca9afa949e.json,temporary/scratch,,Raw public scrape/DNS-failure attempt or assembly utility; compact dated public evidence and finalized labels preserve useful findings. Not required to recompute saved metrics.,48798,6edeca24c623190971b6fd9e4513e037188f030f000862b1e855d9b062a25fc1
/workspace/scratch/d427a25ef2a1/evidence/public-observations/fec636a4775010cffca6d53d60d32bc5aa8d21927b8933e554cbec43cc6a4177.json,temporary/scratch,,Raw public scrape/DNS-failure attempt or assembly utility; compact dated public evidence and finalized labels preserve useful findings. Not required to recompute saved metrics.,50039,770c35161a516988bb18ec6f8e9a3e9b1055824610a9f8d543c9f59eec08c12b
/workspace/scratch/d427a25ef2a1/evidence/public-observations/ff179cdef3f4375092730276381ee4bbd2946979c114aaa379f215f1adbf8b4d.json,temporary/scratch,,Raw public scrape/DNS-failure attempt or assembly utility; compact dated public evidence and finalized labels preserve useful findings. Not required to recompute saved metrics.,37321,e4ba588879dda70fbedd45854f1d2ed52252b91cd67f97843a7d56d60aa4117f
/workspace/scratch/d427a25ef2a1/evidence/public-observations/ffef7d3ea1f5009a4a3c24732c194706ad9f5dea733f4be41d54d34bbbe24d03.json,temporary/scratch,,Raw public scrape/DNS-failure attempt or assembly utility; compact dated public evidence and finalized labels preserve useful findings. Not required to recompute saved metrics.,75399,3728436b5c730404211356cbfa0fef61d885bc1509050d487aaed50e87eb8b45
/workspace/scratch/d427a25ef2a1/evidence/supplemental-observations/02d76380d1a7c4975dd084a2f5d3c0c509f9de4b3cb9f45999c4c5fb4029ed5a.json,temporary/scratch,,Raw public scrape/DNS-failure attempt or assembly utility; compact dated public evidence and finalized labels preserve useful findings. Not required to recompute saved metrics.,471,da3b43503dd5337bb44fb1ae47b1d39dafe0fd4aa0ee830dccc2b435dbb85618
/workspace/scratch/d427a25ef2a1/evidence/supplemental-observations/0415c1a3be4823e8400740bc9acade98692d3a6bda17b341890ec67006be1f3c.json,temporary/scratch,,Raw public scrape/DNS-failure attempt or assembly utility; compact dated public evidence and finalized labels preserve useful findings. Not required to recompute saved metrics.,28118,f99f4370951c1423a5451636f3da23d3fcb13e53fb8a8abaecabf65e6458e1e2
/workspace/scratch/d427a25ef2a1/evidence/supplemental-observations/042cc1e235de942b2b5993ea0dad7bdffabb4c0395b37de23466bfcc03c370b7.json,temporary/scratch,,Raw public scrape/DNS-failure attempt or assembly utility; compact dated public evidence and finalized labels preserve useful findings. Not required to recompute saved metrics.,44458,71fb0b62543261e6f8fc880f950d38608b3caaba1c007f20c391c86fe798751d
/workspace/scratch/d427a25ef2a1/evidence/supplemental-observations/07f237e6a821769017cbeeb72f389ee36fb41c61f353853904c123ac316571d4.json,temporary/scratch,,Raw public scrape/DNS-failure attempt or assembly utility; compact dated public evidence and finalized labels preserve useful findings. Not required to recompute saved metrics.,91439,45e82a2b7783266cbd8e20fce30992e68282a327268663eac1dc5e8366802aef
/workspace/scratch/d427a25ef2a1/evidence/supplemental-observations/08c9341b7bf68428e234acafe32be356eee03d7c2b375f9621c99c33b43aca9d.json,temporary/scratch,,Raw public scrape/DNS-failure attempt or assembly utility; compact dated public evidence and finalized labels preserve useful findings. Not required to recompute saved metrics.,49135,312f2d8353d31145a2227118bc1b42a42e579c0240fb31a76a7d95d34fe00c0d
/workspace/scratch/d427a25ef2a1/evidence/supplemental-observations/09e23de41ae2db1effc1ebfc62f24128666ff3e17f6f6f05bd0b656aa1808d87.json,temporary/scratch,,Raw public scrape/DNS-failure attempt or assembly utility; compact dated public evidence and finalized labels preserve useful findings. Not required to recompute saved metrics.,46765,d16b76333e1c53a062157ab655119cc142ca45706815891b6bc9630d51a0e01e
/workspace/scratch/d427a25ef2a1/evidence/supplemental-observations/0a09348f624c96147d2307ced3d10c49a16f2c22207b13d26f6e1328cf064b6b.json,temporary/scratch,,Raw public scrape/DNS-failure attempt or assembly utility; compact dated public evidence and finalized labels preserve useful findings. Not required to recompute saved metrics.,49347,c54a502af82a6b58285c4819c8a4cbe3f2ea94a04ed010e97901f91e5789e9b8
/workspace/scratch/d427a25ef2a1/evidence/supplemental-observations/0d262815851a895604645719aff1bcd2e97d70331595243ddcbd94681d78990d.json,temporary/scratch,,Raw public scrape/DNS-failure attempt or assembly utility; compact dated public evidence and finalized labels preserve useful findings. Not required to recompute saved metrics.,30633,fb59f202959c04913648aaa70bd45cf02d8a6d28303f5f91f330fa161c6c9d7b
/workspace/scratch/d427a25ef2a1/evidence/supplemental-observations/0d64e75936beff725faafdab63f75ed1abc528381b5529c32ea489e3318f530c.json,temporary/scratch,,Raw public scrape/DNS-failure attempt or assembly utility; compact dated public evidence and finalized labels preserve useful findings. Not required to recompute saved metrics.,13404,2cea531f8a66904fabd273f4ea365e4c85a9889746d57e10a9248f03e8e075d5
/workspace/scratch/d427a25ef2a1/evidence/supplemental-observations/10c3fb21284fb3876b081cd00cba895bf224bcf820f7b8ace43111c7539582ac.json,temporary/scratch,,Raw public scrape/DNS-failure attempt or assembly utility; compact dated public evidence and finalized labels preserve useful findings. Not required to recompute saved metrics.,25386,3c1bdfb0924bab3bdc0778d00031b5a196c878ebf1b3fd9d1a59e8a060d45c31
/workspace/scratch/d427a25ef2a1/evidence/supplemental-observations/10c6ed09f79b02e09db8d80cbfe16f3e672e74bae7a4f66ac4a2457b7f571219.json,temporary/scratch,,Raw public scrape/DNS-failure attempt or assembly utility; compact dated public evidence and finalized labels preserve useful findings. Not required to recompute saved metrics.,49219,5ded3a48863da0369b6404352c12ce9b4d2ba76f0170b05294fb18df27c42a90
/workspace/scratch/d427a25ef2a1/evidence/supplemental-observations/1304cf4a854826e0b99caf195b1820cda445315813f7040740157b4dc46bff70.json,temporary/scratch,,Raw public scrape/DNS-failure attempt or assembly utility; compact dated public evidence and finalized labels preserve useful findings. Not required to recompute saved metrics.,47555,fdf21075db36aa51a45e91de78a62088c90d4806bcf8bd00067015a2c4e35a1d
/workspace/scratch/d427a25ef2a1/evidence/supplemental-observations/13aceda30448c824ea636c501652b19750b4d2b47fa871fd205d68221a38a012.json,temporary/scratch,,Raw public scrape/DNS-failure attempt or assembly utility; compact dated public evidence and finalized labels preserve useful findings. Not required to recompute saved metrics.,49660,846c4d0397e6631234dbac6928e6a678d92104b3938f43f7d7531def69fb8e7e
/workspace/scratch/d427a25ef2a1/evidence/supplemental-observations/140ee7e2451f7b40183e4a133b440b7e2ac4f17df52a632bcac80c92a7ff23c7.json,temporary/scratch,,Raw public scrape/DNS-failure attempt or assembly utility; compact dated public evidence and finalized labels preserve useful findings. Not required to recompute saved metrics.,469,428895c657101da982a51ab4af5e24b1c0685e1d2e4fa8f77f81c256d2e641d9
/workspace/scratch/d427a25ef2a1/evidence/supplemental-observations/174d049c47122b5c4647c63ed787d677df228e5f070418c09edcab86b3713f85.json,temporary/scratch,,Raw public scrape/DNS-failure attempt or assembly utility; compact dated public evidence and finalized labels preserve useful findings. Not required to recompute saved metrics.,10236,b29c8b938b536cdd4cc0cc51f4c6c886282fc067fc11834a0ec10fd0b4ab1faa
/workspace/scratch/d427a25ef2a1/evidence/supplemental-observations/177cbe6fed59efbd7b1bae1cfc0caa31e3ed1f3a44f44a6b8c19125c15f2a13b.json,temporary/scratch,,Raw public scrape/DNS-failure attempt or assembly utility; compact dated public evidence and finalized labels preserve useful findings. Not required to recompute saved metrics.,72979,d217d00070ec58b503f6ae0d64b3834ecc86011fdb4387a9b90c9eb061712ef2
/workspace/scratch/d427a25ef2a1/evidence/supplemental-observations/17af40afe4249e1394fc9ecb71c78147839392727179ad11e8bc937d8e1845de.json,temporary/scratch,,Raw public scrape/DNS-failure attempt or assembly utility; compact dated public evidence and finalized labels preserve useful findings. Not required to recompute saved metrics.,83984,6f7a875caf0b6c9fa91c7db95f19c4a8f5cd1c7d956e64c71d3eb045681b85a1
/workspace/scratch/d427a25ef2a1/evidence/supplemental-observations/1a271d22b67b6ad411c1a04a02e58528ab3be6ed3d6cb2ebdbd2fca25fc739d7.json,temporary/scratch,,Raw public scrape/DNS-failure attempt or assembly utility; compact dated public evidence and finalized labels preserve useful findings. Not required to recompute saved metrics.,42688,b7a1ccd4e6c804d3be4b63ad8a6fc347f875c5f739660b528a6bf3ea7165d3bb
/workspace/scratch/d427a25ef2a1/evidence/supplemental-observations/1a8af490e1c2f762c63317de1cac393cc99c517df50355f1f939a48e914263ae.json,temporary/scratch,,Raw public scrape/DNS-failure attempt or assembly utility; compact dated public evidence and finalized labels preserve useful findings. Not required to recompute saved metrics.,72111,be73ccce4b67a5191d09574fd3477c984c7556c0fa85b772ae536eb5375ec080
/workspace/scratch/d427a25ef2a1/evidence/supplemental-observations/1ab9e61837e5c81b8b1c6535707189cbdacfde6691d81e119064ef527c8cbe0f.json,temporary/scratch,,Raw public scrape/DNS-failure attempt or assembly utility; compact dated public evidence and finalized labels preserve useful findings. Not required to recompute saved metrics.,7725,db270e9e710311acf048cd3c11cd6ce2683dec02c31a73668d7dd5f120b468cb
/workspace/scratch/d427a25ef2a1/evidence/supplemental-observations/1bea7bc879967ef34166bf77aab014e395fd06cd9922aa2c7c0cb46067d02f34.json,temporary/scratch,,Raw public scrape/DNS-failure attempt or assembly utility; compact dated public evidence and finalized labels preserve useful findings. Not required to recompute saved metrics.,79806,2e49c0a58b22febc8fe546bb7f9b4fa12bee50a000db99399fb78ad68b1c108a
/workspace/scratch/d427a25ef2a1/evidence/supplemental-observations/1cee9fe2e99a14d75e4872eeb188e55e887a170b65c858cedd6907f9423e6456.json,temporary/scratch,,Raw public scrape/DNS-failure attempt or assembly utility; compact dated public evidence and finalized labels preserve useful findings. Not required to recompute saved metrics.,1954,66e44e2a5103829f59499eebc15c7e0bf71767abcd49945c1e8ab830b5adb710
/workspace/scratch/d427a25ef2a1/evidence/supplemental-observations/1dff56bd1b6b15df87aca162f4e7e1f6d8a6f878c486658864b540a2cf301740.json,temporary/scratch,,Raw public scrape/DNS-failure attempt or assembly utility; compact dated public evidence and finalized labels preserve useful findings. Not required to recompute saved metrics.,43637,78f05b5ffa175e5ad561dcfe6d323a6a93c8f53b0f338b1f5d08532bea3890f9
/workspace/scratch/d427a25ef2a1/evidence/supplemental-observations/1f5c03cfd44ef71002020e57c672e0400ce9c24845f65247a60e8ac66c37ae10.json,temporary/scratch,,Raw public scrape/DNS-failure attempt or assembly utility; compact dated public evidence and finalized labels preserve useful findings. Not required to recompute saved metrics.,48352,7f104fa078487d89bd194fff7da9ba7d8cd5849016989dd35c5a2cb4c809516f
/workspace/scratch/d427a25ef2a1/evidence/supplemental-observations/1fc52206f8d492631dbcc278af2d6175706759b69320e864997503d4c2af8fdf.json,temporary/scratch,,Raw public scrape/DNS-failure attempt or assembly utility; compact dated public evidence and finalized labels preserve useful findings. Not required to recompute saved metrics.,44887,e6ed8987038e3bcaf1c8800ce15ed37d64faf829513066e164431c5e93ee20d9
/workspace/scratch/d427a25ef2a1/evidence/supplemental-observations/204678ccbc43e8950f4937a177b9f2f961834dc2c4ec7ce8ec5cf1a10f7fb11e.json,temporary/scratch,,Raw public scrape/DNS-failure attempt or assembly utility; compact dated public evidence and finalized labels preserve useful findings. Not required to recompute saved metrics.,1726,d1447854f53a212c27df3ef37add7a4ec9668a9d3d1a8994f28ecf17fe770ce7
/workspace/scratch/d427a25ef2a1/evidence/supplemental-observations/21397be481b3e119f44796c58257be628a4af62f5653464f12a03b3d45bbeea8.json,temporary/scratch,,Raw public scrape/DNS-failure attempt or assembly utility; compact dated public evidence and finalized labels preserve useful findings. Not required to recompute saved metrics.,64027,8f91af0c4f14d1e94393578790e3c0b3e8128fdcaccf608b00854dddbd1ac502
/workspace/scratch/d427a25ef2a1/evidence/supplemental-observations/2342e44831f3ccc8a0b357f2f6bf52b05a58864525e9ecaaf0bc2bf648e6901d.json,temporary/scratch,,Raw public scrape/DNS-failure attempt or assembly utility; compact dated public evidence and finalized labels preserve useful findings. Not required to recompute saved metrics.,76674,c3e331ca7f8a8b803ab41ed9c1c5a7a8f75192d34d930fd939f893d54fd58204
/workspace/scratch/d427a25ef2a1/evidence/supplemental-observations/2541c6eed968a334e76d5505482358031b7ba26ce8f8697ebddf01fa4e9a801b.json,temporary/scratch,,Raw public scrape/DNS-failure attempt or assembly utility; compact dated public evidence and finalized labels preserve useful findings. Not required to recompute saved metrics.,42137,2747a45e2673a3c3f6a2ebf636050ad5461a5e562527750aa9b03df87a71317e
/workspace/scratch/d427a25ef2a1/evidence/supplemental-observations/2662714c0ed077881590ed596c692671991ec62ff1dc96f0e2841dec59bb1e6b.json,temporary/scratch,,Raw public scrape/DNS-failure attempt or assembly utility; compact dated public evidence and finalized labels preserve useful findings. Not required to recompute saved metrics.,5970,c5ab94da6ab0a722eb78b546db1ceaa72b0f76d794dceb92741e91802cace635
/workspace/scratch/d427a25ef2a1/evidence/supplemental-observations/2795a0cbb097b22729343abac29885a21698c9505e58c6109f867e9c8134f0a4.json,temporary/scratch,,Raw public scrape/DNS-failure attempt or assembly utility; compact dated public evidence and finalized labels preserve useful findings. Not required to recompute saved metrics.,93224,e6b04bd5f35584008a93e667dd1a4954d56b5fdaba76b351911b371d8c6a2ff3
/workspace/scratch/d427a25ef2a1/evidence/supplemental-observations/281602ccc75a985d0d330330af8e0009e29998150ab2b50da5e2bd6ad086a0bf.json,temporary/scratch,,Raw public scrape/DNS-failure attempt or assembly utility; compact dated public evidence and finalized labels preserve useful findings. Not required to recompute saved metrics.,118716,8a7cd6e08ee14faf7007ca69c10aac40b60009861603f70df0aa759bffa1ff7f
/workspace/scratch/d427a25ef2a1/evidence/supplemental-observations/2834bf49b240cc8d80d0edd466b0f1367cd0b21925670dea605d643a0fb72e6a.json,temporary/scratch,,Raw public scrape/DNS-failure attempt or assembly utility; compact dated public evidence and finalized labels preserve useful findings. Not required to recompute saved metrics.,46444,4d78c94c0765e273bb72091d01c6e2f9210addae30da2c072a91f86a58f261eb
/workspace/scratch/d427a25ef2a1/evidence/supplemental-observations/28611ab20b8e388b021948750a6f6a2ba2135d8e7f6573d500681ee22e054031.json,temporary/scratch,,Raw public scrape/DNS-failure attempt or assembly utility; compact dated public evidence and finalized labels preserve useful findings. Not required to recompute saved metrics.,95075,9b6c295a6d05dca637a90d065ab674b8aeadabdee86f21f5de0631723c355cf6
/workspace/scratch/d427a25ef2a1/evidence/supplemental-observations/2b314ef323fe95df81f6490aedb916c2fae012127928f2692fb2090ed35b5338.json,temporary/scratch,,Raw public scrape/DNS-failure attempt or assembly utility; compact dated public evidence and finalized labels preserve useful findings. Not required to recompute saved metrics.,90895,265f7f0c798278b8fa3d047feee42b72c6c1b6c086e566a00595280acb4ce7b5
/workspace/scratch/d427a25ef2a1/evidence/supplemental-observations/2c844b0d859bbdf78289a1fb27d45b3f188f73144ee545cd9979b24d8edea0a8.json,temporary/scratch,,Raw public scrape/DNS-failure attempt or assembly utility; compact dated public evidence and finalized labels preserve useful findings. Not required to recompute saved metrics.,7837,145560252994782ed262854c21a66b12820479b50e1a6b03fc28007801d5cd77
/workspace/scratch/d427a25ef2a1/evidence/supplemental-observations/31e37962a66b49d8e5a1274a5451cfed32cd9c391f32d67b0993b3398a14815e.json,temporary/scratch,,Raw public scrape/DNS-failure attempt or assembly utility; compact dated public evidence and finalized labels preserve useful findings. Not required to recompute saved metrics.,56983,9be5fcc6226bade1ceb1032bab5be22f824367577a691cbb92afdc4c60ac7deb
/workspace/scratch/d427a25ef2a1/evidence/supplemental-observations/32a5be25cf190b22de396dbf854dd36347b2be3ce59b8a40329788597e7c242a.json,temporary/scratch,,Raw public scrape/DNS-failure attempt or assembly utility; compact dated public evidence and finalized labels preserve useful findings. Not required to recompute saved metrics.,77038,d04cd18c79523d8d596a69a90890e9b7f49fc1fdba9cc429dcd0dd35a7b88860
/workspace/scratch/d427a25ef2a1/evidence/supplemental-observations/32b817ccf9bc24a98691accf0485695da3c3c4e1417972936ccd9266249c4315.json,temporary/scratch,,Raw public scrape/DNS-failure attempt or assembly utility; compact dated public evidence and finalized labels preserve useful findings. Not required to recompute saved metrics.,99408,fbfa1a76b16af91e73b6c850d1cdc73fb7e47ba6bdde4d9560cacf526b541fc7
/workspace/scratch/d427a25ef2a1/evidence/supplemental-observations/338c210ef5351c2fc7c86d6374378634d1a68524d2dad36d1eba507316ee4b71.json,temporary/scratch,,Raw public scrape/DNS-failure attempt or assembly utility; compact dated public evidence and finalized labels preserve useful findings. Not required to recompute saved metrics.,37805,072ab171ddbac6637894f0949e13119f5941f682404275efd12b5e637bccb407
/workspace/scratch/d427a25ef2a1/evidence/supplemental-observations/3455897a8896d9210109b607cbfa99bd60962fdbe5b6b85e077bb6fb1a722bb8.json,temporary/scratch,,Raw public scrape/DNS-failure attempt or assembly utility; compact dated public evidence and finalized labels preserve useful findings. Not required to recompute saved metrics.,89261,167c7024c3275fbdc0586c1f022bf874d5a0905e1791d2fb54c9d10800a8c24a
/workspace/scratch/d427a25ef2a1/evidence/supplemental-observations/3792de491b87b0621484be20b532511e1508a24bbd0817905742427a13da54b8.json,temporary/scratch,,Raw public scrape/DNS-failure attempt or assembly utility; compact dated public evidence and finalized labels preserve useful findings. Not required to recompute saved metrics.,40625,0fdc1e5010c663a1c172c1612341af0dee1a6fc7f88d29a926ddf0e2e7ecc26c
/workspace/scratch/d427a25ef2a1/evidence/supplemental-observations/38b26bb7a436bf7200cdabc283db8d0f67a8975d1c7926c44a0384e27bd3ff62.json,temporary/scratch,,Raw public scrape/DNS-failure attempt or assembly utility; compact dated public evidence and finalized labels preserve useful findings. Not required to recompute saved metrics.,32728,137970348e0557ada77668e22c5f485fc231640c33ea1e8b1e985504716d290a
/workspace/scratch/d427a25ef2a1/evidence/supplemental-observations/399e7738766cbcd43d396daff8ae921e40a830985e88a9bbb13cc6ee661bc1c9.json,temporary/scratch,,Raw public scrape/DNS-failure attempt or assembly utility; compact dated public evidence and finalized labels preserve useful findings. Not required to recompute saved metrics.,83834,0a0444b8cbead43d615bcb3368804c597a93d4b7ea63bbfdab4dfb42d75cd4ed
/workspace/scratch/d427a25ef2a1/evidence/supplemental-observations/3c4cffefd0ea6b36db04c82dd16c7082662b4ec0dbde058e684ee580c38d3e33.json,temporary/scratch,,Raw public scrape/DNS-failure attempt or assembly utility; compact dated public evidence and finalized labels preserve useful findings. Not required to recompute saved metrics.,62231,28885e48a86f84c51fa073a4329a80f193a4c0aba13037dd452bac9cccf13a68
/workspace/scratch/d427a25ef2a1/evidence/supplemental-observations/3dad50f57c5ed42868ad243224828f7e313eb59bffb09108b39fe861733b3383.json,temporary/scratch,,Raw public scrape/DNS-failure attempt or assembly utility; compact dated public evidence and finalized labels preserve useful findings. Not required to recompute saved metrics.,120804,3661e9ff241d1e0da4e5deaa93d21f2633b1420d5d1a964486d465f392f77716
/workspace/scratch/d427a25ef2a1/evidence/supplemental-observations/3e675efe88eca7a4c629675ce90a0395bea3ff5e776a9c022d37fd86d1a8a5fc.json,temporary/scratch,,Raw public scrape/DNS-failure attempt or assembly utility; compact dated public evidence and finalized labels preserve useful findings. Not required to recompute saved metrics.,98603,9e0a72361e51cb012f4b3cdb3a39223b247bfda8c8a386fde9fa63f0a8a6749d
/workspace/scratch/d427a25ef2a1/evidence/supplemental-observations/3e91f7431e9d973263f4ba875d8d1ec9fbee337d97ea762a0b8877764bb3e89f.json,temporary/scratch,,Raw public scrape/DNS-failure attempt or assembly utility; compact dated public evidence and finalized labels preserve useful findings. Not required to recompute saved metrics.,46362,0697d91dfe0750b71ecea394639e59d36f187f77a02bc0fd10b01becf2153180
/workspace/scratch/d427a25ef2a1/evidence/supplemental-observations/4012dae319720cff631e12bd68b301aeeab48272fdded58d0bb3d08ffe8af689.json,temporary/scratch,,Raw public scrape/DNS-failure attempt or assembly utility; compact dated public evidence and finalized labels preserve useful findings. Not required to recompute saved metrics.,28908,913be6da57933359265fedbe9d66729c2861d830e45baf8c01d4b42ccf388be9
/workspace/scratch/d427a25ef2a1/evidence/supplemental-observations/40594c6cbd5b7848b709663745fe3f9af755f6c0858d1a5473fe2368cb804dd7.json,temporary/scratch,,Raw public scrape/DNS-failure attempt or assembly utility; compact dated public evidence and finalized labels preserve useful findings. Not required to recompute saved metrics.,71284,c606e00ca56ebca0e516d66a6bb8d3bf44b807fe71d255045e61594728999d58
/workspace/scratch/d427a25ef2a1/evidence/supplemental-observations/425051888e890c46d9ed4d9726f2a26c8fc54c8aba75174972611e876a04983a.json,temporary/scratch,,Raw public scrape/DNS-failure attempt or assembly utility; compact dated public evidence and finalized labels preserve useful findings. Not required to recompute saved metrics.,998,5594ae3ef214a8371f9d815bc3a00f91aa38dde8df41536114689abd971af9d4
/workspace/scratch/d427a25ef2a1/evidence/supplemental-observations/42744a807b36d183f2895dea25f254bb449a2288b1000e38abb104988bf43e09.json,temporary/scratch,,Raw public scrape/DNS-failure attempt or assembly utility; compact dated public evidence and finalized labels preserve useful findings. Not required to recompute saved metrics.,64920,4a843854b16a8da7162e53dc3c3f34ec3397beac8d75e4097bdbe200d72fedb0
/workspace/scratch/d427a25ef2a1/evidence/supplemental-observations/42b2fff4b6f10533c31081797e1b6cf217fc85c149ea3a901c73d31ef3c9e8de.json,temporary/scratch,,Raw public scrape/DNS-failure attempt or assembly utility; compact dated public evidence and finalized labels preserve useful findings. Not required to recompute saved metrics.,106777,3a4dd9e3f85af88182fb8f6f9c8b73c1a3d8f71c3b2f47fc2c0f3ac94c4ac29b
/workspace/scratch/d427a25ef2a1/evidence/supplemental-observations/44e45d35191452ddb2195d56aeadab0a9d5230e9cde61dd38f8db109b2b899f1.json,temporary/scratch,,Raw public scrape/DNS-failure attempt or assembly utility; compact dated public evidence and finalized labels preserve useful findings. Not required to recompute saved metrics.,53506,8d2c213b87745f1433cb814b219b0af6c8595c1e365fc5a63ad7654f456a3df2
/workspace/scratch/d427a25ef2a1/evidence/supplemental-observations/4561327ae544d3e4cbebb32c2b2f52229f9707b64aec0769e0690aba11eb5faa.json,temporary/scratch,,Raw public scrape/DNS-failure attempt or assembly utility; compact dated public evidence and finalized labels preserve useful findings. Not required to recompute saved metrics.,96171,be726463ed6b7e4bfaf649ad599e61f7134be2d922996090d2d45f15ec2cb817
/workspace/scratch/d427a25ef2a1/evidence/supplemental-observations/456a6f778971b7e2bbc37c64a029f4eabf89fcf40fb0c09b6ed976d4846a71d4.json,temporary/scratch,,Raw public scrape/DNS-failure attempt or assembly utility; compact dated public evidence and finalized labels preserve useful findings. Not required to recompute saved metrics.,51462,6c970025689bf825b71de05e5576c9527856838db47e0bcd0248652fc17124ef
/workspace/scratch/d427a25ef2a1/evidence/supplemental-observations/461a6c182ae202fcc9e1b13954ac1f8236d1777b106cd2b8f1b0e548548c0ff2.json,temporary/scratch,,Raw public scrape/DNS-failure attempt or assembly utility; compact dated public evidence and finalized labels preserve useful findings. Not required to recompute saved metrics.,47429,1c68a19fc7b7291a09ba99180a1ce0d48a7549cff943159ce36b3d7b19687534
/workspace/scratch/d427a25ef2a1/evidence/supplemental-observations/4832ad5e92f77c0aaaab1be3090ac8731ade3570f2b5c558981498bb5f0c5ca1.json,temporary/scratch,,Raw public scrape/DNS-failure attempt or assembly utility; compact dated public evidence and finalized labels preserve useful findings. Not required to recompute saved metrics.,1481,6ab7d976bdc8ea30de5c0fe1c93ab57f74ae564db0cec8558e295d7873a93134
/workspace/scratch/d427a25ef2a1/evidence/supplemental-observations/49b92bf6899596aca16236bd7170aa265b62aa69ff0313afd4bacaa610c02156.json,temporary/scratch,,Raw public scrape/DNS-failure attempt or assembly utility; compact dated public evidence and finalized labels preserve useful findings. Not required to recompute saved metrics.,68336,ae2bed719037a637a0cd9fd3874304ca64d2f096ac3289d39c175668931547a9
/workspace/scratch/d427a25ef2a1/evidence/supplemental-observations/4a3610703343ce36c602980683bddc940a61188fbb56efa1d95c7b684073b5be.json,temporary/scratch,,Raw public scrape/DNS-failure attempt or assembly utility; compact dated public evidence and finalized labels preserve useful findings. Not required to recompute saved metrics.,114893,16c04cbdd3e65e4250bca4581e5acddbde8c4018af205964af70565dc0c2f6f7
/workspace/scratch/d427a25ef2a1/evidence/supplemental-observations/4cbc239f1a259c69787d2b0a3d5c8a1eeb682c4e659ca6eb8bcb8ebe1f528ded.json,temporary/scratch,,Raw public scrape/DNS-failure attempt or assembly utility; compact dated public evidence and finalized labels preserve useful findings. Not required to recompute saved metrics.,19515,77bf5cd166a6f62ea9d98d4e3515326de0f0348e98caf35b332699f003e2e3c9
/workspace/scratch/d427a25ef2a1/evidence/supplemental-observations/4d187f739d180466cfdbdcda96da2f3edbb019dba0b8280de920b1fbbb2a817f.json,temporary/scratch,,Raw public scrape/DNS-failure attempt or assembly utility; compact dated public evidence and finalized labels preserve useful findings. Not required to recompute saved metrics.,22094,41b3d8efdf53aa39e0550ec84711814d7b1a186dceda17c3dab445c570507b7c
/workspace/scratch/d427a25ef2a1/evidence/supplemental-observations/4e1792eee83c627fa2c32153c6dc0443724424da0dc416dba8a87ded5aadd75d.json,temporary/scratch,,Raw public scrape/DNS-failure attempt or assembly utility; compact dated public evidence and finalized labels preserve useful findings. Not required to recompute saved metrics.,24615,e028ae26a04aaac7aa8d6646f7fc7610534fb48f534426769152da57a14b5207
/workspace/scratch/d427a25ef2a1/evidence/supplemental-observations/4f3b0a5f14a9300fa2b5247558b260ff45bf8c39323010d89b783a8770abee2b.json,temporary/scratch,,Raw public scrape/DNS-failure attempt or assembly utility; compact dated public evidence and finalized labels preserve useful findings. Not required to recompute saved metrics.,16139,c25e915300fd9e90c45c54746abdab0b37968b27b1c822a86257e89c490cd46a
/workspace/scratch/d427a25ef2a1/evidence/supplemental-observations/504547d3535ad4966cc15a7c6dafc08de61f29e07089ad913b09b5e6eb6d0711.json,temporary/scratch,,Raw public scrape/DNS-failure attempt or assembly utility; compact dated public evidence and finalized labels preserve useful findings. Not required to recompute saved metrics.,143601,258abd42ae6260b2197e63955e772ef0d72c265f7cf8cae4a10a67ae2d21e746
/workspace/scratch/d427a25ef2a1/evidence/supplemental-observations/5087013d67185d55a0bd348f83e217edc40f834550593c1ba1dfbf2f9cc6f0dc.json,temporary/scratch,,Raw public scrape/DNS-failure attempt or assembly utility; compact dated public evidence and finalized labels preserve useful findings. Not required to recompute saved metrics.,44978,493c61c57dff87d439e6def804a6d59b413ddc55212aab0ef053b2652535502b
/workspace/scratch/d427a25ef2a1/evidence/supplemental-observations/51b957d5786b25abe21159e754f3b6dad9dda5b716dfd4fb79bd2fb2bb203a6e.json,temporary/scratch,,Raw public scrape/DNS-failure attempt or assembly utility; compact dated public evidence and finalized labels preserve useful findings. Not required to recompute saved metrics.,44227,2b1d9f6fde0596ba78f5cfbbb6164c5f3a5dae6636758935b9c9303372ada471
/workspace/scratch/d427a25ef2a1/evidence/supplemental-observations/53b8616782dd46e30e771d2a5ca9e530ca2b4759d8d697e1aa668ff3a296e9bb.json,temporary/scratch,,Raw public scrape/DNS-failure attempt or assembly utility; compact dated public evidence and finalized labels preserve useful findings. Not required to recompute saved metrics.,38164,2bb6fb22778dc5dc06fcca0644c3eb58486c8e56fd874ad54e3855ae2de66820
/workspace/scratch/d427a25ef2a1/evidence/supplemental-observations/54bb3f737994ceebb4a1d53333f601a8e0c1b5c4734b4728cbad9563653abe42.json,temporary/scratch,,Raw public scrape/DNS-failure attempt or assembly utility; compact dated public evidence and finalized labels preserve useful findings. Not required to recompute saved metrics.,93004,cb3accdf2d5cda0ba3a424e9e02dd357e87601d32992e752b9897f380a04e64b
/workspace/scratch/d427a25ef2a1/evidence/supplemental-observations/55a730a22fa46fb22e2cfa9223b62cf0af4bd4ac6dd0cf96047900892cebfde5.json,temporary/scratch,,Raw public scrape/DNS-failure attempt or assembly utility; compact dated public evidence and finalized labels preserve useful findings. Not required to recompute saved metrics.,77826,3b1dc447b1de9bd79f83172a112f942813758cb5a99220aa0c54d792dd1d09c9
/workspace/scratch/d427a25ef2a1/evidence/supplemental-observations/56587bf93441ca1c62e6d243aa9a25f2cb5a59903e72a4e796b30cfc265f6ba5.json,temporary/scratch,,Raw public scrape/DNS-failure attempt or assembly utility; compact dated public evidence and finalized labels preserve useful findings. Not required to recompute saved metrics.,38091,67efae9510a4e26303201ef7c7e964024511a2070b7bd5c382485f96e291ae79
/workspace/scratch/d427a25ef2a1/evidence/supplemental-observations/58215bf8d9285b21a4532c5b0a2194e949e8f2db0cdc85cdf039a5c824a6af5f.json,temporary/scratch,,Raw public scrape/DNS-failure attempt or assembly utility; compact dated public evidence and finalized labels preserve useful findings. Not required to recompute saved metrics.,69120,a0573c1907aa4afc8fc97c84914cf58557a48f13c9d7c97b52dd89d2740ff971
/workspace/scratch/d427a25ef2a1/evidence/supplemental-observations/59b4f5b6de55186ffb2ad0579cb555d275bd902e60f6e05e94644c31492339f6.json,temporary/scratch,,Raw public scrape/DNS-failure attempt or assembly utility; compact dated public evidence and finalized labels preserve useful findings. Not required to recompute saved metrics.,69832,8205c3d0f02eb40521c154696e64438699e095e6e82febe6c8decf6c78939374
/workspace/scratch/d427a25ef2a1/evidence/supplemental-observations/5b21650943aeeb7080e20c4ebb233e51be7fff47d98a0e49b4c10b78fa306749.json,temporary/scratch,,Raw public scrape/DNS-failure attempt or assembly utility; compact dated public evidence and finalized labels preserve useful findings. Not required to recompute saved metrics.,71909,4062457540e0f0eabc481fa78f74ddce55a95eb2168abdcf970bf2c1ad89545f
/workspace/scratch/d427a25ef2a1/evidence/supplemental-observations/5c2c89fd3e9c0069905f34c96adb407974649ff07a946c6fc461a55a86fad2fa.json,temporary/scratch,,Raw public scrape/DNS-failure attempt or assembly utility; compact dated public evidence and finalized labels preserve useful findings. Not required to recompute saved metrics.,26462,ae5ebb5dbe8d45059da1e3a2ed6105468b9fb8279cbd4520a477b55ffe35391d
/workspace/scratch/d427a25ef2a1/evidence/supplemental-observations/5cb82765551768f152673c1f277783a040c3636754bbf11b943bf7d13ecd522e.json,temporary/scratch,,Raw public scrape/DNS-failure attempt or assembly utility; compact dated public evidence and finalized labels preserve useful findings. Not required to recompute saved metrics.,53747,185f772986aba0471b602b07f34d936ec4157eb232df456111aae5a6f3a49549
/workspace/scratch/d427a25ef2a1/evidence/supplemental-observations/5cd2bde95b3275565a29ec966fbe94039b81aa5bcc5f72a2ce78ce781a07e49a.json,temporary/scratch,,Raw public scrape/DNS-failure attempt or assembly utility; compact dated public evidence and finalized labels preserve useful findings. Not required to recompute saved metrics.,32761,e6469051967d1c32aeea6281bfc2bb99d8bff99b4b075f33822760ab9b5fd68d
/workspace/scratch/d427a25ef2a1/evidence/supplemental-observations/5d46372ffa567042bbbef7be2cbb51fbb2993323d49876807ed577da767ce5aa.json,temporary/scratch,,Raw public scrape/DNS-failure attempt or assembly utility; compact dated public evidence and finalized labels preserve useful findings. Not required to recompute saved metrics.,41587,fd6e64c08523ec87e9165fa6e956223a66c63ff596ce2ef555bf700d50c68058
/workspace/scratch/d427a25ef2a1/evidence/supplemental-observations/5d62d173eba607757b49b1ff7f130650b65f6b9596613dbddd11b5ca8ea96a44.json,temporary/scratch,,Raw public scrape/DNS-failure attempt or assembly utility; compact dated public evidence and finalized labels preserve useful findings. Not required to recompute saved metrics.,4699,686c5cd66568e1554266948256ea142b66b47689c801ba719b7611fe7b188157
/workspace/scratch/d427a25ef2a1/evidence/supplemental-observations/5f08112de96058540aed6b18370280cd16777c4c4128cc9275885c78844a0664.json,temporary/scratch,,Raw public scrape/DNS-failure attempt or assembly utility; compact dated public evidence and finalized labels preserve useful findings. Not required to recompute saved metrics.,41513,8e4b434316b81df27cb4833a2c863077fe579974fb2cf172c434c8c60c5a1b34
/workspace/scratch/d427a25ef2a1/evidence/supplemental-observations/5f66d1963b05e4e0e20abeade058d385967f5ef7191a99bfac924ec2d33038d9.json,temporary/scratch,,Raw public scrape/DNS-failure attempt or assembly utility; compact dated public evidence and finalized labels preserve useful findings. Not required to recompute saved metrics.,475,23913f118c356ebc5955a0f839ce5cc094e62587e6dd0a1a9e072ab6368cbf61
/workspace/scratch/d427a25ef2a1/evidence/supplemental-observations/60fe559eb98ea01b112cf92341106edddd8c88aecf67f28620a841f735d65556.json,temporary/scratch,,Raw public scrape/DNS-failure attempt or assembly utility; compact dated public evidence and finalized labels preserve useful findings. Not required to recompute saved metrics.,1363,cae61d3ad8d66e7015ca952affdf02f4f397ee7531c3c650a2c8c9d84bf17f51
/workspace/scratch/d427a25ef2a1/evidence/supplemental-observations/6188fb0200c3cdaffb64bfee35dc1c7bf558b5ec45f390c09ee971b99a263c67.json,temporary/scratch,,Raw public scrape/DNS-failure attempt or assembly utility; compact dated public evidence and finalized labels preserve useful findings. Not required to recompute saved metrics.,76049,5f088f94aefdd001673f0e849e2642ca351c26e33f23d54df708b8a5c028c034
/workspace/scratch/d427a25ef2a1/evidence/supplemental-observations/62f8d32c1da39d8b067524681683d5080f3ae7ed38ef5a9299024ecfdeb20dda.json,temporary/scratch,,Raw public scrape/DNS-failure attempt or assembly utility; compact dated public evidence and finalized labels preserve useful findings. Not required to recompute saved metrics.,39407,c16c64248d4e74729a6e84ec18fec8c99386349fa50a270c3da90e31b808f09e
/workspace/scratch/d427a25ef2a1/evidence/supplemental-observations/63914bf1d421ad8d81bc7c08169d8bd8c78bb8f449f3790e01a7d803a6f8f0f7.json,temporary/scratch,,Raw public scrape/DNS-failure attempt or assembly utility; compact dated public evidence and finalized labels preserve useful findings. Not required to recompute saved metrics.,14434,f6fafc94a9578e2716f18dc120642efadeba5610695499d3f304c4204c11b23f
/workspace/scratch/d427a25ef2a1/evidence/supplemental-observations/63f71dcec3bd8d9b857b05c54b492c0b28e8a12af82053b0c019ec1a04a5eb9a.json,temporary/scratch,,Raw public scrape/DNS-failure attempt or assembly utility; compact dated public evidence and finalized labels preserve useful findings. Not required to recompute saved metrics.,10284,717fccc1713d13cedcf18da64910ea40a0af16b2ddc4aaac20ae2c13251c9759
/workspace/scratch/d427a25ef2a1/evidence/supplemental-observations/645b1b4b5ec1b8f2a137acbacc450d99eee1418be16ab8e1d908fa8a4729426a.json,temporary/scratch,,Raw public scrape/DNS-failure attempt or assembly utility; compact dated public evidence and finalized labels preserve useful findings. Not required to recompute saved metrics.,57951,daae32f6ec552fc4ec7bbefe5cf4d002c064efa897a6671702128567eae7b030
/workspace/scratch/d427a25ef2a1/evidence/supplemental-observations/66ac3d949193d7fe6fc6f6ab046b0bc84e03aef5d01c8a6de2f9904cdca68f91.json,temporary/scratch,,Raw public scrape/DNS-failure attempt or assembly utility; compact dated public evidence and finalized labels preserve useful findings. Not required to recompute saved metrics.,81531,f2ffe13d8f7dd722fe2ab9609b22662075fe6b9c29a4ff44a7b5b99a7d16cb49
/workspace/scratch/d427a25ef2a1/evidence/supplemental-observations/68f8aaac09a6e86a4480a226dedfe1987ab7141610f7bbe10a7a5a8aef6fe5a7.json,temporary/scratch,,Raw public scrape/DNS-failure attempt or assembly utility; compact dated public evidence and finalized labels preserve useful findings. Not required to recompute saved metrics.,82260,fa41f30c7fe2cdbbc855ed804ac0c251eb5f17147dec37f9449e144fd9256a79
/workspace/scratch/d427a25ef2a1/evidence/supplemental-observations/6ad6a0fa9f3a8936af4fd9028519eda3efb3d37ee4709b72233ec5c81f3f946d.json,temporary/scratch,,Raw public scrape/DNS-failure attempt or assembly utility; compact dated public evidence and finalized labels preserve useful findings. Not required to recompute saved metrics.,49386,9d599bb5c8f13fcec213cebaaa23916fe4a038b4626744c87572b9ddac1e8010
/workspace/scratch/d427a25ef2a1/evidence/supplemental-observations/6da4b7c7554ca25d7dd747dadd1d88eae8a8a20d973d05023518dc741550ea79.json,temporary/scratch,,Raw public scrape/DNS-failure attempt or assembly utility; compact dated public evidence and finalized labels preserve useful findings. Not required to recompute saved metrics.,47552,a77d133014cba6fc8b5b887bd438300752b0d008bffca9551a4eafb6c602d8f6
/workspace/scratch/d427a25ef2a1/evidence/supplemental-observations/6fa512f5a404bc136a6a9120e893b1fdc5fcf88e1bbdb2856073e7f7e73dd90b.json,temporary/scratch,,Raw public scrape/DNS-failure attempt or assembly utility; compact dated public evidence and finalized labels preserve useful findings. Not required to recompute saved metrics.,53168,dc0dd3a6c892582390036075e3711e77a392ed8a4ecea94e9f81b6ad315cde7d
/workspace/scratch/d427a25ef2a1/evidence/supplemental-observations/7056fb7342dd594af0abcc0098a857b7e26bc0ab1ec841b474315ec9a24ce912.json,temporary/scratch,,Raw public scrape/DNS-failure attempt or assembly utility; compact dated public evidence and finalized labels preserve useful findings. Not required to recompute saved metrics.,76014,60162c5bac588d733331bc8bc767e2fc8e6caf8d337617d7ef9acf3eb061bcec
/workspace/scratch/d427a25ef2a1/evidence/supplemental-observations/7220897c873d96e0ce642396fa4e24e9905e5c256ec607470ad765fab2ac06f9.json,temporary/scratch,,Raw public scrape/DNS-failure attempt or assembly utility; compact dated public evidence and finalized labels preserve useful findings. Not required to recompute saved metrics.,1738,8ed226181d711259d26d5c856d0a08dcd4618fcb3690f2cf8a3d5104671d887f
/workspace/scratch/d427a25ef2a1/evidence/supplemental-observations/72d14c12eb1e4b7fed38124ec1555d1d622b7fae749a8a8e0f0eba159abaeac6.json,temporary/scratch,,Raw public scrape/DNS-failure attempt or assembly utility; compact dated public evidence and finalized labels preserve useful findings. Not required to recompute saved metrics.,5607,ae87c0b6e6668e0f66ed2831abf3ffd6b983da81038a9b54d685863438c9ec44
/workspace/scratch/d427a25ef2a1/evidence/supplemental-observations/74654b220d3c4c792cf20ccbe10d646aaa6070344f8acf1f658fe07123c9379d.json,temporary/scratch,,Raw public scrape/DNS-failure attempt or assembly utility; compact dated public evidence and finalized labels preserve useful findings. Not required to recompute saved metrics.,71529,b22b382d189a504b0cebe4b53d23959ba8509648019185239d2f320c3da5cf54
/workspace/scratch/d427a25ef2a1/evidence/supplemental-observations/74aad500d841007b14c56b810ac4acf29b5dc0d098c8bbdc4b3816b004407308.json,temporary/scratch,,Raw public scrape/DNS-failure attempt or assembly utility; compact dated public evidence and finalized labels preserve useful findings. Not required to recompute saved metrics.,60098,c8938dd4230ca3ef459f937a8069556e228a2fff7df5e6205fd55aca7b1ee004
/workspace/scratch/d427a25ef2a1/evidence/supplemental-observations/74ccbf43657780d74266cfee32010388a5fc4c22682bded550ab5da41206d8b5.json,temporary/scratch,,Raw public scrape/DNS-failure attempt or assembly utility; compact dated public evidence and finalized labels preserve useful findings. Not required to recompute saved metrics.,42252,565de143d0011ba0d8ef47088d382ee44d3f053cb8223dd0e286458e03b08ac2
/workspace/scratch/d427a25ef2a1/evidence/supplemental-observations/75d6d12f144d7150949271f856ffca1eb1fc35cc8e79e050fce3a8888af72882.json,temporary/scratch,,Raw public scrape/DNS-failure attempt or assembly utility; compact dated public evidence and finalized labels preserve useful findings. Not required to recompute saved metrics.,69422,5ff050e68c22ebf7d0c338408ff9f2ed612af9cd3c69b2bc4b645e070b4ba0c5
/workspace/scratch/d427a25ef2a1/evidence/supplemental-observations/76b558fc1c06df3826b1f3a128398d31d7f789845207686e616d99c08264de7f.json,temporary/scratch,,Raw public scrape/DNS-failure attempt or assembly utility; compact dated public evidence and finalized labels preserve useful findings. Not required to recompute saved metrics.,29017,e846b140b49c622cd6f955881b05c1f1d716e1f3e99f291226d38af581351bc1
/workspace/scratch/d427a25ef2a1/evidence/supplemental-observations/78535cfc4a47c7be3f8325ef1b05278b42567fc5a7b9b3a83e8b9b8aa7211066.json,temporary/scratch,,Raw public scrape/DNS-failure attempt or assembly utility; compact dated public evidence and finalized labels preserve useful findings. Not required to recompute saved metrics.,17466,79e9d034148a40eaab63a45adcf3d4c3d01b90c2d99273cb81761e2a52320f75
/workspace/scratch/d427a25ef2a1/evidence/supplemental-observations/79be43219bde0be58e3f6593c4b3d4deab27bf786663461d8d1495baf38abc64.json,temporary/scratch,,Raw public scrape/DNS-failure attempt or assembly utility; compact dated public evidence and finalized labels preserve useful findings. Not required to recompute saved metrics.,34828,1f0363a002ac6489b6e230215dd42b2ff7183fa33a439e48f23aef31a41c4875
/workspace/scratch/d427a25ef2a1/evidence/supplemental-observations/7a04ad4734e08f2c72ecb75f8a9cf152382239ff4ee662f9fae63bf62e9fc7d1.json,temporary/scratch,,Raw public scrape/DNS-failure attempt or assembly utility; compact dated public evidence and finalized labels preserve useful findings. Not required to recompute saved metrics.,16652,097c44fd8146bb1748c67f96ef53d17f76c89a143750aabd6224feca82ce1330
/workspace/scratch/d427a25ef2a1/evidence/supplemental-observations/7db1dc984eb55899594029f9048392c1961924a38726a0cf033f2fa442e66bc7.json,temporary/scratch,,Raw public scrape/DNS-failure attempt or assembly utility; compact dated public evidence and finalized labels preserve useful findings. Not required to recompute saved metrics.,49890,478fab750a4de22f6cb0919b1de61be6deaffc640908b88c1fddbfae5bfce44b
/workspace/scratch/d427a25ef2a1/evidence/supplemental-observations/7ebdcf151c7ebd4027b7f0ff70b9beac8f3cbb03695e892747dd0ef168c8e76d.json,temporary/scratch,,Raw public scrape/DNS-failure attempt or assembly utility; compact dated public evidence and finalized labels preserve useful findings. Not required to recompute saved metrics.,36319,15b47852184e702d38b26aa818eb80b643d2586c2bb303b8389ff1f87084d4d4
/workspace/scratch/d427a25ef2a1/evidence/supplemental-observations/7f9287165650e168fc595d33f76370d2831bfbae74e6994cfa317af58063550e.json,temporary/scratch,,Raw public scrape/DNS-failure attempt or assembly utility; compact dated public evidence and finalized labels preserve useful findings. Not required to recompute saved metrics.,86262,cc8ae18c214cd5fc8e358de31c5083d38d0d1ebc416963189b7d8ac51da26185
/workspace/scratch/d427a25ef2a1/evidence/supplemental-observations/81176e1eab092d04e2ac6d02b286a14d8768cc32577e391deb4b816103afd1ff.json,temporary/scratch,,Raw public scrape/DNS-failure attempt or assembly utility; compact dated public evidence and finalized labels preserve useful findings. Not required to recompute saved metrics.,40538,b45934b9b95b5e6badd307763f6e72be342cd1d8be74f5b68e51e06a90bf5bcb
/workspace/scratch/d427a25ef2a1/evidence/supplemental-observations/81b41e07be2b57bd3d56c5368241e56a301745b97c03c0fd06caccd78469223e.json,temporary/scratch,,Raw public scrape/DNS-failure attempt or assembly utility; compact dated public evidence and finalized labels preserve useful findings. Not required to recompute saved metrics.,81646,00b3a33fccc081dd472aca0ab11831528440766e3e8660da79c81488a28b0774
/workspace/scratch/d427a25ef2a1/evidence/supplemental-observations/8203cf37b0f31a46b8c6b6715a701b5d2b5af707e5b85df17ba2698d5ef5da2e.json,temporary/scratch,,Raw public scrape/DNS-failure attempt or assembly utility; compact dated public evidence and finalized labels preserve useful findings. Not required to recompute saved metrics.,54890,c1ae01b18fa0ca0f8647286b537ad985f9bdebbe6cb2091e96d6641c59678231
/workspace/scratch/d427a25ef2a1/evidence/supplemental-observations/8331f69b591a2c47a160c45fd424cbea5adff7553023c1b262806521a1585ebd.json,temporary/scratch,,Raw public scrape/DNS-failure attempt or assembly utility; compact dated public evidence and finalized labels preserve useful findings. Not required to recompute saved metrics.,49605,ce84616785afc30aeff40473813adc497868873541ae010ec11362101f01dbf3
/workspace/scratch/d427a25ef2a1/evidence/supplemental-observations/83aaf7cba0d22a2e4517dbd14279db76c7ccc79bb7ae687ed9c097dcfe5fa509.json,temporary/scratch,,Raw public scrape/DNS-failure attempt or assembly utility; compact dated public evidence and finalized labels preserve useful findings. Not required to recompute saved metrics.,30999,328adb25a40973dc16d2593aef5f11198520e145f736ded98223c6457e248c7f
/workspace/scratch/d427a25ef2a1/evidence/supplemental-observations/85b521ef6f83dee57c40fdbe00b9cc3962c9211608d18c0ff03e37063c5566dd.json,temporary/scratch,,Raw public scrape/DNS-failure attempt or assembly utility; compact dated public evidence and finalized labels preserve useful findings. Not required to recompute saved metrics.,112720,63b80ffcd4feaa5ba41c3f8a7840bb30f63e0114fff43937bbec8b6fcde744f9
/workspace/scratch/d427a25ef2a1/evidence/supplemental-observations/8697801975a278c9f122e5f77eb77fa74074a9c551b896257d719dfffdd14245.json,temporary/scratch,,Raw public scrape/DNS-failure attempt or assembly utility; compact dated public evidence and finalized labels preserve useful findings. Not required to recompute saved metrics.,13511,57cfc8926188bad87c890abb3a1b9360611852328201ad117c26746578006cb4
/workspace/scratch/d427a25ef2a1/evidence/supplemental-observations/86f5cb8e9eec2241c5268e203f212363d6aa76512b7e075f6f563a7174218a69.json,temporary/scratch,,Raw public scrape/DNS-failure attempt or assembly utility; compact dated public evidence and finalized labels preserve useful findings. Not required to recompute saved metrics.,101256,96a2ef88b68f2153682d5c373c4a8975915be48b40a433982c8ae5bef6c11d6c
/workspace/scratch/d427a25ef2a1/evidence/supplemental-observations/879bb160d51a1b26e83d1fde5cae450e84fcb187cdb08443555e76026e75ec02.json,temporary/scratch,,Raw public scrape/DNS-failure attempt or assembly utility; compact dated public evidence and finalized labels preserve useful findings. Not required to recompute saved metrics.,71297,9636bba9fd6e7e43a5e1781528008f590fb8e0e804986ecee33f279e131ec27b
/workspace/scratch/d427a25ef2a1/evidence/supplemental-observations/88406fb35b5c0e0cba3dcafe84f7ea5bb8921f8ab266474946a7b308d440e335.json,temporary/scratch,,Raw public scrape/DNS-failure attempt or assembly utility; compact dated public evidence and finalized labels preserve useful findings. Not required to recompute saved metrics.,49224,d35d90bc14b370c0f49d068e1b05fe05c030920bc7bef12f6c666a82376947a7
/workspace/scratch/d427a25ef2a1/evidence/supplemental-observations/8bd63b0d1714998ed50e967ede9408619b0a97ec482f6bae52b93249050717b8.json,temporary/scratch,,Raw public scrape/DNS-failure attempt or assembly utility; compact dated public evidence and finalized labels preserve useful findings. Not required to recompute saved metrics.,111193,4394eaf8a294a5364ec94ac83a607903055f9da9124d7074244f5d0772c1dd4f
/workspace/scratch/d427a25ef2a1/evidence/supplemental-observations/8db57679078c4f1c023b356eb58de05117aa07c568b76e71f10ebb45dd4f938a.json,temporary/scratch,,Raw public scrape/DNS-failure attempt or assembly utility; compact dated public evidence and finalized labels preserve useful findings. Not required to recompute saved metrics.,11125,0f1db8876cf664410a2a0187516fabe39d24373eb68309f50d63dbbc7e204580
/workspace/scratch/d427a25ef2a1/evidence/supplemental-observations/8e147aad025ebe035f1c1a9f2cee92be91317fbc2d668eb322471a9fdf8b2440.json,temporary/scratch,,Raw public scrape/DNS-failure attempt or assembly utility; compact dated public evidence and finalized labels preserve useful findings. Not required to recompute saved metrics.,39318,5b38ae5e32f95bd3154b5772fd8da5fa884bbb2ef7c2330b16dd99ef8e2c0cf1
/workspace/scratch/d427a25ef2a1/evidence/supplemental-observations/8eebe4b3afe94a937fabac98b7cfe5d4f76803c75c6ad78a35f0edece7c0d01c.json,temporary/scratch,,Raw public scrape/DNS-failure attempt or assembly utility; compact dated public evidence and finalized labels preserve useful findings. Not required to recompute saved metrics.,32763,ae3ab4a67e41bd98b013d6a9cf5a2835261da53f09ab2a990c36fda94023a8e1
/workspace/scratch/d427a25ef2a1/evidence/supplemental-observations/8f3599c5485769b0e273e25b177a17cc0465f0370a72c0efc523f6ed5bc15732.json,temporary/scratch,,Raw public scrape/DNS-failure attempt or assembly utility; compact dated public evidence and finalized labels preserve useful findings. Not required to recompute saved metrics.,36126,578182e9eb9c929e0fb8f471b696569e18f58ffa3fcea7f25cd86cf258768de2
/workspace/scratch/d427a25ef2a1/evidence/supplemental-observations/90bd2ee43c62464714b1753094e54b8c45239eab46baefbf75817379a59f19ad.json,temporary/scratch,,Raw public scrape/DNS-failure attempt or assembly utility; compact dated public evidence and finalized labels preserve useful findings. Not required to recompute saved metrics.,20177,94f20e17cdb5f5b7f5a8518387c24a52a5c092820aee59d06d9ea783725c36d4
/workspace/scratch/d427a25ef2a1/evidence/supplemental-observations/91b92a5f458a1d9acc6ea381db409b4cd85d6cc0b33c9de3bc8dbaeb1681f4cf.json,temporary/scratch,,Raw public scrape/DNS-failure attempt or assembly utility; compact dated public evidence and finalized labels preserve useful findings. Not required to recompute saved metrics.,39353,15f83e9cabdf157795d02645aa804f9e376549c999ffa39300dd3d33c2c6718b
/workspace/scratch/d427a25ef2a1/evidence/supplemental-observations/93e18b15149d022c316428247d5d3860c6da53a7217f254425ef60f1107caa99.json,temporary/scratch,,Raw public scrape/DNS-failure attempt or assembly utility; compact dated public evidence and finalized labels preserve useful findings. Not required to recompute saved metrics.,40799,d1b2c6f087ef4ab2b2ada67125569b5bf976d22d63536f423f9f5836bb99453c
/workspace/scratch/d427a25ef2a1/evidence/supplemental-observations/941c394c96d4228cbfa4576adbf2ff2e72efb5088ef021cb88fc8ac6eb3daf07.json,temporary/scratch,,Raw public scrape/DNS-failure attempt or assembly utility; compact dated public evidence and finalized labels preserve useful findings. Not required to recompute saved metrics.,75178,b5094ebdc112ac90f370b9307c78df80b22c4bebda59e2fc14c88d875b945062
/workspace/scratch/d427a25ef2a1/evidence/supplemental-observations/95cdfd4da0570d5a6e5d5b896c47926e45be0eba9f76dce76783d8607b0912eb.json,temporary/scratch,,Raw public scrape/DNS-failure attempt or assembly utility; compact dated public evidence and finalized labels preserve useful findings. Not required to recompute saved metrics.,56160,2dab1a99377551ea7dd2e8781458a42a48382328633422da99cfa6599fac5def
/workspace/scratch/d427a25ef2a1/evidence/supplemental-observations/9704a0f725e8e8760411eb1ed05117ec605dcebd633f87048b0a9866fb2b2267.json,temporary/scratch,,Raw public scrape/DNS-failure attempt or assembly utility; compact dated public evidence and finalized labels preserve useful findings. Not required to recompute saved metrics.,73321,5aaec69d2e30956d1ac07fa7c2d2195a7e3bb0e7c3552f883a2a2880c436c452
/workspace/scratch/d427a25ef2a1/evidence/supplemental-observations/971aed6ad42562d9dae4b055b773d968a498d7885dfbdd3ce8cee60b2c5718fc.json,temporary/scratch,,Raw public scrape/DNS-failure attempt or assembly utility; compact dated public evidence and finalized labels preserve useful findings. Not required to recompute saved metrics.,2795,07ec5b4fab036f9e99cbc23f6de4f43f011cfc17014e7f4144b6879c2814eb4c
/workspace/scratch/d427a25ef2a1/evidence/supplemental-observations/97604edcb46d6baa450b37e8b1a0fdbff6e28c6535ae3880b971fa97580271db.json,temporary/scratch,,Raw public scrape/DNS-failure attempt or assembly utility; compact dated public evidence and finalized labels preserve useful findings. Not required to recompute saved metrics.,58961,6938357ba8c65a3e810d7ba8dbe41d613fdbc8cca79a259e5ae803e4c42d4b1a
/workspace/scratch/d427a25ef2a1/evidence/supplemental-observations/9793320bb5e549d8923757b6c8f63ee68e96a4a45ae85d6bcb233b8de528ce8a.json,temporary/scratch,,Raw public scrape/DNS-failure attempt or assembly utility; compact dated public evidence and finalized labels preserve useful findings. Not required to recompute saved metrics.,21318,c350ddd68bb3dac56752f2433e0d715bf4027c47b21fbf5d21a9b5e7b9d2eb9b
/workspace/scratch/d427a25ef2a1/evidence/supplemental-observations/98bc7e63bd09e40f6350ebe16ee9523b5f1186b44135d52fc5978ce53f8974cb.json,temporary/scratch,,Raw public scrape/DNS-failure attempt or assembly utility; compact dated public evidence and finalized labels preserve useful findings. Not required to recompute saved metrics.,50347,7ea1b68b31ccfcfaa25960d78cd000b6c124cd273543cf6bf335e9878968424c
/workspace/scratch/d427a25ef2a1/evidence/supplemental-observations/99440d388efceb57f2c9509866eaac42c0ef0e434304058387571d902f5c27da.json,temporary/scratch,,Raw public scrape/DNS-failure attempt or assembly utility; compact dated public evidence and finalized labels preserve useful findings. Not required to recompute saved metrics.,39452,75282347b0c5cc55ff301b548e4bd1e16881136a6d7757ea2c3b4f975cc09cdf
/workspace/scratch/d427a25ef2a1/evidence/supplemental-observations/99d6c41a849ac8fad0f63a7d8a36da0c400a3a6d81b25aa52423812181026df0.json,temporary/scratch,,Raw public scrape/DNS-failure attempt or assembly utility; compact dated public evidence and finalized labels preserve useful findings. Not required to recompute saved metrics.,12245,6b786185390537c4d19009f5ff5594d7eee6f6fd30137030f1a8f29c938a873d
/workspace/scratch/d427a25ef2a1/evidence/supplemental-observations/9bb785cd3d5af5203242318b790f6d77708ecd097112091f6b3d3c703593419b.json,temporary/scratch,,Raw public scrape/DNS-failure attempt or assembly utility; compact dated public evidence and finalized labels preserve useful findings. Not required to recompute saved metrics.,45622,74610ca215db5b95f0cc06511f0dfcd5c975260a865e39f500a80e6372037eb3
/workspace/scratch/d427a25ef2a1/evidence/supplemental-observations/9c144eb48d2622e17a59a0a3d637f04779c811cff9ff3b27593ac96a7512949b.json,temporary/scratch,,Raw public scrape/DNS-failure attempt or assembly utility; compact dated public evidence and finalized labels preserve useful findings. Not required to recompute saved metrics.,36405,247b225c893474548a128203f6df7dfdfa68e56cbf98aa75b3384f9fa4b33015
/workspace/scratch/d427a25ef2a1/evidence/supplemental-observations/9eda0a631d4a86066e95db4a64f1cea62b49303de8ab10207546871c07769f3d.json,temporary/scratch,,Raw public scrape/DNS-failure attempt or assembly utility; compact dated public evidence and finalized labels preserve useful findings. Not required to recompute saved metrics.,69876,f2548ee021c1a881fc396ed9fbf615ca5a23e787b1c12028ba968caaf03c9c42
/workspace/scratch/d427a25ef2a1/evidence/supplemental-observations/9f0d75c2e950938142983a7b86ca48e7e5bd8cc46f64f43130755d16f1b501ef.json,temporary/scratch,,Raw public scrape/DNS-failure attempt or assembly utility; compact dated public evidence and finalized labels preserve useful findings. Not required to recompute saved metrics.,28808,ac93261a7a06c6b330e2610b9c36be1834ade171c60e515137196bea607682c4
/workspace/scratch/d427a25ef2a1/evidence/supplemental-observations/a2c23e3bce6cf7954c6351e3f2c837c2017afbfe899659b69f7523fae0f7f5ed.json,temporary/scratch,,Raw public scrape/DNS-failure attempt or assembly utility; compact dated public evidence and finalized labels preserve useful findings. Not required to recompute saved metrics.,32093,5b401d5fab04c47151b60003e3aaef9fc0734f3297040bf13bac404abc8a13b9
/workspace/scratch/d427a25ef2a1/evidence/supplemental-observations/a38d399126ad8e130eb9407ce511e1ee6c4f4945385fe2d402cc8c86045e0d77.json,temporary/scratch,,Raw public scrape/DNS-failure attempt or assembly utility; compact dated public evidence and finalized labels preserve useful findings. Not required to recompute saved metrics.,48559,2f3f4b10e931bcbd903cecd622238259106a2ed90c27e31f26a862377df30de9
/workspace/scratch/d427a25ef2a1/evidence/supplemental-observations/a3e78de5414386d0c70a37645d6523b3173c7bee0e352ef8da33087b38a116a9.json,temporary/scratch,,Raw public scrape/DNS-failure attempt or assembly utility; compact dated public evidence and finalized labels preserve useful findings. Not required to recompute saved metrics.,1002,ca131ce9734be798c95ea1d2250b4f1813c0a2d8ea82be261b5950da808864fc
/workspace/scratch/d427a25ef2a1/evidence/supplemental-observations/a4499e95f7c5e2c90a58b7af9081f601a879064bcbdd78e307d32d7f236c9b6f.json,temporary/scratch,,Raw public scrape/DNS-failure attempt or assembly utility; compact dated public evidence and finalized labels preserve useful findings. Not required to recompute saved metrics.,109235,4a1c1cf873f3240304f8939d047e701d13ae71d4f5722a8bc7b4f208713c58fc
/workspace/scratch/d427a25ef2a1/evidence/supplemental-observations/a4710c7c84898d2e3d8d4e7bdc7801059ef04c94ecb174ef2fe5bdcb5a529f54.json,temporary/scratch,,Raw public scrape/DNS-failure attempt or assembly utility; compact dated public evidence and finalized labels preserve useful findings. Not required to recompute saved metrics.,54812,decf0738f54a42069983c6929ad5f696f02b1da1bff643d90a9d6b071f0e1b8a
/workspace/scratch/d427a25ef2a1/evidence/supplemental-observations/a72ee910aa8257ef1072e9e2585340ef2a8fdbda0b5fefa2419601b759343d8a.json,temporary/scratch,,Raw public scrape/DNS-failure attempt or assembly utility; compact dated public evidence and finalized labels preserve useful findings. Not required to recompute saved metrics.,24596,67cbfcdf8cc3fad457b0e5e74f00fc9ae783741f8726afcf0501130fbb8a71ec
/workspace/scratch/d427a25ef2a1/evidence/supplemental-observations/a9848f96603ac5cf37a1d7265003c8980b0345a3f4d9cffc86230f09f4ffd888.json,temporary/scratch,,Raw public scrape/DNS-failure attempt or assembly utility; compact dated public evidence and finalized labels preserve useful findings. Not required to recompute saved metrics.,66255,4981f44491f145bbdcabfe7a0802e15e4f20ae431491f0ff53b5c233bd8c9589
/workspace/scratch/d427a25ef2a1/evidence/supplemental-observations/ac4d0f24fd75d17c31f999fa26ef5099ac0f4f8285a47b73ed907c4400ba2c38.json,temporary/scratch,,Raw public scrape/DNS-failure attempt or assembly utility; compact dated public evidence and finalized labels preserve useful findings. Not required to recompute saved metrics.,20010,8ac296f1c1126920f40533e63ed1e372d6de265ba21056639182a037963301fe
/workspace/scratch/d427a25ef2a1/evidence/supplemental-observations/ac899d9cc5632442ca8095474744e7f0fa4f570d6609d75df4b0c1e8950d68d6.json,temporary/scratch,,Raw public scrape/DNS-failure attempt or assembly utility; compact dated public evidence and finalized labels preserve useful findings. Not required to recompute saved metrics.,72125,808d647611ae176733015a181fdc66c24d599aaac5b4ea034689ea76b5bf7ba3
/workspace/scratch/d427a25ef2a1/evidence/supplemental-observations/ae91c21679531a102459522ad078f13b94e2525594a4585f333d0396d1dfb907.json,temporary/scratch,,Raw public scrape/DNS-failure attempt or assembly utility; compact dated public evidence and finalized labels preserve useful findings. Not required to recompute saved metrics.,53170,8deff14360db23e8edc3f7035a4d2abe2379293f80b75f031b00ffb5372559f7
/workspace/scratch/d427a25ef2a1/evidence/supplemental-observations/afc2c53fdff2346230680df603b69e7925edb709f3ad5377fdbc7bf5e8d9dbb9.json,temporary/scratch,,Raw public scrape/DNS-failure attempt or assembly utility; compact dated public evidence and finalized labels preserve useful findings. Not required to recompute saved metrics.,116331,d8bfedfe4ede9f7c27110ba517f065fc92408d5713060648f208524aa2f2fbc6
/workspace/scratch/d427a25ef2a1/evidence/supplemental-observations/aff9b05ef7cede664498085ec5fa56af4aab174c5db3a8ac4afaaba6d6c97084.json,temporary/scratch,,Raw public scrape/DNS-failure attempt or assembly utility; compact dated public evidence and finalized labels preserve useful findings. Not required to recompute saved metrics.,76463,f21849f580386cfeda0c62e5eefbb5dee6428c40e368c4cd9a57d9410f386543
/workspace/scratch/d427a25ef2a1/evidence/supplemental-observations/b140a194dc8acd79d7fa9601235f66d94105937d87a09616709d4acd2ded79d2.json,temporary/scratch,,Raw public scrape/DNS-failure attempt or assembly utility; compact dated public evidence and finalized labels preserve useful findings. Not required to recompute saved metrics.,133403,b2227b58bc8a367f324c8f5996e37155d4669d5e2e90a8877a0f4820ca05c358
/workspace/scratch/d427a25ef2a1/evidence/supplemental-observations/b54faac872f5d5d0f9098e24e41394b1dd4c38f6f24a728b90d46940f526f6ba.json,temporary/scratch,,Raw public scrape/DNS-failure attempt or assembly utility; compact dated public evidence and finalized labels preserve useful findings. Not required to recompute saved metrics.,126880,7ddaf122e62e001e31cc7b5df2191b1d174489f8f032c2fdbeea886f0bff2af3
/workspace/scratch/d427a25ef2a1/evidence/supplemental-observations/b69d32d247dc40f4123af39e856a87dab74c233962bb8a592fadc37e09fe3578.json,temporary/scratch,,Raw public scrape/DNS-failure attempt or assembly utility; compact dated public evidence and finalized labels preserve useful findings. Not required to recompute saved metrics.,41367,ffd5c5ac807672f26433f76fc76ec068823ecd566eaf4325845a04942245ed98
/workspace/scratch/d427a25ef2a1/evidence/supplemental-observations/b76230ca59e8a380615c8a8f024c450e30ed21f71d2abbcb76b3425b40894a64.json,temporary/scratch,,Raw public scrape/DNS-failure attempt or assembly utility; compact dated public evidence and finalized labels preserve useful findings. Not required to recompute saved metrics.,55488,cb19d7380561c2db9a76483b944ecc0a994d48f96b9db58911694bf666ee8a5e
/workspace/scratch/d427a25ef2a1/evidence/supplemental-observations/b7740b3d741942c328e1711d7a9491b68403c32f75df1cd884af0706e0a6e9c9.json,temporary/scratch,,Raw public scrape/DNS-failure attempt or assembly utility; compact dated public evidence and finalized labels preserve useful findings. Not required to recompute saved metrics.,33294,b3e7f628e18506596e0924e265b1a622281ae037bd2655e0edc15dbc5ae802da
/workspace/scratch/d427a25ef2a1/evidence/supplemental-observations/b96e79ee36eef1b83f51157dac2e175110743bc43b55101d8184b91cb8015468.json,temporary/scratch,,Raw public scrape/DNS-failure attempt or assembly utility; compact dated public evidence and finalized labels preserve useful findings. Not required to recompute saved metrics.,53866,e5a355e44a0364d77e36e77d50a95604aebdac45b8e22e3f60434e325d979689
/workspace/scratch/d427a25ef2a1/evidence/supplemental-observations/ba2b780c304a469d456469dd8f33b08619f787a631b24f83fef21e8c92167457.json,temporary/scratch,,Raw public scrape/DNS-failure attempt or assembly utility; compact dated public evidence and finalized labels preserve useful findings. Not required to recompute saved metrics.,39228,60c6b93c2436c0b3917dee17c9d958642b866a6bec6273fbf578459f8724207d
/workspace/scratch/d427a25ef2a1/evidence/supplemental-observations/ba3f030523a1af8b439b920a4fc37ec2b64ec1960671addfbd0fdcb501c316c2.json,temporary/scratch,,Raw public scrape/DNS-failure attempt or assembly utility; compact dated public evidence and finalized labels preserve useful findings. Not required to recompute saved metrics.,38702,924625356a5e4ff814ef0c9ea1f51731846187c541f601c5a3cbfe770c47cb82
/workspace/scratch/d427a25ef2a1/evidence/supplemental-observations/be6da4e40654e9a9a573ca6413d4586109505d5880b975cfa4d1ba44c014d387.json,temporary/scratch,,Raw public scrape/DNS-failure attempt or assembly utility; compact dated public evidence and finalized labels preserve useful findings. Not required to recompute saved metrics.,74091,4c93d98cc21bb165f8f7da89a2bf41ac942a9b7122f57e305373bdb341740230
/workspace/scratch/d427a25ef2a1/evidence/supplemental-observations/bed73ec552bd5b0aedbce88d4c5377e1811855a0fe4dc0a7995b0f244202009a.json,temporary/scratch,,Raw public scrape/DNS-failure attempt or assembly utility; compact dated public evidence and finalized labels preserve useful findings. Not required to recompute saved metrics.,54628,0acebf55ee006de4f6b6cf656d67aa7563a66ea066bf7191d22c27f47779e7f8
/workspace/scratch/d427a25ef2a1/evidence/supplemental-observations/bfd793a55a50389ae434eeb512f83bbafcc95bfb9e1b4ad21c4824b3b00db51a.json,temporary/scratch,,Raw public scrape/DNS-failure attempt or assembly utility; compact dated public evidence and finalized labels preserve useful findings. Not required to recompute saved metrics.,37070,0441fde735cf0410af7ed1715a74c2cb4bace7bbd964160a9f66d5f4e6d86a75
/workspace/scratch/d427a25ef2a1/evidence/supplemental-observations/c1dbfb7d27284a64b197392b1f8f5779a8ea91d62133b1e745ea0c1cc4ad0ab6.json,temporary/scratch,,Raw public scrape/DNS-failure attempt or assembly utility; compact dated public evidence and finalized labels preserve useful findings. Not required to recompute saved metrics.,16103,170321cb13a32a1c659170b93f04e80fa141600df55ca6d4c5b8660f3574badc
/workspace/scratch/d427a25ef2a1/evidence/supplemental-observations/c25bc08cb2dd9785f064c4b3f03af846c7d40278e0d0c4baabd62d3ee22e890d.json,temporary/scratch,,Raw public scrape/DNS-failure attempt or assembly utility; compact dated public evidence and finalized labels preserve useful findings. Not required to recompute saved metrics.,36303,53ec60a3a28debecc445057e4f5523e31aa93b7299f8bed4c55473ee202946b7
/workspace/scratch/d427a25ef2a1/evidence/supplemental-observations/c453ecc1e157a46209c39054bbd67dcea5ca4a23be436e1b210ac088ccd43cef.json,temporary/scratch,,Raw public scrape/DNS-failure attempt or assembly utility; compact dated public evidence and finalized labels preserve useful findings. Not required to recompute saved metrics.,71191,136ec1ff09a50b62fcbd4f9649595bfd73843b39bb6d63a906bc7ad4502e10a5
/workspace/scratch/d427a25ef2a1/evidence/supplemental-observations/c4dfd1bc34597eb10e1d66ca3b469fd24e3fe142a6d2cf134aef229fc0e53b37.json,temporary/scratch,,Raw public scrape/DNS-failure attempt or assembly utility; compact dated public evidence and finalized labels preserve useful findings. Not required to recompute saved metrics.,51584,6e5e317f9eb59d64f4a6a0980f152a32f050c3670c6b36bb42f1f6614ffa3051
/workspace/scratch/d427a25ef2a1/evidence/supplemental-observations/c53c56e30654f41e1d439a68e5b21e4f56f664ccd197ed16489664a88f869fce.json,temporary/scratch,,Raw public scrape/DNS-failure attempt or assembly utility; compact dated public evidence and finalized labels preserve useful findings. Not required to recompute saved metrics.,70219,e1eeeeb219f58eb1a97cf65fc7582356e709851173ba877a98cd6b49e139f295
/workspace/scratch/d427a25ef2a1/evidence/supplemental-observations/c69001fe482a3cc5fd01b6eb1e14ac5d26e9ec85a46f956ed38ae908684daeaa.json,temporary/scratch,,Raw public scrape/DNS-failure attempt or assembly utility; compact dated public evidence and finalized labels preserve useful findings. Not required to recompute saved metrics.,50827,f809547c3359df2d3de206a4833a14aaf86b405e1fc12b51a6f47e34d5ac79ee
/workspace/scratch/d427a25ef2a1/evidence/supplemental-observations/c6bba27f19dcf69e00c967c8550ce5bb9491174554ccf6fb5e103dd0ef2b0632.json,temporary/scratch,,Raw public scrape/DNS-failure attempt or assembly utility; compact dated public evidence and finalized labels preserve useful findings. Not required to recompute saved metrics.,33268,d6fee5bf29e7ddf0b89f46b7f65de842f1533711660b47155a31d3f85ab75684
/workspace/scratch/d427a25ef2a1/evidence/supplemental-observations/c8ce8a2425ec37ad783c6819b5e6d7ec6ab73aefece61548dc4534680ec558e7.json,temporary/scratch,,Raw public scrape/DNS-failure attempt or assembly utility; compact dated public evidence and finalized labels preserve useful findings. Not required to recompute saved metrics.,25127,97467a9c7f565e503262d7f471fa326a4b7609255c70d92fa78579841bc6eeb9
/workspace/scratch/d427a25ef2a1/evidence/supplemental-observations/c8d24041a2e0e8f1f8aea367efa433f3da8288f0167f433fc5e4a9a3a76ff62b.json,temporary/scratch,,Raw public scrape/DNS-failure attempt or assembly utility; compact dated public evidence and finalized labels preserve useful findings. Not required to recompute saved metrics.,37470,7bfda01269f770b1d9873e009e8628df048f6f3d9d4f5f7c2568c3631f267ee3
/workspace/scratch/d427a25ef2a1/evidence/supplemental-observations/c9bd51360322f3336e8e73f0e2c846dbd35254bc86e4c75b56cab3698d0352e4.json,temporary/scratch,,Raw public scrape/DNS-failure attempt or assembly utility; compact dated public evidence and finalized labels preserve useful findings. Not required to recompute saved metrics.,71131,d0cb079b363aaabc827a4a7b750abc5f161565f4d75508cb7ae9766399b8eacc
/workspace/scratch/d427a25ef2a1/evidence/supplemental-observations/cc2b6dd1590288b424ef73858cf27d9e81856eba8a862d105ff931ee8470d12f.json,temporary/scratch,,Raw public scrape/DNS-failure attempt or assembly utility; compact dated public evidence and finalized labels preserve useful findings. Not required to recompute saved metrics.,8665,307bad345e182bb9c455fdcb32796c927759c5e411b72ba1547920b05d563b11
/workspace/scratch/d427a25ef2a1/evidence/supplemental-observations/cf2e00dc5bfc6906d3addfb01035d07839b626b77bc5eebae53717d7239e264f.json,temporary/scratch,,Raw public scrape/DNS-failure attempt or assembly utility; compact dated public evidence and finalized labels preserve useful findings. Not required to recompute saved metrics.,41396,02e7d0b147c66ebab68314d58550c9dd411666762d8539749b385c1197141126
/workspace/scratch/d427a25ef2a1/evidence/supplemental-observations/d066c914edcc9a5038b10366a2b2a9863cfbb6975614d2aa52e5fe74e766b536.json,temporary/scratch,,Raw public scrape/DNS-failure attempt or assembly utility; compact dated public evidence and finalized labels preserve useful findings. Not required to recompute saved metrics.,42139,bc1163798ca25dea735346e22930a945717ea69462341184ce6bc17e06738f46
/workspace/scratch/d427a25ef2a1/evidence/supplemental-observations/d482c63a38363ccf9b514d737225f058b3af0b8c762c28fa2b135630a354674e.json,temporary/scratch,,Raw public scrape/DNS-failure attempt or assembly utility; compact dated public evidence and finalized labels preserve useful findings. Not required to recompute saved metrics.,59102,dc05ab767621c78a43b34a619a920a18d0687cf3da0ab2895c5ec13bc41163a3
/workspace/scratch/d427a25ef2a1/evidence/supplemental-observations/d4e684f9d7b4ef3689278a1542c2d77d46beec578b7055c991977a327ab33fe6.json,temporary/scratch,,Raw public scrape/DNS-failure attempt or assembly utility; compact dated public evidence and finalized labels preserve useful findings. Not required to recompute saved metrics.,35529,df4cc0837d13aa13c65876db5517d6ab0476c5484fc8edf80ab55e2cf037efd1
/workspace/scratch/d427a25ef2a1/evidence/supplemental-observations/d4f8ade9b8e3cd7e44f79eba930ddaf1af1b8f6b9bc3de0370ba3ae90a193204.json,temporary/scratch,,Raw public scrape/DNS-failure attempt or assembly utility; compact dated public evidence and finalized labels preserve useful findings. Not required to recompute saved metrics.,43809,9e9692f144d51abfccb7824f25bddede002ba360d960002ff8b6b12b52273908
/workspace/scratch/d427a25ef2a1/evidence/supplemental-observations/d65f008e651d875db31e4474c1f9ecd8669019705c88b126017bf0242dee686b.json,temporary/scratch,,Raw public scrape/DNS-failure attempt or assembly utility; compact dated public evidence and finalized labels preserve useful findings. Not required to recompute saved metrics.,42151,7310d57da4d0081c47a761f6eddcf0244d219611ddaafde4ad83044d79ff1eb5
/workspace/scratch/d427a25ef2a1/evidence/supplemental-observations/dafd7af6a0a66ba2ae71311dc10a10a27047e8e19df85e795e2aaad5b1fa0e0f.json,temporary/scratch,,Raw public scrape/DNS-failure attempt or assembly utility; compact dated public evidence and finalized labels preserve useful findings. Not required to recompute saved metrics.,34391,b0e6b11f8538c6d1b2d52f363de73d07f5a887a5cbd66ccfdd7df15d74bf1887
/workspace/scratch/d427a25ef2a1/evidence/supplemental-observations/dbacc761cf4030e08a94e3419210705bd33c3999cf77a8eb450696b0bcbd5434.json,temporary/scratch,,Raw public scrape/DNS-failure attempt or assembly utility; compact dated public evidence and finalized labels preserve useful findings. Not required to recompute saved metrics.,51712,d48845967b31393ce630f6c03ed918331f4123aa90dfe2b8f538b6b850476352
/workspace/scratch/d427a25ef2a1/evidence/supplemental-observations/dc51c7a2843268596d1e167b391927f7820f8dc2fd769eea2a950b096f1b719b.json,temporary/scratch,,Raw public scrape/DNS-failure attempt or assembly utility; compact dated public evidence and finalized labels preserve useful findings. Not required to recompute saved metrics.,42629,03b7d8df9042046cd78c712b7e196dd3dba4c0fc2ac71baa05aa8838cf517f7d
/workspace/scratch/d427a25ef2a1/evidence/supplemental-observations/df1edb8b8fedb40773c576a0e1625d6e6a79f0280eb95993959d37b4bfb21f7e.json,temporary/scratch,,Raw public scrape/DNS-failure attempt or assembly utility; compact dated public evidence and finalized labels preserve useful findings. Not required to recompute saved metrics.,50708,5ef1d7c92848d74ab00242f42b609496b360557794a29c8344831d777f26c3b8
/workspace/scratch/d427a25ef2a1/evidence/supplemental-observations/e02f3afd7de83d18f84eabc7a5738255ca30c5132790cf6c6f53c9e4064dee0b.json,temporary/scratch,,Raw public scrape/DNS-failure attempt or assembly utility; compact dated public evidence and finalized labels preserve useful findings. Not required to recompute saved metrics.,9633,8ddfa086f2f7614ab067ab93b3bda19a527060d24bcdd7f1dce1c427785838b4
/workspace/scratch/d427a25ef2a1/evidence/supplemental-observations/e0e3d35cc393a3be9a4a102ea2373b8cae981b563151f9650abe104767fe394a.json,temporary/scratch,,Raw public scrape/DNS-failure attempt or assembly utility; compact dated public evidence and finalized labels preserve useful findings. Not required to recompute saved metrics.,73570,21697a6e506739efcd66b6b4113a7614f23e2ec189f9a9b485fcfef41a7d93f5
/workspace/scratch/d427a25ef2a1/evidence/supplemental-observations/e10001b106670f9904cf42a60f509ce80ebd183397a89a6ea9e1517fe5b98404.json,temporary/scratch,,Raw public scrape/DNS-failure attempt or assembly utility; compact dated public evidence and finalized labels preserve useful findings. Not required to recompute saved metrics.,57891,e09aaa178afa85a1fc3a7c14ff6615ca931a5f6090f68cdc76c5355ef7e1cdc7
/workspace/scratch/d427a25ef2a1/evidence/supplemental-observations/e1609c8dff7160982b12cb56e50a0ef7f12049a345c1aa0292cefcf79395c22f.json,temporary/scratch,,Raw public scrape/DNS-failure attempt or assembly utility; compact dated public evidence and finalized labels preserve useful findings. Not required to recompute saved metrics.,47632,b800983dc1504515c6ab26418857312fff4ed0d199541e5963dbe20544feff87
/workspace/scratch/d427a25ef2a1/evidence/supplemental-observations/e2cd4bdcd2ed89813fde92baa48bc8a4e0152b3adebf7d95c69a10e4bdd36fc4.json,temporary/scratch,,Raw public scrape/DNS-failure attempt or assembly utility; compact dated public evidence and finalized labels preserve useful findings. Not required to recompute saved metrics.,62218,60515a1caa5f07a364be8d354c899374020844c2e0114c33925f7791a8fe8e4c
/workspace/scratch/d427a25ef2a1/evidence/supplemental-observations/e4ffd3787ad7814d36e55863920daa978e6051e1efa3772e1b64be76f76f9f5f.json,temporary/scratch,,Raw public scrape/DNS-failure attempt or assembly utility; compact dated public evidence and finalized labels preserve useful findings. Not required to recompute saved metrics.,1516,5cb0ac1235ea59cef6aad3c206418d97811e141b589f369d1eb775a49195b2fc
/workspace/scratch/d427a25ef2a1/evidence/supplemental-observations/e5582aa321a5e1f8d6d6eba8f40a50046442ceebf9d09201ad683e6e20a79611.json,temporary/scratch,,Raw public scrape/DNS-failure attempt or assembly utility; compact dated public evidence and finalized labels preserve useful findings. Not required to recompute saved metrics.,60762,3e363b3e2388369be3bfc4812787b5210ef166d3be4977f8b515832828e9a44e
/workspace/scratch/d427a25ef2a1/evidence/supplemental-observations/e7942de82f5876b557f69124661cfe01778314a5bd147290b8d6d4792c59e4e8.json,temporary/scratch,,Raw public scrape/DNS-failure attempt or assembly utility; compact dated public evidence and finalized labels preserve useful findings. Not required to recompute saved metrics.,18820,868eabce17fa8942b286ee32d260e2303ba6c7bffc972df15769de412111951a
/workspace/scratch/d427a25ef2a1/evidence/supplemental-observations/e9ead1e60f32df3f012dfbb9eb06200704e66c7e7bb3435c0949684d43f08aa1.json,temporary/scratch,,Raw public scrape/DNS-failure attempt or assembly utility; compact dated public evidence and finalized labels preserve useful findings. Not required to recompute saved metrics.,7053,bb6ed911a562f30c87088acd0edb3a0525ad850f3d6e3a7704baa737b706b1d1
/workspace/scratch/d427a25ef2a1/evidence/supplemental-observations/efc5ab003354829c40e955d97dcf022bfe80637f483c771ba860dbe1b30e718d.json,temporary/scratch,,Raw public scrape/DNS-failure attempt or assembly utility; compact dated public evidence and finalized labels preserve useful findings. Not required to recompute saved metrics.,44223,1954ff7dbaa51e8428e4bba1c49510fed449dbd561a1984644df8daf4c215dae
/workspace/scratch/d427a25ef2a1/evidence/supplemental-observations/f0843eff9a82bcbf54a703fddeb712fd12b9cd2357974e295006917f3fc4d664.json,temporary/scratch,,Raw public scrape/DNS-failure attempt or assembly utility; compact dated public evidence and finalized labels preserve useful findings. Not required to recompute saved metrics.,330523,35cefaa6893459310072bd20dc9f81a98ad2b2a690779e9f108fc0acd4fc6742
/workspace/scratch/d427a25ef2a1/evidence/supplemental-observations/f0abbf8a4899fdcdae5f856b8fa48d2108402e9bb53ac2b50973101a4ff0d8ca.json,temporary/scratch,,Raw public scrape/DNS-failure attempt or assembly utility; compact dated public evidence and finalized labels preserve useful findings. Not required to recompute saved metrics.,56689,613ee5a0ba9ebf0c68da7c94f511fd72af17b5f00567f1ad64dd48925f0ce523
/workspace/scratch/d427a25ef2a1/evidence/supplemental-observations/f17e0782bf5b08b0dc4ca61bf9d73c04213d407ed16c04edd26a64534ed5b70f.json,temporary/scratch,,Raw public scrape/DNS-failure attempt or assembly utility; compact dated public evidence and finalized labels preserve useful findings. Not required to recompute saved metrics.,69058,5061ddd18c3eb9d124b701d745ec585d925feecf45e36558c06cafe4a0f23897
/workspace/scratch/d427a25ef2a1/evidence/supplemental-observations/f20e6f884fd67a4781a5089c98e4de073116f5e10c841cefbe1005adb1d1c23d.json,temporary/scratch,,Raw public scrape/DNS-failure attempt or assembly utility; compact dated public evidence and finalized labels preserve useful findings. Not required to recompute saved metrics.,111976,551a93613f834777c824b2c8d55d091ee68948d26252ef5140874bfc08a62164
/workspace/scratch/d427a25ef2a1/evidence/supplemental-observations/f229bf2d456405423671ee8054155b802c15158a61f35bf77d4d71865dab2c7d.json,temporary/scratch,,Raw public scrape/DNS-failure attempt or assembly utility; compact dated public evidence and finalized labels preserve useful findings. Not required to recompute saved metrics.,85354,1d62f15a6fcfd8fa2f4088355dbbd055e8d4cc51cd2cc94d54a72c169861cae0
/workspace/scratch/d427a25ef2a1/evidence/supplemental-observations/f32400dc165d1e717a858d4aec2401d58ded875c70d161714df30845a08f7cdb.json,temporary/scratch,,Raw public scrape/DNS-failure attempt or assembly utility; compact dated public evidence and finalized labels preserve useful findings. Not required to recompute saved metrics.,53471,840a9509ca26ac6011832cf4295bf3634b0a1396523babff55c610c3eb61dbfb
/workspace/scratch/d427a25ef2a1/evidence/supplemental-observations/f3d374be72fea01913e1062dbe262ed7a97b5756dbbb344466f9d46b044f24fd.json,temporary/scratch,,Raw public scrape/DNS-failure attempt or assembly utility; compact dated public evidence and finalized labels preserve useful findings. Not required to recompute saved metrics.,77254,42c1c38dd2e82937558c9f51cb0d8e81e488ed754e6b758f2b34a7c73f7ca112
/workspace/scratch/d427a25ef2a1/evidence/supplemental-observations/f5357a79aa0f43535558de323b06d808a43a9a08d5bc90bba3281b86f7d00771.json,temporary/scratch,,Raw public scrape/DNS-failure attempt or assembly utility; compact dated public evidence and finalized labels preserve useful findings. Not required to recompute saved metrics.,81935,711038ca0066bffecdb5ef11c553f934b1bef443ce78cef30ee1bf225adfc532
/workspace/scratch/d427a25ef2a1/evidence/supplemental-observations/f58ae57fb3460f7ca24d655bc2ed5d275bbbf4089132ed838960566aee61cd73.json,temporary/scratch,,Raw public scrape/DNS-failure attempt or assembly utility; compact dated public evidence and finalized labels preserve useful findings. Not required to recompute saved metrics.,71405,48e2b06d697b14c8bfe26c50b0fcd94d4d39afb4a9a8fca13d08972b0df095f5
/workspace/scratch/d427a25ef2a1/evidence/supplemental-observations/f5d7b910cebd88fcee6d6ad06e8fdf4d3c000fa645c5cf3d37d6c127b41fe556.json,temporary/scratch,,Raw public scrape/DNS-failure attempt or assembly utility; compact dated public evidence and finalized labels preserve useful findings. Not required to recompute saved metrics.,1336,bebff2599c2b17944e3658b2d79f6901b90b9183b9dcd49a702aa3794f32b2b5
/workspace/scratch/d427a25ef2a1/evidence/supplemental-observations/f83fc9d2e1d409c9e6a6c63687213bcf2869d46aec4b1bfa29f307e02faa3899.json,temporary/scratch,,Raw public scrape/DNS-failure attempt or assembly utility; compact dated public evidence and finalized labels preserve useful findings. Not required to recompute saved metrics.,44482,997854f781b4835816a606250a7d344d2ead0164a84e5c6eb26721ce6c2ca606
/workspace/scratch/d427a25ef2a1/evidence/supplemental-observations/f8c5a2993373503b156e8254ccc770902881a9aaba26edc29aa9a91ec0038f2a.json,temporary/scratch,,Raw public scrape/DNS-failure attempt or assembly utility; compact dated public evidence and finalized labels preserve useful findings. Not required to recompute saved metrics.,2447,45ef0e16990edf09139a78aac17a29873114cec101eb3a45ee47316fe455c1f5
/workspace/scratch/d427a25ef2a1/evidence/supplemental-observations/f9c30ce6b31f3c59e759142b0314f21984186de9b17903cbaf63a6b33cbbdfaa.json,temporary/scratch,,Raw public scrape/DNS-failure attempt or assembly utility; compact dated public evidence and finalized labels preserve useful findings. Not required to recompute saved metrics.,42436,4eb2569a92de830266422af285744fe155eeb70994357bec914876b6cab6c861
/workspace/scratch/d427a25ef2a1/evidence/supplemental-observations/fa8b65b45dd6f8d50bde67c158adebf3cd6ff6b0f22c64250d45cc1480f867d4.json,temporary/scratch,,Raw public scrape/DNS-failure attempt or assembly utility; compact dated public evidence and finalized labels preserve useful findings. Not required to recompute saved metrics.,42989,67e3f88ea61fada1d08bbd46a841543a528f04242887f71974e34a3e6909239e
/workspace/scratch/d427a25ef2a1/evidence/supplemental-observations/fbad6d33c4d6fc79a79989f9a49c5df6123e7aa581067450f9875a961254c214.json,temporary/scratch,,Raw public scrape/DNS-failure attempt or assembly utility; compact dated public evidence and finalized labels preserve useful findings. Not required to recompute saved metrics.,33710,f9f8844234ad082bafafa6924b85e175a5c252f3e018aef4d048994617548e08
/workspace/scratch/d427a25ef2a1/evidence/supplemental-observations/fcab7f36b149f6954f53a777aba385c6664438fe9cc9946335db50a21471cffd.json,temporary/scratch,,Raw public scrape/DNS-failure attempt or assembly utility; compact dated public evidence and finalized labels preserve useful findings. Not required to recompute saved metrics.,34188,d03fa686eb376c2b8ce0e8a7941cb8a78d8ca141be5fa7afdb3179701c4373f1
/workspace/scratch/d427a25ef2a1/evidence/supplemental-observations/fec636a4775010cffca6d53d60d32bc5aa8d21927b8933e554cbec43cc6a4177.json,temporary/scratch,,Raw public scrape/DNS-failure attempt or assembly utility; compact dated public evidence and finalized labels preserve useful findings. Not required to recompute saved metrics.,50039,770c35161a516988bb18ec6f8e9a3e9b1055824610a9f8d543c9f59eec08c12b
/workspace/scratch/d427a25ef2a1/evidence/supplemental-observations/ff179cdef3f4375092730276381ee4bbd2946979c114aaa379f215f1adbf8b4d.json,temporary/scratch,,Raw public scrape/DNS-failure attempt or assembly utility; compact dated public evidence and finalized labels preserve useful findings. Not required to recompute saved metrics.,37321,e4ba588879dda70fbedd45854f1d2ed52252b91cd67f97843a7d56d60aa4117f
/workspace/scratch/d427a25ef2a1/evidence/supplemental-observations/ffef7d3ea1f5009a4a3c24732c194706ad9f5dea733f4be41d54d34bbbe24d03.json,temporary/scratch,,Raw public scrape/DNS-failure attempt or assembly utility; compact dated public evidence and finalized labels preserve useful findings. Not required to recompute saved metrics.,75399,3728436b5c730404211356cbfa0fef61d885bc1509050d487aaed50e87eb8b45
/workspace/scratch/ecb90441df09/storescout-review,temporary/scratch,,Earlier checkout or Python runtime/dependencies. Application and test code already preserved in Git; no vendoring of environments/build artifacts.,,
/workspace/scratch/ecb90441df09/storescout-venv,temporary/scratch,,Earlier checkout or Python runtime/dependencies. Application and test code already preserved in Git; no vendoring of environments/build artifacts.,,
